{
"train_stat": [
[
0,
3.8419710967851723,
12.122
],
[
1,
3.3172662502054666,
20.836
],
[
2,
3.0554074686201638,
25.41
]
],
"test_stat": [
[
0,
3.445075478734849,
19.41,
0.023449680473231062
],
[
1,
3.0820354721214196,
25.64,
0.02351116228707229
],
[
2,
2.8999833396718473,
29.18,
0.02353788327567185
]
],
"params": 1885412
}