{
"train_stat": [
[
0,
1.9573941773465833,
27.158
],
[
1,
1.7061457085182599,
37.968
]
],
"test_stat": [
[
0,
1.6821371633795243,
39.79,
0.004772364338742027
],
[
1,
1.643327287480801,
41.23,
0.004671247699592687
]
],
"params": 335690
}