{"num_param": 841738, "latency": {"mean": 0.0012331828594207763, "std": 4.6241463076421216e-05}, "train_acc": [81.445, 87.18833333333333, 88.55833333333334, 89.485, 90.01166666666667, 90.64666666666666, 91.14333333333333, 91.40833333333333, 91.825, 92.09333333333333, 92.59, 92.83, 93.23666666666666, 93.31666666666666, 93.59, 93.98833333333333, 94.23666666666666, 94.335, 94.83833333333334, 95.035, 95.225, 95.545, 95.71, 96.05666666666667, 96.18666666666667, 96.49, 96.69333333333333, 96.825, 97.115, 97.27666666666667, 97.45166666666667, 97.59, 97.82166666666667, 97.96166666666667, 98.145, 98.24833333333333, 98.37333333333333, 98.47, 98.59166666666667, 98.685, 98.80166666666666, 98.88, 98.945, 98.97833333333334, 99.04833333333333, 99.08833333333334, 99.12833333333333, 99.14833333333333, 99.17, 99.13], "train_loss": [0.5413220554466048, 0.3564815974359711, 0.31664400932068626, 0.28982563867544137, 0.2713102642943462, 0.2557910643549015, 0.24234174344378212, 0.23175455172546208, 0.22143872945569457, 0.21283486334917445, 0.20278519360193362, 0.19651387407133977, 0.1857833547486613, 0.1823038763925433, 0.1742163336680581, 0.16485083262125652, 0.15733283329444628, 0.1532041061964507, 0.14400943177131315, 0.13847631440187494, 0.13107108979175489, 0.12461812970926985, 0.11938201698629806, 0.11339836196818699, 0.10816801676449056, 0.10304257632388424, 0.09635744248284027, 0.09152252849424258, 0.08673749653777728, 0.0822180482535623, 0.07788125708621617, 0.07443935269101833, 0.07003830764209852, 0.06547729017251792, 0.06218099846582239, 0.058983221187954765, 0.056079477563034746, 0.05366895444768791, 0.051296897142504655, 0.049097602098093676, 0.046408800244874635, 0.04529814544677113, 0.043647747096450376, 0.043009081885490255, 0.041230804267106576, 0.040767393347729615, 0.04015380747810317, 0.03965181370110561, 0.039544667704418925, 0.039425513591074074], "test_acc": [85.42, 87.32, 87.91, 88.43, 88.07, 88.65, 89.1, 88.91, 89.06, 89.13, 89.39, 89.37, 89.32, 89.1, 89.19, 89.53, 89.4, 89.46, 89.11, 89.28, 89.04, 89.09, 89.24, 89.21, 89.31, 88.95, 89.28, 89.26, 89.42, 89.23, 89.26, 89.34, 89.21, 89.26, 89.15, 89.43, 89.25, 89.34, 89.21, 89.02, 89.35, 89.23, 89.25, 89.28, 89.17, 89.14, 89.33, 89.32, 89.28, 89.31], "test_loss": [0.40749317303299903, 0.3591928732022643, 0.34284884624183176, 0.3285922844707966, 0.3353956614807248, 0.31661654990166427, 0.3161249923706055, 0.3155628605931997, 0.31164203815162184, 0.30880704008042814, 0.31018161624670026, 0.31037281438708303, 0.3133051270246506, 0.3193718446791172, 0.3238510684296489, 0.3167446107417345, 0.31838387545198205, 0.3276880982518196, 0.33571613013744356, 0.32835622237995266, 0.34192647103220225, 0.33927228489890693, 0.3418869494833052, 0.342564678452909, 0.344618944786489, 0.3543026620335877, 0.35586861478164794, 0.3573187712207437, 0.35921968827024103, 0.3638164755143225, 0.3713269275426865, 0.3708621007949114, 0.3743826666846871, 0.3781446787342429, 0.38414556878618894, 0.3790513850003481, 0.3845163564477116, 0.3911268788203597, 0.39020283868536354, 0.39389629472978416, 0.39271464410237966, 0.39636290916241707, 0.39594179298728704, 0.3994210809562355, 0.3986353207938373, 0.40276883654296397, 0.4019130127876997, 0.400467808553949, 0.40133847982622683, 0.3968551706243306]}