{"num_param": 754698, "latency": {"mean": 0.0006970245361328125, "std": 3.742160943429208e-05}, "train_acc": [81.805, 87.405, 89.19333333333333, 90.25833333333334, 91.20333333333333, 91.79833333333333, 92.4, 93.025, 93.51333333333334, 94.095, 94.36666666666666, 94.855, 95.29166666666667, 95.63166666666666, 96.10166666666667, 96.36333333333333, 96.57666666666667, 96.91166666666666, 97.15833333333333, 97.43, 97.685, 97.90833333333333, 98.16833333333334, 98.36666666666666, 98.51666666666667, 98.65166666666667, 98.81833333333333, 98.93833333333333, 99.10166666666667, 99.16833333333334, 99.26, 99.415, 99.51166666666667, 99.55666666666667, 99.60166666666667, 99.65166666666667, 99.725, 99.745, 99.76333333333334, 99.805, 99.83166666666666, 99.81833333333333, 99.86833333333334, 99.85333333333334, 99.88333333333334, 99.88833333333334, 99.90666666666667, 99.915, 99.91166666666666, 99.90666666666667], "train_loss": [0.5329583151141802, 0.34756804469351965, 0.29716136888290445, 0.2676897639222443, 0.2433880163077265, 0.22336916347034275, 0.20790284574963153, 0.19068465023611983, 0.17791935520557065, 0.16409481190145014, 0.15360273322168116, 0.14272312215684602, 0.1319427588256076, 0.12248891257836172, 0.11325832492051026, 0.10512334771842385, 0.0975803849621055, 0.09051020022132433, 0.08351638983081405, 0.07781730034466212, 0.07126960395020433, 0.06565310921985656, 0.059720293584590155, 0.05478926375527711, 0.04985020104601669, 0.04729799686543023, 0.043035865142786255, 0.03913369182749496, 0.03576843045069836, 0.03338792511572441, 0.03085281729057897, 0.028292704717508364, 0.0259006982469388, 0.023749221335359227, 0.022196783931576647, 0.020781008476624264, 0.01921100845182082, 0.0183393908017509, 0.017345762760572446, 0.01690395307930885, 0.015308642738479344, 0.014804542113367158, 0.014426922190565772, 0.014052370846572255, 0.01352251869936784, 0.013130645072475697, 0.013074798877739036, 0.013015157629367119, 0.012683960803066536, 0.013039865135312235], "test_acc": [85.57, 87.31, 87.61, 88.48, 88.13, 89.0, 89.17, 89.11, 89.19, 89.21, 88.84, 88.83, 89.31, 88.97, 89.06, 88.62, 88.86, 89.09, 89.08, 88.25, 89.11, 88.86, 89.08, 89.0, 89.22, 88.92, 89.26, 89.01, 89.18, 89.07, 89.03, 89.18, 89.29, 89.09, 89.3, 89.03, 89.09, 89.1, 89.2, 89.03, 89.04, 89.06, 89.06, 89.03, 89.16, 89.27, 89.1, 89.12, 89.1, 89.16], "test_loss": [0.3985331062972546, 0.3531833050400019, 0.33542650274932384, 0.3211596751958132, 0.32744284577667715, 0.31022517789155246, 0.3060805631801486, 0.3134403527155519, 0.31041602086275816, 0.3136786801740527, 0.3284870430082083, 0.32452363427728415, 0.32850483965128663, 0.3328718334436417, 0.3377245197817683, 0.3521530618518591, 0.3649535154551268, 0.3564892232790589, 0.36284570939838884, 0.3865732214599848, 0.376873865108937, 0.3918253844231367, 0.39918380793184044, 0.3988589281402528, 0.41159539759159086, 0.4143700426630676, 0.4149967259541154, 0.42528148777782915, 0.4223272068053484, 0.4365320309251547, 0.44367043424397706, 0.451944778021425, 0.4494438553787768, 0.44977492148056625, 0.4601279866322875, 0.45992984319105745, 0.4621516010444611, 0.4685437761060893, 0.46987320397049187, 0.47561265392228963, 0.4754914730042219, 0.4810088978148997, 0.4744181098602712, 0.4815572370775044, 0.4791355206631124, 0.48532329495996235, 0.480670125298202, 0.48030525727197526, 0.4839750637859106, 0.4843222288042307]}