{"num_param": 386058, "latency": {"mean": 0.0006964908599853516, "std": 3.6212085726597294e-05}, "train_acc": [81.31833333333333, 87.28666666666666, 88.73, 89.88333333333334, 90.52666666666667, 91.18333333333334, 91.74666666666667, 92.355, 92.80166666666666, 93.285, 93.76666666666667, 94.03833333333333, 94.425, 94.88, 95.18666666666667, 95.535, 95.62333333333333, 96.05333333333333, 96.28, 96.535, 96.72666666666667, 97.08666666666667, 97.28833333333333, 97.405, 97.66, 97.74166666666666, 97.985, 98.165, 98.32333333333334, 98.34333333333333, 98.53833333333333, 98.70666666666666, 98.84833333333333, 98.81333333333333, 98.95833333333333, 98.98166666666667, 99.065, 99.06333333333333, 99.175, 99.21833333333333, 99.265, 99.32166666666667, 99.32166666666667, 99.375, 99.42, 99.4, 99.45666666666666, 99.45166666666667, 99.43166666666667, 99.46], "train_loss": [0.5468374340670804, 0.3580474786274135, 0.3110437718903025, 0.28093937335535885, 0.25922155123203994, 0.24052492236408093, 0.22566411941001813, 0.20966745397696893, 0.19715739380723488, 0.1851979020051658, 0.17379159494924049, 0.164653167440556, 0.15441408745789278, 0.14570502503154178, 0.13671219789423047, 0.12798746081379553, 0.12287503585064163, 0.11358988106716424, 0.10844330182531849, 0.10099988111139585, 0.09618511100144436, 0.08889007822299998, 0.08415699028720458, 0.07967440478270874, 0.07469989844985928, 0.07122193899781754, 0.06578723985352554, 0.06189363881247118, 0.058706296460004526, 0.056485516716105244, 0.052232088982903706, 0.04988293619865241, 0.04702300170397696, 0.04548605087368439, 0.04325835910703366, 0.041290613417513666, 0.03985005890193861, 0.03890553958403568, 0.03711158705564837, 0.03582934650670116, 0.03445132301945705, 0.034008304523692155, 0.03318121632464075, 0.03233633892950214, 0.03141558432815752, 0.03155247036755706, 0.03066247535559038, 0.030333730241788242, 0.030308424494966554, 0.030441808819111127], "test_acc": [85.3, 87.02, 87.57, 88.0, 87.97, 88.17, 88.56, 88.7, 88.75, 89.02, 88.87, 88.82, 88.8, 88.6, 88.37, 89.01, 88.71, 88.81, 88.76, 88.95, 88.67, 88.7, 88.61, 88.48, 88.6, 88.58, 88.61, 88.51, 88.63, 88.72, 88.83, 88.74, 88.78, 88.66, 88.88, 88.71, 88.71, 88.6, 88.78, 88.63, 88.7, 88.57, 88.53, 88.54, 88.61, 88.69, 88.55, 88.64, 88.64, 88.62], "test_loss": [0.40746357761323454, 0.364364477545023, 0.34094025678932666, 0.33755768068134784, 0.33079816706478593, 0.326024977453053, 0.31854450833052395, 0.3207161541841924, 0.32165059618651864, 0.32672277472913264, 0.331359236240387, 0.32827103143557906, 0.3319722371548414, 0.3383092197589576, 0.3423946720547974, 0.34331414457410575, 0.35063185507431627, 0.3503045858629048, 0.3544529471732676, 0.3644314087834209, 0.3695616731233895, 0.372722956482321, 0.38480666095390914, 0.3857668676227331, 0.3938719714060426, 0.39780230350792406, 0.3950444785691798, 0.4037477346509695, 0.4129608309827745, 0.4177198350429535, 0.41480239540338515, 0.42100992634892465, 0.4230787287466228, 0.4251377374306321, 0.4322737783007324, 0.4346657107025385, 0.43871340483427046, 0.4402631925046444, 0.44155424455180764, 0.4405285492539406, 0.4424790864251554, 0.44598342806100844, 0.4464697771333158, 0.44529290959239004, 0.4459848075173795, 0.44739475153386593, 0.447993808016181, 0.44721249788999556, 0.4481505535542965, 0.4441716524586081]}