{"num_param": 386058, "latency": {"mean": 0.0006973262310028077, "std": 3.6587490554361604e-05}, "train_acc": [81.33333333333333, 87.17, 88.74333333333334, 89.90666666666667, 90.725, 91.155, 91.935, 92.34666666666666, 92.75166666666667, 93.31166666666667, 93.64, 93.98333333333333, 94.415, 94.69, 95.15, 95.43, 95.61166666666666, 96.10166666666667, 96.24333333333334, 96.52666666666667, 96.845, 96.97, 97.21166666666667, 97.37166666666667, 97.59333333333333, 97.82333333333334, 97.95666666666666, 98.04166666666667, 98.32666666666667, 98.425, 98.43666666666667, 98.57166666666667, 98.77, 98.84, 98.895, 98.99666666666667, 99.02833333333334, 99.07666666666667, 99.15166666666667, 99.16333333333333, 99.24, 99.29666666666667, 99.36666666666666, 99.35166666666667, 99.43166666666667, 99.37333333333333, 99.38666666666667, 99.42666666666666, 99.44166666666666, 99.415], "train_loss": [0.5487577494730552, 0.36049880751719077, 0.31124005718777575, 0.28065559627488257, 0.25740402353927494, 0.23993233970055977, 0.22253185583588977, 0.20943765855083862, 0.19716560275293887, 0.18460338726484526, 0.1740534901114491, 0.16406154880300164, 0.15425264984214057, 0.14605236071782807, 0.13713152119424193, 0.1295477811107412, 0.12214314567856491, 0.11411603336688131, 0.10840382003691047, 0.10196535740125304, 0.09532770386586586, 0.08992430793199067, 0.08448075354875376, 0.08060956423636526, 0.07561267710290849, 0.0704264195705764, 0.0662319931294769, 0.06357421489665285, 0.05906548461838004, 0.0554300041256162, 0.053849143891905746, 0.05028900095494464, 0.047225730992698424, 0.045043792261276396, 0.04428912309774508, 0.04159579549062376, 0.03985682598237569, 0.03884625137473146, 0.037237323243753055, 0.035999897765771796, 0.034681041962467136, 0.03374711235829939, 0.03228962890765009, 0.03215185632153104, 0.03139627971065541, 0.031954730944319935, 0.031053809399406114, 0.030884325715208737, 0.030347881976049394, 0.03094799913019718], "test_acc": [85.19, 86.95, 87.14, 87.87, 88.25, 88.24, 88.06, 88.2, 88.55, 88.89, 88.76, 88.7, 88.79, 88.83, 88.64, 88.76, 88.84, 88.92, 88.91, 88.69, 88.89, 88.96, 88.74, 88.79, 88.91, 88.88, 88.84, 88.78, 88.67, 88.95, 88.66, 88.77, 88.79, 88.85, 88.74, 88.58, 88.75, 88.72, 88.87, 88.74, 88.67, 88.77, 88.77, 88.65, 88.79, 88.76, 88.76, 88.78, 88.75, 88.57], "test_loss": [0.41070610269904134, 0.36137480206787587, 0.34419516261667016, 0.3281637736782432, 0.3214182832092047, 0.3240900582075119, 0.32180208910256625, 0.321615996286273, 0.3207997290045023, 0.3166724032536149, 0.321554982624948, 0.32581806935369967, 0.3264653091132641, 0.333138562142849, 0.33337402682751416, 0.33960198003798725, 0.3412707067653537, 0.34704577323049307, 0.3507517327368259, 0.35499983105808497, 0.3671853075176477, 0.36186414130032063, 0.36952034398913386, 0.3782814416103065, 0.37854366917163135, 0.3816433858126402, 0.3846935344673693, 0.39433696508407595, 0.3981041612848639, 0.3985815048031509, 0.4026881054975092, 0.40712233491241934, 0.40880137860774995, 0.41480123000219465, 0.4162452591396868, 0.4255988718383014, 0.42066277461126445, 0.4255592734739184, 0.4273545595444739, 0.42629512755200266, 0.4296332176402211, 0.4333290884830058, 0.4339836398884654, 0.4346569927595556, 0.43578267499804496, 0.4351240281015635, 0.4341574006713927, 0.4343407509289682, 0.440603610817343, 0.43450817273929715]}