{"num_param": 201738, "latency": {"mean": 0.000702869987487793, "std": 3.6730691440243036e-05}, "train_acc": [81.03666666666666, 86.80166666666666, 88.40166666666667, 89.54333333333334, 90.24833333333333, 90.93166666666667, 91.38833333333334, 91.92833333333333, 92.25666666666666, 92.74166666666666, 93.12166666666667, 93.33166666666666, 93.76166666666667, 94.045, 94.38666666666667, 94.61833333333334, 94.91333333333333, 95.12333333333333, 95.42333333333333, 95.725, 95.88166666666666, 96.04333333333334, 96.21, 96.45, 96.65, 96.77333333333333, 96.95, 96.99333333333334, 97.185, 97.35666666666667, 97.385, 97.63666666666667, 97.69666666666667, 97.81666666666666, 97.83833333333334, 97.96166666666667, 98.00666666666666, 98.07833333333333, 98.15166666666667, 98.215, 98.32333333333334, 98.26166666666667, 98.30666666666667, 98.365, 98.44, 98.38333333333334, 98.44166666666666, 98.41833333333334, 98.48166666666667, 98.46833333333333], "train_loss": [0.5582759815330307, 0.3706365838522712, 0.3234374343665938, 0.2929766012231509, 0.2717105683932702, 0.25343722648918626, 0.23763896335537235, 0.22418407554117342, 0.21291606058366597, 0.20108470312009255, 0.1902293409438183, 0.18308815179703136, 0.17328899656422436, 0.1653132097516209, 0.1571661174747472, 0.14948811628545325, 0.14260920748968298, 0.13741863468351465, 0.1302411997357073, 0.1252245690075991, 0.11858997968879217, 0.11412973430783799, 0.10941576563753187, 0.10439305128064007, 0.10004344773323585, 0.09753710367095968, 0.09250144155696034, 0.08902657117306566, 0.08593266780565803, 0.08265346132374059, 0.08151425172652428, 0.07635581987521922, 0.07484255171303326, 0.07153629242597769, 0.07019603037197764, 0.06776993622925753, 0.06716957095738811, 0.06548802619411921, 0.06372767387035613, 0.06258987401456882, 0.06115990842692554, 0.060515562789902715, 0.05956316194613464, 0.058682299513602626, 0.05778876157128252, 0.05788702955081438, 0.057340912152625, 0.0570301450152571, 0.05693069603915016, 0.056817772401263934], "test_acc": [85.23, 86.95, 87.62, 88.07, 88.3, 88.34, 88.44, 88.87, 88.89, 88.43, 88.83, 88.93, 88.86, 88.76, 88.92, 88.58, 88.82, 88.95, 88.57, 88.72, 88.7, 88.9, 88.73, 88.33, 88.69, 88.51, 88.58, 88.97, 88.74, 88.52, 88.53, 88.74, 88.75, 88.68, 88.87, 88.54, 88.67, 88.46, 88.78, 88.42, 88.8, 88.74, 88.75, 88.68, 88.71, 88.81, 88.58, 88.82, 88.64, 88.7], "test_loss": [0.41780315034091475, 0.36885215669870375, 0.34746159575879576, 0.33756591282784937, 0.3294264180585742, 0.3233190022408962, 0.3243285426497459, 0.318654863871634, 0.31829603981226684, 0.32366756331175567, 0.32144805587828157, 0.32526448227465155, 0.3248188368231058, 0.3296247131377459, 0.33890153892338276, 0.33625519055873154, 0.3399611848965287, 0.3450539366528392, 0.35053336057811973, 0.3500210162997246, 0.3560757183283567, 0.35769513178616763, 0.3565134924277663, 0.37152515348047016, 0.3679751839116216, 0.3728175193816423, 0.37632241018116475, 0.3784870185703039, 0.3820240723714232, 0.3819861900433898, 0.38695584069937466, 0.3888866826891899, 0.39421325627714393, 0.39617633320391177, 0.3976618894934654, 0.396182253472507, 0.40010179884731767, 0.4004059249535203, 0.401642971932888, 0.4030994591489434, 0.40130209576338527, 0.4044020115956664, 0.40550427839159964, 0.4052286069840193, 0.4041783107444644, 0.4083184653893113, 0.40853670228272676, 0.40825853087008, 0.4104851222410798, 0.4066274990141392]}