{"num_param": 1079306, "latency": {"mean": 0.0003772045850753784, "std": 3.015549314448611e-05}, "train_acc": [82.36833333333334, 87.73333333333333, 89.32166666666667, 90.355, 91.37166666666667, 92.19166666666666, 92.94333333333333, 93.52333333333333, 94.15833333333333, 94.695, 95.09666666666666, 95.74833333333333, 96.15, 96.61833333333334, 97.03, 97.27666666666667, 97.61833333333334, 97.975, 98.16, 98.30666666666667, 98.58666666666667, 98.71, 98.91333333333333, 99.14833333333333, 99.16, 99.34, 99.36333333333333, 99.5, 99.56666666666666, 99.65, 99.61833333333334, 99.735, 99.78666666666666, 99.78333333333333, 99.81666666666666, 99.86, 99.87333333333333, 99.89, 99.88833333333334, 99.91333333333333, 99.93, 99.925, 99.905, 99.94, 99.93666666666667, 99.94, 99.96, 99.95333333333333, 99.95, 99.94333333333333], "train_loss": [0.520552898099025, 0.3425486946105957, 0.29663294810801744, 0.2642653167961786, 0.23939225109294057, 0.21561017404310406, 0.19593246524222196, 0.1795443423402806, 0.16375294104218482, 0.14872447185528775, 0.13658781440462917, 0.12371491194857906, 0.11167062332155182, 0.10162048179966708, 0.0914999919796052, 0.0846474846561129, 0.07542593496153131, 0.06740643869697427, 0.06151594834945475, 0.05663071835491185, 0.050294567857830166, 0.04556651585774186, 0.0402931283347425, 0.036858202703685186, 0.03404700793364706, 0.03040711475070566, 0.027948665970082706, 0.0254423717733395, 0.023303912371241797, 0.020626313718191038, 0.019691351720442375, 0.01750279080006294, 0.016251985921311038, 0.015410547082719859, 0.014503623187289729, 0.013301856784964912, 0.012346534488800293, 0.012166116260147342, 0.011672724175441544, 0.010827633222991911, 0.010390701754852974, 0.010174855944521066, 0.010142771409494647, 0.009409551295393613, 0.009129245818427686, 0.0089884875525604, 0.008942789121113796, 0.008770451633123837, 0.008729639862043162, 0.008981708599070165], "test_acc": [85.98, 87.35, 87.58, 88.25, 88.58, 88.65, 88.72, 88.97, 89.0, 89.62, 89.35, 89.23, 89.38, 89.7, 89.57, 89.89, 89.09, 89.56, 89.6, 89.42, 89.53, 89.48, 89.46, 89.96, 89.73, 89.74, 89.73, 89.81, 89.78, 89.68, 89.77, 89.6, 89.78, 89.65, 89.89, 89.92, 89.85, 89.87, 89.94, 89.8, 89.76, 89.85, 89.85, 89.89, 89.85, 89.95, 89.87, 89.89, 89.96, 89.86], "test_loss": [0.39432791985571386, 0.3536777792870998, 0.33576231136918067, 0.31970213163644073, 0.3163211736828089, 0.3096131747215986, 0.31199692856520417, 0.3084348024427891, 0.31275771636515853, 0.3083889938890934, 0.31667835991829635, 0.321530590839684, 0.3243515010178089, 0.3223738615587354, 0.3332229248061776, 0.33163306161761286, 0.35832595875486734, 0.34434009570628404, 0.35282839998602866, 0.35996619656682016, 0.36981314089149236, 0.3785017168521881, 0.3780093353614211, 0.3794311885908246, 0.38601733077317474, 0.39306371815502644, 0.40335734507068993, 0.40481045769527557, 0.4076212364435196, 0.4161771100759506, 0.4158620899170637, 0.4207946564629674, 0.43148825524374845, 0.4289952627569437, 0.42774373995140197, 0.4320511616393924, 0.43245222194120286, 0.43863115152344107, 0.4418488707207143, 0.44183712324127555, 0.4460765538364649, 0.445636698435992, 0.4446211990714073, 0.4465062993764877, 0.44826214987784624, 0.4462543433345854, 0.4478201199695468, 0.4488109769113362, 0.44432477056980135, 0.445510843321681]}