{"num_param": 289802, "latency": {"mean": 0.0011492586851119995, "std": 4.2297018725374934e-05}, "train_acc": [71.63166666666666, 82.665, 84.89, 86.04166666666667, 86.96166666666667, 87.76333333333334, 88.29333333333334, 88.79166666666667, 89.10666666666667, 89.37833333333333, 89.76833333333333, 90.05, 90.29666666666667, 90.69, 90.76166666666667, 90.98333333333333, 91.23166666666667, 91.49, 91.83333333333333, 91.85833333333333, 92.03333333333333, 92.24, 92.335, 92.56166666666667, 92.54833333333333, 92.72166666666666, 92.89166666666667, 93.02666666666667, 93.16833333333334, 93.37, 93.28333333333333, 93.45166666666667, 93.54333333333334, 93.64666666666666, 93.665, 93.76833333333333, 93.82833333333333, 93.83166666666666, 93.955, 94.02166666666666, 94.065, 94.105, 94.03, 94.04, 94.055, 94.11833333333334, 94.11666666666666, 94.135, 94.17166666666667, 94.15], "train_loss": [0.9427108364800613, 0.5211561684310436, 0.4388814294586579, 0.39717157921443386, 0.36941602344314256, 0.34816268177703025, 0.33069635335355996, 0.3171907434426248, 0.30714152328670025, 0.2965190500828127, 0.2873008284034828, 0.27853498519708714, 0.2718994171979527, 0.26400122969721757, 0.25734978637968503, 0.25108675061414637, 0.24583280634755889, 0.2406422156157593, 0.23427581052606306, 0.23127020381080607, 0.22646622244579095, 0.22159754866113265, 0.21721727451620002, 0.21386442817747592, 0.2108014714314292, 0.2060521785945942, 0.20385433192675312, 0.20139780678475896, 0.19826080627739429, 0.1961194411246106, 0.1937837155442685, 0.19201350901896755, 0.18915839886292815, 0.1865541484237959, 0.18556761554131906, 0.18461270339166125, 0.1822483630043765, 0.18034621550701557, 0.17963308088481425, 0.17855013522009056, 0.17780418006703258, 0.17722451329541702, 0.1761556306326141, 0.1751352479122579, 0.17591766275155046, 0.1760501989768818, 0.17519061685539783, 0.17535874130514761, 0.17406377922433117, 0.1748367904809614], "test_acc": [80.21, 83.1, 84.69, 85.6, 86.1, 86.3, 86.64, 86.97, 87.1, 87.32, 87.29, 87.66, 87.87, 87.75, 87.81, 87.96, 87.71, 88.01, 88.19, 88.09, 88.44, 88.22, 88.36, 88.51, 88.35, 88.35, 88.59, 88.63, 88.69, 88.64, 88.6, 88.56, 88.56, 88.74, 88.72, 88.78, 88.67, 88.82, 88.69, 88.89, 88.6, 88.8, 88.77, 88.79, 88.7, 88.8, 88.87, 88.79, 88.78, 88.76], "test_loss": [0.6351299506425857, 0.5032503722608089, 0.44446108862757683, 0.41612743109464645, 0.39554975256323816, 0.3847139120101929, 0.3750631076097488, 0.3647645142674446, 0.3593631745874882, 0.35400738518685104, 0.348968919031322, 0.34701294243335723, 0.34216666899621484, 0.34162134014070034, 0.3383700855821371, 0.33476756017655135, 0.33484425731003287, 0.33031588707119225, 0.33244125299155713, 0.32927815083414314, 0.32821734305471184, 0.3290191699191928, 0.3291047846153379, 0.32650198090821503, 0.32662913206964733, 0.3272697749733925, 0.32598176643252375, 0.3255078412592411, 0.3255378069356084, 0.3266280144825578, 0.32645298350602386, 0.32845689725130794, 0.3269407635182142, 0.3239873567223549, 0.3275095579773188, 0.3269333270937204, 0.3260260346904397, 0.32582223895937207, 0.32611028049141166, 0.32548428390175105, 0.32639052279293534, 0.3259325687214732, 0.32533672034740446, 0.32692196302115917, 0.32577336877584456, 0.32560900345444677, 0.3274810394644737, 0.329590573720634, 0.3268815816193819, 0.32721842881292107]}