{"num_param": 280586, "latency": {"mean": 0.000376981258392334, "std": 3.0250128514458593e-05}, "train_acc": [81.15833333333333, 86.82333333333334, 88.19666666666667, 89.15333333333334, 89.96, 90.68333333333334, 91.11833333333334, 91.64166666666667, 92.09, 92.51666666666667, 92.955, 93.23, 93.64333333333333, 94.02, 94.27666666666667, 94.49833333333333, 94.875, 95.18333333333334, 95.37166666666667, 95.60166666666667, 95.75333333333333, 96.04666666666667, 96.27166666666666, 96.455, 96.65, 96.78833333333333, 96.795, 97.02833333333334, 97.14833333333333, 97.33, 97.36666666666666, 97.46833333333333, 97.52166666666666, 97.685, 97.86, 97.875, 97.86333333333333, 98.06, 97.92, 98.13, 98.175, 98.11666666666666, 98.15166666666667, 98.21333333333334, 98.24166666666666, 98.17833333333333, 98.23166666666667, 98.30333333333333, 98.29666666666667, 98.29], "train_loss": [0.5575846237565081, 0.3741033009812236, 0.3294116926069061, 0.3015702521118025, 0.27914738315468035, 0.26002192868540686, 0.24481309698118517, 0.2313553177906821, 0.2177071566817661, 0.20740333899545174, 0.19545679858420045, 0.18694407405642172, 0.17680465136344234, 0.1691420706982414, 0.1598415004182607, 0.15296690912451594, 0.1445522027555853, 0.1378756133435915, 0.13283545962690066, 0.12563014240625003, 0.1216928565595299, 0.11520064205552141, 0.11044143964303657, 0.10637024865485728, 0.1020057517895475, 0.09805631650766979, 0.09511153482987235, 0.09111588394346957, 0.08815992308004449, 0.08389544939932723, 0.08235025100254764, 0.07965374211703116, 0.07809941631974653, 0.07536304459596674, 0.07282235144947966, 0.07098835673338423, 0.07019586295199891, 0.06767637982576465, 0.06857716476311908, 0.06559889164559232, 0.06519494487030897, 0.06456410323890548, 0.06359082848376905, 0.06305081980846201, 0.0631048544232423, 0.06291602993267588, 0.06226963496611764, 0.062293242865707726, 0.06196732335258275, 0.06130265330701756], "test_acc": [84.96, 86.28, 86.98, 87.54, 87.67, 87.91, 88.1, 88.34, 88.48, 88.69, 88.89, 88.61, 88.91, 88.86, 88.74, 88.97, 88.98, 88.87, 89.02, 89.19, 88.97, 88.87, 88.82, 88.95, 88.96, 89.06, 89.1, 89.1, 88.95, 88.85, 88.66, 88.93, 89.03, 89.13, 88.96, 88.88, 88.98, 88.9, 89.04, 88.85, 89.06, 88.99, 88.97, 89.07, 88.97, 88.92, 88.91, 88.89, 88.9, 88.95], "test_loss": [0.42523757591843603, 0.3818780966848135, 0.3579572559893131, 0.3447700057923794, 0.3354179211705923, 0.33220604591071606, 0.3249791194871068, 0.3234563096240163, 0.3233952446654439, 0.32210371728986503, 0.3197041231393814, 0.3254368302598596, 0.3230630312487483, 0.32705641977489, 0.3342806679010391, 0.3344078750163317, 0.33449463233351706, 0.33498767387121914, 0.33612049613147976, 0.3401085909456015, 0.3450043546408415, 0.3459037796407938, 0.35672455810010434, 0.35748662911355494, 0.3567704799771309, 0.3583505794033408, 0.36574156742542985, 0.3668176202848554, 0.3684089073166251, 0.3737514928728342, 0.3756163104623556, 0.3764674467593431, 0.37762961685657503, 0.3797341737523675, 0.38394811276346447, 0.38258813336491587, 0.38643671717494726, 0.38587952056899666, 0.3851064397022128, 0.38688414471223953, 0.3865629349090159, 0.3885684062726796, 0.38838146533817053, 0.3886755719780922, 0.3943002835847437, 0.39027286272495987, 0.38676054049283265, 0.38779961632564663, 0.3883952357061207, 0.39027057921513914]}