{"num_param": 227338, "latency": {"mean": 0.0012371938228607179, "std": 4.814014103227251e-05}, "train_acc": [80.375, 86.14833333333333, 87.75833333333334, 88.63333333333334, 89.28166666666667, 89.77666666666667, 90.305, 90.66166666666666, 91.07666666666667, 91.53833333333333, 91.78666666666666, 92.00166666666667, 92.355, 92.54, 92.875, 93.16333333333333, 93.28166666666667, 93.59, 93.83833333333334, 93.805, 94.20166666666667, 94.35333333333334, 94.46166666666667, 94.64166666666667, 94.92333333333333, 95.03, 95.18333333333334, 95.28666666666666, 95.59, 95.605, 95.74, 95.96833333333333, 96.09833333333333, 96.145, 96.31166666666667, 96.40666666666667, 96.42166666666667, 96.49166666666666, 96.56, 96.7, 96.78666666666666, 96.87333333333333, 96.91833333333334, 96.87, 96.96166666666667, 96.925, 97.04166666666667, 97.07, 97.11833333333334, 97.1], "train_loss": [0.5727764874945084, 0.38332467701286077, 0.3395092250220478, 0.3144982266612351, 0.29350794840604066, 0.27816009796534974, 0.2646102673187852, 0.25425260230898855, 0.24162068015585342, 0.2316079436863462, 0.2240302945797642, 0.21673647290095688, 0.20821803253764906, 0.20291694093806048, 0.19486592733301222, 0.1885601739709576, 0.18329392260871827, 0.17712164698944738, 0.17109789260973532, 0.16773896378775438, 0.16118981349902847, 0.157091416415448, 0.15191184043418615, 0.14767874961253255, 0.14286815328368296, 0.13866051950802405, 0.133877084646374, 0.13204395700711757, 0.12674828253375986, 0.12440764669018488, 0.12111783729167655, 0.1174318724948292, 0.11356795657426119, 0.11187690290156752, 0.10817568652176608, 0.10674902231354887, 0.10494627661226938, 0.10317558755089218, 0.10142481655115261, 0.0991703179377752, 0.09763176645695543, 0.09523655901197343, 0.0941981550026685, 0.09499499173058817, 0.09252038221728677, 0.09310619158903137, 0.09181226242023209, 0.09135622949882721, 0.08974152256579448, 0.0915339760427984], "test_acc": [84.49, 85.48, 86.48, 87.29, 87.57, 88.05, 88.3, 88.36, 88.43, 88.15, 88.3, 88.74, 88.69, 88.84, 88.58, 89.03, 88.79, 88.92, 88.87, 88.94, 88.64, 89.05, 89.07, 88.84, 89.0, 89.18, 88.71, 89.04, 89.14, 89.08, 88.82, 88.91, 89.02, 88.97, 88.86, 88.87, 88.91, 88.77, 88.91, 88.94, 88.86, 89.01, 89.01, 88.93, 88.97, 88.81, 88.86, 88.84, 88.72, 88.91], "test_loss": [0.4277843042463064, 0.3952410090714693, 0.3615464147925377, 0.35573310773819683, 0.3378746968135238, 0.3363445594906807, 0.3260356631875038, 0.3228344714641571, 0.325014606975019, 0.32760371573269365, 0.32650773897767066, 0.3213972930237651, 0.3220482482388616, 0.3190114607289434, 0.3264835234731436, 0.3249314136430621, 0.32921289406716825, 0.32154020454734566, 0.3290992648154497, 0.32751197859644887, 0.33188417449593544, 0.33408198941498995, 0.33288735795766117, 0.33914677660912274, 0.3422866294533014, 0.33818283885717393, 0.35157124180346727, 0.34478686198592184, 0.34601214323192836, 0.3494136169552803, 0.35148601662367585, 0.3540469316393137, 0.35574084842577575, 0.3573798501491547, 0.3605582731962204, 0.3611428651586175, 0.3612749312445521, 0.36371692348271606, 0.36250911325216295, 0.36345808014273645, 0.3653737176209688, 0.36686952352523805, 0.36640507381409404, 0.36816412352025507, 0.36782396614551544, 0.36701017487794163, 0.3676314509660006, 0.36611411705613134, 0.3676642112061381, 0.3685465051978827]}