{"num_param": 32778, "latency": {"mean": 0.0004354878187179565, "std": 2.761136170497544e-05}, "train_acc": [80.165, 85.56166666666667, 86.92, 87.655, 88.445, 89.06166666666667, 89.25, 89.68666666666667, 89.93666666666667, 90.31333333333333, 90.54, 90.64833333333333, 90.975, 91.1, 91.17, 91.475, 91.48666666666666, 91.75666666666666, 91.915, 92.035, 92.09666666666666, 92.235, 92.355, 92.50833333333334, 92.61, 92.60666666666667, 92.795, 92.925, 92.91666666666667, 92.97, 93.00333333333333, 93.06666666666666, 93.13666666666667, 93.21, 93.41333333333333, 93.34333333333333, 93.34166666666667, 93.545, 93.525, 93.505, 93.45666666666666, 93.48333333333333, 93.48333333333333, 93.47833333333334, 93.63833333333334, 93.66, 93.63666666666667, 93.605, 93.60166666666667, 93.73833333333333], "train_loss": [0.5997258791824182, 0.41357352352390686, 0.37118313228090605, 0.34433841456969577, 0.32535968782380226, 0.3086723092198372, 0.2968665859475732, 0.28846318341170746, 0.27877664142598707, 0.26948991732671856, 0.26323496600613, 0.25759925176699955, 0.25172942511737345, 0.24705625025555492, 0.2405273000088831, 0.23652162901125848, 0.23182574576698245, 0.22730087535455823, 0.22372712750298282, 0.22095689326524734, 0.218778541724508, 0.21443483002483846, 0.21162362833196918, 0.20702762296423316, 0.204708907622844, 0.2042784590429316, 0.20045604616093138, 0.1972353058308363, 0.19621940684504807, 0.19538191920146347, 0.19270218481620152, 0.1918182563285033, 0.19066819809687635, 0.18850671871254843, 0.18654872249501447, 0.18485949457312623, 0.18554624230600894, 0.18189685926462212, 0.18330125285778195, 0.18125296648591757, 0.18200372234297296, 0.18056134397163986, 0.1800151562659691, 0.18130196602394183, 0.1781888197005416, 0.17706276883681615, 0.1789350728240485, 0.17739823426740864, 0.1777272888738662, 0.17752791224047543], "test_acc": [83.6, 85.36, 86.28, 86.82, 87.13, 87.53, 87.93, 88.13, 88.04, 88.53, 88.51, 88.53, 88.54, 88.66, 88.69, 88.55, 88.75, 88.82, 88.81, 88.82, 88.75, 88.85, 88.89, 88.94, 89.05, 88.87, 89.04, 89.16, 89.12, 89.14, 89.14, 89.22, 89.0, 89.27, 89.02, 89.18, 89.18, 89.19, 89.08, 89.14, 89.28, 89.34, 89.21, 89.18, 89.2, 89.2, 89.3, 89.22, 89.3, 89.11], "test_loss": [0.47016201689839365, 0.4232919643074274, 0.3888104062527418, 0.3689550519734621, 0.36338263761252165, 0.35174170896410945, 0.3459564392641187, 0.3411413924768567, 0.3378201138973236, 0.33304685505107046, 0.3322840294241905, 0.32966669715940955, 0.33087505303323267, 0.32842938164249064, 0.3253275906853378, 0.3317617767304182, 0.32433057302609086, 0.32314688853919504, 0.32413710702210663, 0.3237929245643318, 0.32438527448102833, 0.32275563560426235, 0.3261655199155211, 0.32390941923484207, 0.32367252772673966, 0.32459149008616806, 0.3207790089398623, 0.3214240668714046, 0.321751194819808, 0.32152655865997076, 0.3219529504701495, 0.32025144463405014, 0.32128296511247756, 0.32274303257465364, 0.3218861603550613, 0.32292143668979406, 0.32043882125988604, 0.3213367183879018, 0.32059300750494, 0.3217186001315713, 0.32091733438894154, 0.3213260217383504, 0.3212643359415233, 0.3203461362048984, 0.32156129568815234, 0.3196065230295062, 0.32059000482782724, 0.3220415377803147, 0.32027051657438277, 0.31989242980256677]}