{"num_param": 1079306, "latency": {"mean": 0.0003767591714859009, "std": 2.8981494925051255e-05}, "train_acc": [82.09, 87.59333333333333, 89.40833333333333, 90.38333333333334, 91.345, 92.09333333333333, 92.865, 93.48333333333333, 94.245, 94.67833333333333, 95.30333333333333, 95.65833333333333, 96.205, 96.59833333333333, 96.97833333333334, 97.33833333333334, 97.64, 97.98, 98.11166666666666, 98.435, 98.57833333333333, 98.77666666666667, 98.965, 99.09833333333333, 99.19166666666666, 99.30166666666666, 99.34166666666667, 99.48333333333333, 99.59333333333333, 99.62166666666667, 99.68666666666667, 99.75166666666667, 99.75166666666667, 99.80833333333334, 99.82, 99.83666666666667, 99.89, 99.85666666666667, 99.88833333333334, 99.90833333333333, 99.91333333333333, 99.93833333333333, 99.95333333333333, 99.93666666666667, 99.935, 99.94833333333334, 99.945, 99.95333333333333, 99.94166666666666, 99.96], "train_loss": [0.5246952189505101, 0.3470056408519546, 0.2977027978934348, 0.2662409003203114, 0.2378287804716577, 0.2169034585232536, 0.1975267284642905, 0.1809256784742077, 0.16318201455908518, 0.149097788608633, 0.1353503389408191, 0.12343001378855357, 0.11125435849341253, 0.10168102559788773, 0.09210170065363248, 0.08286448596278205, 0.07442675717795888, 0.0669718827555577, 0.06184230822953395, 0.05460036061316108, 0.050718021682696415, 0.04544503260869533, 0.039780184873961844, 0.03741216514725238, 0.03354919236211572, 0.030187264240618485, 0.02829635562064747, 0.02516765763561125, 0.02243409869222281, 0.02106503916923733, 0.01915443255061594, 0.01727517746097874, 0.016660051750562465, 0.014794388151397773, 0.014488793629570864, 0.013386289036425296, 0.012538132835228073, 0.012313681764062494, 0.01157595174270682, 0.010944352032189878, 0.01077683148595194, 0.010005688100015201, 0.009631984778873932, 0.009449104294665934, 0.009316610796474075, 0.009132059941330227, 0.009052717133211747, 0.008873470024700509, 0.00912346487918209, 0.00864947633027138], "test_acc": [85.93, 87.02, 87.91, 88.43, 88.71, 88.62, 88.95, 88.99, 88.75, 89.1, 89.3, 89.28, 89.14, 89.48, 89.53, 89.35, 89.39, 89.39, 89.51, 89.4, 89.34, 89.52, 89.3, 89.49, 89.37, 89.3, 89.55, 89.31, 89.54, 89.35, 89.42, 89.44, 89.44, 89.3, 89.55, 89.36, 89.37, 89.54, 89.56, 89.37, 89.55, 89.46, 89.49, 89.53, 89.53, 89.64, 89.67, 89.52, 89.6, 89.56], "test_loss": [0.3944979439675808, 0.3535755332559347, 0.33106261137872933, 0.3166149852052331, 0.3113666558265686, 0.31032436799257995, 0.30960724808275697, 0.31139942437410356, 0.31532613970339296, 0.3116347821056843, 0.3196933936700225, 0.3129358237609267, 0.3320741077512503, 0.32613619182258846, 0.32572828508913515, 0.33887839928269387, 0.3423895448073745, 0.35019281221553683, 0.35595443077385425, 0.37393545396625993, 0.3721926575340331, 0.3776599219441414, 0.3872445345856249, 0.38665079744532704, 0.3943345706351101, 0.40542996728792785, 0.4111951078847051, 0.4102246512286365, 0.4182639869116247, 0.41686723148450255, 0.42658962165936826, 0.42994609601795675, 0.4305221376940608, 0.4434522771835327, 0.4383357372134924, 0.4429604180715978, 0.4429309176001698, 0.44275084806606174, 0.44717400005087254, 0.4540919150784612, 0.4552573655452579, 0.4569628854840994, 0.45790785243734716, 0.45349263976328075, 0.45590624229982496, 0.4533083406370133, 0.4586345344781876, 0.45550252868793906, 0.4535569753497839, 0.4545046439860016]}