{"num_param": 32778, "latency": {"mean": 0.00043672475814819336, "std": 2.8104645237008528e-05}, "train_acc": [80.25, 85.63833333333334, 86.96833333333333, 87.80166666666666, 88.385, 89.01666666666667, 89.31833333333333, 89.67333333333333, 90.04, 90.30833333333334, 90.45666666666666, 90.725, 90.78666666666666, 91.03666666666666, 91.38333333333334, 91.445, 91.46833333333333, 91.71666666666667, 91.865, 91.86833333333334, 92.15, 92.18, 92.355, 92.40833333333333, 92.44666666666667, 92.60833333333333, 92.69833333333334, 92.76166666666667, 92.93, 92.96166666666667, 93.01, 93.05833333333334, 93.17333333333333, 93.21666666666667, 93.18333333333334, 93.22666666666667, 93.27166666666666, 93.295, 93.39166666666667, 93.46666666666667, 93.44, 93.44666666666667, 93.50333333333333, 93.455, 93.49333333333334, 93.55166666666666, 93.605, 93.50666666666666, 93.50833333333334, 93.57833333333333], "train_loss": [0.6027950826659798, 0.4143598315368096, 0.3707457052916288, 0.3437702444506188, 0.32525914659723637, 0.3101975888883074, 0.2990837124114235, 0.28883072001859544, 0.2796725675836205, 0.27133921689664325, 0.26578953785821796, 0.25928590721450745, 0.2531080992581944, 0.24735420858177046, 0.2420073920985063, 0.23869127941317855, 0.23513400151394306, 0.230438334721451, 0.22595679864442597, 0.22289488652721048, 0.21907098102693756, 0.21638048131018878, 0.21379973857974013, 0.21078129507601262, 0.20889751575266322, 0.20517862452814975, 0.20277683186655243, 0.20061196041914323, 0.198941645178323, 0.19685274363495409, 0.19587361326130728, 0.19359537035847704, 0.19072441309690474, 0.19042735773449143, 0.18931859566519657, 0.18767815926733117, 0.18773448944402238, 0.18606743515469135, 0.1853072059620172, 0.184419535145474, 0.18500045424637696, 0.1826772770502915, 0.18310626527139295, 0.18184780626868208, 0.18309243894803026, 0.1811771329989036, 0.18191329193922381, 0.18224032049067318, 0.18095164724315208, 0.18117113678405683], "test_acc": [83.86, 85.37, 86.22, 86.59, 87.02, 87.0, 87.7, 87.8, 88.27, 88.29, 88.34, 88.65, 88.32, 88.76, 88.58, 88.95, 88.53, 89.1, 89.06, 88.93, 89.15, 88.81, 89.13, 89.24, 89.27, 89.4, 89.19, 89.16, 89.33, 89.28, 89.13, 89.24, 89.15, 89.19, 89.33, 89.42, 89.48, 89.33, 89.38, 89.4, 89.43, 89.45, 89.53, 89.44, 89.46, 89.31, 89.51, 89.39, 89.46, 89.39], "test_loss": [0.46731259249150753, 0.41706065252423286, 0.3855291728675365, 0.37116634786129, 0.3646784258633852, 0.3633228551596403, 0.34604824710637333, 0.33951173681765795, 0.34096914399415257, 0.33172854483127595, 0.3297759708762169, 0.32639212571084497, 0.3280515874177217, 0.3235741062834859, 0.3234753980487585, 0.322008159942925, 0.3318969635665417, 0.32252487387508155, 0.3182553147897124, 0.31725372210145, 0.31963386852294207, 0.3226350621879101, 0.3160713128745556, 0.31683421216905117, 0.31333735041320326, 0.3152350713312626, 0.31808904506266117, 0.31638951364904644, 0.3174687308818102, 0.3185537435859442, 0.3200251531600952, 0.31709984995424745, 0.3168610080704093, 0.3179095198214054, 0.3154313124716282, 0.3138384536653757, 0.3146939738467336, 0.31448022920638324, 0.31534352131187915, 0.314685266315937, 0.31433437678962944, 0.3148680635169148, 0.3143140188977122, 0.3159762716665864, 0.3147837022691965, 0.315964576266706, 0.3158207603916526, 0.3140906417742372, 0.31430751737207174, 0.3152107243984938]}