{"num_param": 32778, "latency": {"mean": 0.0007092062473297119, "std": 3.256756178054571e-05}, "train_acc": [79.86166666666666, 85.265, 86.72, 87.505, 88.215, 88.61, 89.00333333333333, 89.30333333333333, 89.55, 89.72166666666666, 89.895, 90.26166666666667, 90.41666666666667, 90.555, 90.7, 90.76, 90.97, 91.11833333333334, 91.23166666666667, 91.235, 91.42333333333333, 91.39666666666666, 91.60166666666667, 91.77, 91.76833333333333, 91.85333333333334, 91.92666666666666, 91.99333333333334, 92.13666666666667, 92.20166666666667, 92.165, 92.33833333333334, 92.35666666666667, 92.47333333333333, 92.46333333333334, 92.50666666666666, 92.42, 92.60166666666667, 92.71333333333334, 92.73333333333333, 92.65666666666667, 92.64833333333333, 92.715, 92.74666666666667, 92.75166666666667, 92.62166666666667, 92.83333333333333, 92.68166666666667, 92.84166666666667, 92.68666666666667], "train_loss": [0.6065147038300832, 0.4211398276189963, 0.3765480007852117, 0.35213316776479286, 0.3324034646588067, 0.3197253379474084, 0.3085434825842579, 0.29818971089397867, 0.29114888261382776, 0.2841654377989471, 0.27835765954107045, 0.27195957345267135, 0.2663493646122515, 0.2609776186166952, 0.2580089260513584, 0.2527878474475195, 0.24898397585997978, 0.24593764568368595, 0.2423665549699217, 0.23878939082535605, 0.23696325616911054, 0.23420153967725735, 0.2303962152140836, 0.22699891099706293, 0.22615073092281818, 0.22444073382144172, 0.22104907932380835, 0.220144747402519, 0.2175221141707152, 0.21601288243817787, 0.21473126417646807, 0.21238685998444756, 0.21304230978091557, 0.20892750475866098, 0.20822532924823464, 0.20759751501803597, 0.20789388224172095, 0.2044802843562017, 0.20371461206426222, 0.20458778799201052, 0.20333805416710674, 0.2032794173496465, 0.20208098274034758, 0.2023928492050618, 0.20100986540007096, 0.20380342601488033, 0.20152304078141847, 0.20155490468256176, 0.19934371997291844, 0.20066875770377615], "test_acc": [83.03, 85.12, 85.95, 86.73, 86.61, 87.37, 87.39, 87.59, 87.61, 87.32, 87.62, 88.21, 88.2, 88.36, 88.44, 88.67, 88.4, 88.54, 88.51, 88.56, 88.64, 88.78, 88.82, 88.68, 88.81, 88.89, 88.74, 88.76, 89.02, 88.92, 88.74, 88.93, 89.03, 89.08, 88.91, 89.11, 89.26, 89.02, 89.1, 89.22, 89.15, 89.16, 89.22, 89.12, 89.22, 89.18, 89.03, 89.1, 89.13, 89.13], "test_loss": [0.48189326211810113, 0.4211555293947458, 0.3961662222445011, 0.37585913069546223, 0.3716044630110264, 0.35872525818645956, 0.3569615611806512, 0.34843819063156845, 0.3453292042762041, 0.3490544889867306, 0.34824170973151924, 0.3387015650048852, 0.3358280966617167, 0.33049737142398955, 0.3289357141032815, 0.3283819110505283, 0.3279228901863098, 0.33050483049824836, 0.3242156179063022, 0.3298501142859459, 0.32339084085077047, 0.32318303782492874, 0.3201887194812298, 0.3238648881390691, 0.3231288280338049, 0.32521896313875914, 0.32445111352950334, 0.3206759048998356, 0.31890824949368834, 0.3188372909091413, 0.32332666393369436, 0.32274653946980836, 0.31946911823004487, 0.32109284060075877, 0.31986212100833655, 0.32098972611129284, 0.31638567788526417, 0.32014140078797937, 0.3191194966249168, 0.3181263716891408, 0.31934408666566017, 0.3178128810971975, 0.3178306903503835, 0.3184371352009475, 0.31819138610735537, 0.318310069590807, 0.3189777257293463, 0.3206849456951022, 0.31939253145828844, 0.3167040299624205]}