{"num_param": 1061898, "latency": {"mean": 0.00017119882106781005, "std": 2.189050478334043e-05}, "train_acc": [84.44333333333333, 87.81, 89.11166666666666, 89.94166666666666, 90.775, 91.61833333333334, 92.02166666666666, 92.62666666666667, 93.17833333333333, 93.72166666666666, 93.97166666666666, 94.59333333333333, 94.84666666666666, 95.21333333333334, 95.67, 95.90166666666667, 96.21166666666667, 96.52, 96.825, 96.95833333333333, 97.20333333333333, 97.49166666666666, 97.62166666666667, 97.90333333333334, 98.05, 98.31, 98.445, 98.57, 98.81333333333333, 98.91, 99.06333333333333, 99.10166666666667, 99.26833333333333, 99.37333333333333, 99.44333333333333, 99.52833333333334, 99.54666666666667, 99.63833333333334, 99.72, 99.74166666666666, 99.76, 99.805, 99.83166666666666, 99.83333333333333, 99.86333333333333, 99.86166666666666, 99.89, 99.90333333333334, 99.885, 99.93], "train_loss": [0.43724111604193844, 0.3362179865750174, 0.29865257278705637, 0.2717159278752903, 0.25208713322567444, 0.23024052343641718, 0.2158692285170158, 0.2001990267712002, 0.1855805163240681, 0.17340692929768314, 0.16255437861041477, 0.1487867288198322, 0.1428719343058765, 0.13211712017965813, 0.1217568656251145, 0.11304915726262456, 0.10653259373114755, 0.09732939961443966, 0.09111420778247217, 0.08578693917079364, 0.0806655504333321, 0.07260444656247272, 0.06926369376053723, 0.0627550205704756, 0.05796082802951181, 0.052369717533389724, 0.04816490447148681, 0.04453158052250122, 0.038757992774383944, 0.036406186340900606, 0.032610342387342825, 0.03069910594912168, 0.027226124277318985, 0.024428095713859267, 0.021957281635307784, 0.020266448374507792, 0.018974582403316162, 0.01730764432553163, 0.015575875925666576, 0.01443394973714021, 0.013421377007422658, 0.012297794351664683, 0.011895267625125902, 0.011279410926508717, 0.010502174857635205, 0.010172534688026645, 0.0099680296125977, 0.009547071683822045, 0.009785387236915995, 0.009168014164897613], "test_acc": [86.6, 86.89, 88.16, 88.36, 87.91, 86.4, 88.33, 88.22, 88.33, 87.75, 88.66, 89.33, 89.16, 88.81, 89.35, 89.11, 89.23, 88.65, 88.48, 89.23, 89.88, 89.27, 89.25, 88.15, 87.17, 89.18, 89.52, 89.58, 89.77, 89.59, 89.89, 89.73, 89.61, 89.89, 89.88, 89.82, 90.06, 90.0, 89.9, 90.23, 90.24, 90.25, 90.28, 90.1, 90.26, 90.25, 90.15, 90.28, 90.32, 90.23], "test_loss": [0.37370061114430425, 0.3676444824784994, 0.33331686809659006, 0.3245535796135664, 0.33501200016587973, 0.3846400851011276, 0.3428357516787946, 0.32446557698771356, 0.34726546596735713, 0.3616677897423506, 0.34563799753785135, 0.34454437796026466, 0.3470529240556061, 0.3473801001533866, 0.3445818631723523, 0.34526234559714797, 0.3494301578588784, 0.38317771807312967, 0.4179175989702344, 0.37283049162477255, 0.36699228474870327, 0.38987863201648, 0.37832898315042257, 0.4503083466552198, 0.47527735743671656, 0.4271215493604541, 0.40386529127135873, 0.4102965525723994, 0.4054950972273946, 0.4291952225007117, 0.41914874481502923, 0.42281931031495334, 0.4352366896066815, 0.42966636635363104, 0.4235930681414902, 0.4593652444658801, 0.43716955875977875, 0.44957690094597635, 0.4396839431580156, 0.43164967486634853, 0.4425668502226472, 0.4445214468985796, 0.4399001529440284, 0.4486130640283227, 0.45024303482845424, 0.4454498902708292, 0.44688505919650195, 0.44836562721058726, 0.44492864156141876, 0.4492178747802973]}