{"num_param": 1061898, "latency": {"mean": 0.00017075674533843994, "std": 2.1935402794331156e-05}, "train_acc": [84.31833333333333, 87.84166666666667, 89.01333333333334, 89.95666666666666, 90.74833333333333, 91.45833333333333, 91.98166666666667, 92.575, 93.005, 93.49333333333334, 94.045, 94.52, 94.82166666666667, 95.15333333333334, 95.585, 95.83, 96.21833333333333, 96.465, 96.71333333333334, 96.955, 97.15666666666667, 97.46833333333333, 97.58666666666667, 97.93166666666667, 98.07, 98.265, 98.38666666666667, 98.52833333333334, 98.71666666666667, 98.92, 98.95666666666666, 99.12833333333333, 99.22, 99.28333333333333, 99.405, 99.47166666666666, 99.55833333333334, 99.575, 99.68166666666667, 99.685, 99.74833333333333, 99.77333333333333, 99.80166666666666, 99.835, 99.865, 99.87, 99.875, 99.87333333333333, 99.87166666666667, 99.885], "train_loss": [0.437890131448706, 0.3347092094955345, 0.2996669360498587, 0.27335650716287396, 0.2503693803182493, 0.2319614749122411, 0.21859019212735195, 0.20177433969763417, 0.18854497934381168, 0.17664537767724445, 0.16261955625688038, 0.15125615880669405, 0.1423630176872636, 0.1328276652485753, 0.12415036627479518, 0.11596531697781756, 0.10597887394716964, 0.10020131959269445, 0.0941379831226853, 0.0865801315351079, 0.07983281097064415, 0.07327622650424019, 0.06966101345838979, 0.062235574738588186, 0.056806176187625776, 0.053480021181943206, 0.049726935184250275, 0.0449768709038229, 0.04143884630524553, 0.03717423246746572, 0.034109100760930836, 0.030521797433902976, 0.028136154747141214, 0.026389812083216384, 0.023120726209308485, 0.02193131460332855, 0.01981832026600993, 0.018019647900606894, 0.015976722387664875, 0.015669432045445623, 0.014024216530427415, 0.013262627349516455, 0.012497977611007323, 0.01160128715171595, 0.010945086471328977, 0.010852693069852344, 0.01053571400635216, 0.010262822195703241, 0.010142375756404363, 0.01005567042021236], "test_acc": [86.2, 85.63, 88.17, 87.19, 88.64, 88.14, 88.42, 87.75, 88.69, 89.03, 88.96, 89.58, 89.26, 89.14, 88.4, 89.0, 89.28, 89.56, 89.57, 89.56, 89.13, 89.31, 89.61, 89.21, 90.12, 89.66, 89.15, 90.11, 89.74, 89.6, 90.18, 90.11, 89.76, 90.13, 89.45, 90.15, 89.9, 90.0, 90.23, 90.31, 90.17, 90.31, 90.19, 90.23, 90.28, 90.26, 90.28, 90.34, 90.53, 90.29], "test_loss": [0.3806500895321369, 0.387122330032289, 0.33119882106781007, 0.3596447941660881, 0.3170322341658175, 0.33679805472493174, 0.3342807356826961, 0.3523029071651399, 0.3309532178379595, 0.31749301427043974, 0.33668666530400515, 0.3253654737211764, 0.3390618746727705, 0.3372362500987947, 0.3650715066865087, 0.36203268830664453, 0.3515221293643117, 0.36336872678250076, 0.3573705806583166, 0.3804300253652036, 0.3848000433668494, 0.3859704796038568, 0.3822486173175275, 0.39999992607161405, 0.3802469372563064, 0.38124454658478496, 0.42670100999996063, 0.40475391967222096, 0.4128640948794782, 0.4303138549439609, 0.4075115677341819, 0.4139967073313892, 0.41376644844189286, 0.41273349430412054, 0.4393473171349615, 0.42614063922315837, 0.443115025870502, 0.4368328184820712, 0.42929958885535596, 0.4432424966059625, 0.4427075792942196, 0.4371449303254485, 0.4390809130109847, 0.44713899932801726, 0.4483257690630853, 0.44154488323256375, 0.4429077310394496, 0.442797177080065, 0.44759231969714164, 0.44973387360572814]}