{"num_param": 77834, "latency": {"mean": 0.00026871678829193114, "std": 2.5740457209495975e-05}, "train_acc": [82.44666666666667, 87.125, 88.40166666666667, 89.3, 90.03666666666666, 90.705, 91.19666666666667, 91.59333333333333, 92.025, 92.36166666666666, 92.71, 93.05333333333333, 93.39833333333333, 93.67666666666666, 94.00833333333334, 94.10666666666667, 94.52666666666667, 94.70166666666667, 94.91666666666667, 95.11333333333333, 95.29, 95.44333333333333, 95.79166666666667, 95.995, 95.99333333333334, 96.245, 96.30166666666666, 96.45666666666666, 96.665, 96.72333333333333, 96.92166666666667, 96.955, 97.13166666666666, 97.17, 97.34666666666666, 97.29666666666667, 97.32833333333333, 97.48333333333333, 97.595, 97.61666666666666, 97.645, 97.67, 97.75333333333333, 97.80833333333334, 97.81833333333333, 97.96333333333334, 97.86666666666666, 97.915, 97.92166666666667, 97.945], "train_loss": [0.5238415530199806, 0.3658176296080152, 0.3260652198207875, 0.29802619842812417, 0.2774785717514654, 0.25910164361198745, 0.24449099062941967, 0.233360549332574, 0.2204503389634192, 0.21188401709621152, 0.2015680944764366, 0.1936491576054444, 0.18365111793701847, 0.17731390532882263, 0.16838513602813085, 0.16310713260434567, 0.15459020101465284, 0.1491042197138692, 0.14389814480983962, 0.13813064239763964, 0.1337895680963993, 0.12921605911571532, 0.12249578894115984, 0.11973107159292946, 0.11489042031423499, 0.11043653297238051, 0.10753151692605267, 0.10421657999356587, 0.10106221221853047, 0.0973791868162031, 0.09447627516230568, 0.09177730043108265, 0.08947645785519853, 0.08741002092603595, 0.08481874575528006, 0.08375169471139088, 0.0821315374248661, 0.08025351554931452, 0.07865719774737955, 0.07716226930497214, 0.07707331913212935, 0.07597869550421213, 0.07438251828153929, 0.07350488274202993, 0.07369160345445076, 0.07188470624309654, 0.07256011283374392, 0.07208977673047533, 0.0722892291060028, 0.07163419131422416], "test_acc": [85.27, 86.46, 87.39, 87.77, 88.08, 88.49, 88.9, 88.87, 89.09, 89.05, 89.1, 89.25, 89.18, 89.34, 89.05, 89.21, 89.54, 89.57, 89.22, 89.65, 89.47, 89.41, 89.17, 89.64, 89.53, 89.19, 89.53, 89.52, 89.44, 89.47, 89.46, 89.66, 89.47, 89.6, 89.43, 89.6, 89.61, 89.5, 89.72, 89.66, 89.7, 89.57, 89.53, 89.57, 89.55, 89.68, 89.62, 89.65, 89.6, 89.74], "test_loss": [0.4205644388496876, 0.3781736911833286, 0.3555417747423053, 0.3480337607860565, 0.3337698496133089, 0.3202170022577047, 0.3162837319076061, 0.3117649568989873, 0.3116313899680972, 0.31234664538875223, 0.30521294081583616, 0.3104759504646063, 0.30727416727691886, 0.3059822582453489, 0.3215722979605198, 0.3176628478430212, 0.30925542447716, 0.31233508300036195, 0.324748773612082, 0.3213843366317451, 0.3179096268862486, 0.3180421059578657, 0.32437410557642576, 0.3250625515542924, 0.32371675126254557, 0.3346352041512728, 0.3279434030875564, 0.3318386623263359, 0.32874980855733155, 0.33123359171673655, 0.33344064202159646, 0.33457886004820464, 0.33561927342787384, 0.33215381087735296, 0.335418578479439, 0.3368141692690551, 0.34210257171653213, 0.3418505829572678, 0.34013935070484874, 0.3401426219381392, 0.3398156563565135, 0.3414052151702344, 0.3412821955047548, 0.34084455052390694, 0.34014042822644114, 0.34146096513606605, 0.3394361042696983, 0.34112886238843204, 0.34242112828418614, 0.3397447195276618]}