{"num_param": 754698, "latency": {"mean": 0.0006968660593032837, "std": 3.652960111691793e-05}, "train_acc": [81.77333333333333, 87.53166666666667, 89.13166666666666, 90.155, 91.10833333333333, 91.86333333333333, 92.50833333333334, 93.13, 93.50333333333333, 94.07666666666667, 94.54, 94.93, 95.285, 95.65833333333333, 96.08333333333333, 96.35, 96.67666666666666, 96.98833333333333, 97.27333333333333, 97.44333333333333, 97.72666666666667, 97.96333333333334, 98.12666666666667, 98.415, 98.46833333333333, 98.62333333333333, 98.76833333333333, 99.01166666666667, 99.04833333333333, 99.20333333333333, 99.245, 99.315, 99.44333333333333, 99.525, 99.55833333333334, 99.68, 99.67333333333333, 99.73666666666666, 99.75166666666667, 99.78833333333333, 99.81666666666666, 99.825, 99.86666666666666, 99.86166666666666, 99.88333333333334, 99.87333333333333, 99.89833333333333, 99.92666666666666, 99.90166666666667, 99.90833333333333], "train_loss": [0.5337802647054195, 0.3459854739283522, 0.2984970139991492, 0.26773527391875784, 0.2448626737141361, 0.22335881545208394, 0.20640618884004652, 0.18949245147717494, 0.17762477472734947, 0.16499712738518912, 0.15228083192991715, 0.14241365683885912, 0.13269936923403292, 0.12206493042098979, 0.11412448978051543, 0.10556788660585881, 0.09695180538265656, 0.08951341172369819, 0.08373464817297645, 0.07744589761132374, 0.07048102115901808, 0.06521833800400297, 0.0603165115598434, 0.05405944243694345, 0.05170061617119548, 0.04632982428379667, 0.04368143490806688, 0.03932030316481056, 0.03654790024796967, 0.03313121809701746, 0.031323079361075847, 0.028804656747573366, 0.02572378268407192, 0.024335403562290595, 0.022741682720176567, 0.020722973199444824, 0.019707675372774246, 0.018551971020836694, 0.0179225090596204, 0.016309974744023445, 0.015540016342226105, 0.01500795794078537, 0.014205899422910685, 0.014101260804842848, 0.013731618095286346, 0.013633399185491725, 0.013203400651157911, 0.012836890920783238, 0.01274627699657382, 0.012350318030512427], "test_acc": [85.3, 87.11, 87.88, 87.93, 88.76, 88.83, 88.8, 88.91, 89.04, 88.83, 89.19, 89.18, 89.44, 89.28, 89.29, 89.5, 89.55, 89.17, 89.18, 89.16, 89.21, 89.26, 89.29, 89.33, 89.3, 89.23, 89.34, 89.13, 89.26, 89.17, 89.18, 89.27, 89.45, 89.33, 89.27, 89.22, 89.48, 89.35, 89.32, 89.19, 89.3, 89.36, 89.3, 89.4, 89.33, 89.41, 89.22, 89.37, 89.29, 89.28], "test_loss": [0.4072173946350813, 0.3582546669244766, 0.33506581638008354, 0.3314765126630664, 0.3190539035387337, 0.3167565332353115, 0.31197964899241926, 0.31448779014870526, 0.31748619671911, 0.32064103819429873, 0.319932745937258, 0.3282893575914204, 0.33181454831734297, 0.33733237942680716, 0.3414617273956537, 0.3469329423829913, 0.3492755861207843, 0.37461010828614233, 0.362154989130795, 0.3735239304788411, 0.3710635972768068, 0.3807674681954086, 0.3861544131301343, 0.3984504454024136, 0.3949752966873348, 0.4129940979741514, 0.4024014926329255, 0.41716242115944624, 0.41960778707638385, 0.43503363339230416, 0.43403200248256324, 0.43618117570877074, 0.43791429353877903, 0.4457954928651452, 0.44785926746204496, 0.4544303933810443, 0.45322819787077606, 0.4642688535153866, 0.463871034681797, 0.4621270863339305, 0.4643552633840591, 0.4683244859240949, 0.4723574903886765, 0.4727903029229492, 0.46735501625575127, 0.466972781708464, 0.46775870444253087, 0.4732054575718939, 0.47244103861041364, 0.47147131755016747]}