{"num_param": 280586, "latency": {"mean": 0.00037844681739807127, "std": 3.2834436075367735e-05}, "train_acc": [81.57166666666667, 86.77666666666667, 88.16166666666666, 89.21166666666667, 89.89833333333333, 90.52166666666666, 91.16333333333333, 91.655, 92.19333333333333, 92.665, 92.96166666666667, 93.45166666666667, 93.70666666666666, 94.06666666666666, 94.33833333333334, 94.6, 94.90166666666667, 95.13333333333334, 95.39333333333333, 95.65, 95.78, 96.10833333333333, 96.38666666666667, 96.47, 96.72166666666666, 96.835, 96.99666666666667, 97.12333333333333, 97.22, 97.29833333333333, 97.485, 97.54, 97.66166666666666, 97.69833333333334, 97.83666666666667, 97.80166666666666, 97.88833333333334, 97.99666666666667, 98.05, 98.07, 98.09, 98.115, 98.185, 98.22833333333334, 98.29666666666667, 98.21833333333333, 98.25166666666667, 98.29333333333334, 98.29666666666667, 98.26], "train_loss": [0.5463908797999223, 0.37186986142769457, 0.3279665864817798, 0.29767383116607865, 0.27625462078178925, 0.25872982271326084, 0.24187814308330416, 0.22967164220909278, 0.21622996171315512, 0.2051328231456379, 0.19636793200857938, 0.18378178788659474, 0.17685413188921909, 0.16758238608793666, 0.15947407528292387, 0.15249781690227487, 0.14477274370845408, 0.13863648082284877, 0.13219214824493974, 0.12611340335880716, 0.12056409346405417, 0.11435219938789185, 0.10933262219807754, 0.10620740861864761, 0.10121148197523629, 0.09699580682674423, 0.09370658622899403, 0.08985006100032479, 0.0874709153547883, 0.08468130371145283, 0.08106232155114412, 0.07879755912891899, 0.07668732171645389, 0.07518999704237407, 0.07235209690639749, 0.07095415089551049, 0.06956119106383994, 0.06873916427682464, 0.06680784641687448, 0.06613539373346915, 0.06536832473007963, 0.06450103501440026, 0.06381872664516171, 0.06339910268007468, 0.06237030070430289, 0.06245693885876487, 0.06167995749274269, 0.061329944768610097, 0.061398555006211004, 0.06208463662924866], "test_acc": [85.11, 86.46, 87.16, 87.54, 87.72, 87.9, 88.34, 88.22, 88.34, 88.57, 88.79, 88.9, 88.7, 88.84, 88.92, 88.76, 89.02, 89.06, 88.97, 88.87, 88.99, 89.18, 89.08, 89.15, 89.21, 89.05, 89.15, 89.01, 89.13, 89.25, 89.28, 89.08, 89.2, 89.13, 89.2, 89.23, 89.08, 89.13, 89.1, 89.3, 89.08, 89.0, 89.26, 89.1, 89.15, 89.29, 89.17, 89.13, 89.19, 89.21], "test_loss": [0.4185897495597601, 0.37137632731348275, 0.35152114763855935, 0.33872920848429205, 0.3323425468057394, 0.33031851273030044, 0.32415847323834895, 0.321041838042438, 0.316709100920707, 0.32181948218494655, 0.31884126091375947, 0.31892415791749956, 0.3247741186246276, 0.3199775203317404, 0.32144214583560826, 0.32606638202443716, 0.3291067590564489, 0.3298320128582418, 0.33069175109267235, 0.3413630798459053, 0.34034482926130294, 0.3384119643457234, 0.34254648542031646, 0.3456272789463401, 0.3468180149793625, 0.3490492179058492, 0.35320195607841015, 0.3555371584184468, 0.36147815458476545, 0.3597275257855654, 0.36432059295475483, 0.3645442517288029, 0.3662509575486183, 0.3657219168171287, 0.3704331128485501, 0.3667776834592223, 0.3704370270110667, 0.3702644325233996, 0.37458116076886655, 0.3743849754706025, 0.3737801202945411, 0.3763011554628611, 0.37495644751936197, 0.3724627824500203, 0.37393605364486576, 0.3772956895828247, 0.37179123574867845, 0.37495181802660227, 0.37401559928432104, 0.37476228887215257]}