{"num_param": 1079306, "latency": {"mean": 0.0003775169610977173, "std": 3.0473090266129387e-05}, "train_acc": [82.28, 87.615, 89.19166666666666, 90.29333333333334, 91.37166666666667, 92.105, 92.845, 93.40333333333334, 94.05666666666667, 94.48, 95.145, 95.66333333333333, 96.04666666666667, 96.405, 96.86, 97.15666666666667, 97.4, 97.73833333333333, 97.91833333333334, 98.115, 98.40833333333333, 98.61, 98.77333333333333, 98.915, 99.07, 99.19833333333334, 99.265, 99.34166666666667, 99.45166666666667, 99.56, 99.59166666666667, 99.64, 99.69333333333333, 99.72833333333334, 99.77333333333333, 99.80166666666666, 99.82666666666667, 99.84833333333333, 99.865, 99.865, 99.90333333333334, 99.90333333333334, 99.88666666666667, 99.90833333333333, 99.93166666666667, 99.915, 99.93166666666667, 99.93666666666667, 99.93333333333334, 99.92], "train_loss": [0.5207157556091746, 0.34521712551514305, 0.2975428829776744, 0.2669935689494014, 0.23862639846590658, 0.21775944898525873, 0.19926047672207156, 0.18288035472854972, 0.16625790329029164, 0.15264043666267146, 0.1386964747713258, 0.12707802722851436, 0.11661488510668278, 0.10564885141095147, 0.09571012379213546, 0.08717254569909225, 0.07904202062714225, 0.07231803852599114, 0.06638075824438905, 0.06121918552593949, 0.054484156215330586, 0.04982314937437574, 0.0455875150692494, 0.041346950822820264, 0.03701604641663531, 0.03430371079671507, 0.030800842998044874, 0.029364751520527838, 0.026529936877389748, 0.023820673709657663, 0.022454447403142695, 0.02046904007225142, 0.0195690566014188, 0.01809673721155074, 0.016199313171091488, 0.015625818960834294, 0.014518849349115045, 0.014198708237187626, 0.013395866531839905, 0.012777288415042373, 0.012242538143667237, 0.011768673653132283, 0.011707654836742827, 0.01110076677253043, 0.010843655501666945, 0.011073256479915776, 0.010822509216037966, 0.010535653461653662, 0.01051953808031006, 0.010330487097380683], "test_acc": [85.68, 86.98, 87.71, 88.31, 88.97, 88.89, 88.95, 89.22, 89.24, 89.41, 89.33, 89.11, 89.29, 89.11, 89.45, 89.44, 89.51, 89.5, 89.57, 89.44, 89.45, 89.74, 89.75, 89.04, 89.58, 89.51, 89.39, 89.44, 89.32, 89.49, 89.62, 89.4, 89.63, 89.63, 89.63, 89.57, 89.74, 89.65, 89.64, 89.74, 89.64, 89.53, 89.74, 89.8, 89.65, 89.64, 89.57, 89.71, 89.69, 89.67], "test_loss": [0.3975876937806606, 0.35058198221027853, 0.33338927261531354, 0.3196663352102041, 0.30916650608181956, 0.31077196922153233, 0.309691651687026, 0.3052841183543205, 0.3067131601646543, 0.30502578888088466, 0.31478572931140664, 0.3240418483316898, 0.3196166146174073, 0.3349399810656905, 0.3381374801695347, 0.32996161755174397, 0.3411039759591222, 0.3515367827564478, 0.35650743629783394, 0.36326471652835607, 0.37021537352353334, 0.3709995661303401, 0.37952599305659535, 0.39124223571270705, 0.38653584191575646, 0.39087969487532975, 0.40527389336377384, 0.4092742039076984, 0.41602606166154144, 0.4161711961962283, 0.4154755953885615, 0.4282579624466598, 0.42549769578501584, 0.433231214787811, 0.43567968863993883, 0.4378458993323147, 0.4409557886794209, 0.44705820608884095, 0.4428523587435484, 0.4498765300214291, 0.4470832933858037, 0.4481229587085545, 0.4504550033994019, 0.4512636224925518, 0.45225025361403826, 0.45458320116624235, 0.45388785790652036, 0.4514168865419924, 0.45220375176519156, 0.45231681248173117]}