{"num_param": 125962, "latency": {"mean": 0.0011452015876770019, "std": 4.444838349212806e-05}, "train_acc": [69.79666666666667, 80.89833333333333, 83.32333333333334, 84.74833333333333, 85.59333333333333, 86.35666666666667, 86.85666666666667, 87.405, 87.78833333333333, 87.95, 88.32666666666667, 88.54333333333334, 88.72833333333334, 88.91333333333333, 89.11833333333334, 89.37666666666667, 89.31666666666666, 89.68333333333334, 89.82333333333334, 89.915, 90.06833333333333, 90.15333333333334, 90.27666666666667, 90.40166666666667, 90.315, 90.48, 90.625, 90.58666666666667, 90.73166666666667, 90.80333333333333, 90.76166666666667, 90.825, 91.05166666666666, 91.00666666666666, 91.03333333333333, 90.97666666666667, 91.22333333333333, 91.09833333333333, 91.19666666666667, 91.175, 91.215, 91.05833333333334, 91.29333333333334, 91.25166666666667, 91.35, 91.20666666666666, 91.29666666666667, 91.28833333333333, 91.245, 91.28833333333333], "train_loss": [1.0334808668742577, 0.5828964917113384, 0.48541219549874465, 0.4371254106114308, 0.4085305195550124, 0.38751904528588055, 0.37195990821967523, 0.3583818211282293, 0.3480669792865713, 0.338661145567894, 0.33034643383696677, 0.3230091849528253, 0.31572766744842135, 0.31033060744404795, 0.3047170271538198, 0.2980956810961167, 0.29498485089590154, 0.290467906439056, 0.2862844366704424, 0.28281915716826916, 0.27878485397125286, 0.2759589808589468, 0.2727422285079956, 0.2697822494680683, 0.26904023087273043, 0.26525182712823153, 0.26345932891902824, 0.26071430565789344, 0.25855514058222373, 0.25746350264176726, 0.2567571503762156, 0.2559003326638291, 0.25241649793771403, 0.2513639352098107, 0.2503070471063256, 0.24981203977639477, 0.24827981733406584, 0.2490620839347442, 0.24722322536632418, 0.24699149700812995, 0.24550858057724934, 0.24652566069116194, 0.24536045403530202, 0.24610905115182202, 0.24473971559976537, 0.2448452653735876, 0.24503620299200216, 0.24467655607809624, 0.24530053513124586, 0.24438661807527146], "test_acc": [78.54, 81.96, 83.67, 84.65, 85.33, 85.68, 86.06, 86.28, 86.48, 86.78, 87.26, 87.07, 87.28, 87.55, 87.73, 87.92, 87.8, 87.93, 88.14, 88.25, 88.29, 88.26, 88.51, 88.44, 88.44, 88.56, 88.46, 88.59, 88.43, 88.62, 88.69, 88.64, 88.6, 88.8, 88.67, 88.74, 88.59, 88.66, 88.83, 88.66, 88.66, 88.73, 88.75, 88.71, 88.7, 88.69, 88.79, 88.71, 88.65, 88.7], "test_loss": [0.6987860625982285, 0.5458886471390724, 0.4845884007960558, 0.44587376780807975, 0.42135837525129316, 0.4051940368115902, 0.3922956480830908, 0.38363750986754896, 0.3749606600403786, 0.3687029404938221, 0.3602820211648941, 0.3584135140478611, 0.35395285237580537, 0.34849762354046104, 0.3443669492006302, 0.3417675162479281, 0.3396437861025333, 0.3375888609141111, 0.3342536073923111, 0.33179731737822293, 0.3311177895590663, 0.3300502409413457, 0.32670121155679227, 0.3272331480681896, 0.3251428156346083, 0.32490487713366745, 0.32330640096217395, 0.3227991363033652, 0.32164866629987954, 0.32167069979012014, 0.32028644684702157, 0.3188133179023862, 0.32026361364871264, 0.31847448892891406, 0.31833044689148665, 0.3176919213682413, 0.31810414485633376, 0.31847616724669936, 0.3160283249989152, 0.31807935152202843, 0.31752659313380716, 0.31650542955845595, 0.3167094347625971, 0.3163418183103204, 0.31685748491436244, 0.31618783202022316, 0.316300129853189, 0.3184420822188258, 0.3176074596866965, 0.3177738529443741]}