{"num_param": 546826, "latency": {"mean": 0.00037861418724060056, "std": 2.9282071254814798e-05}, "train_acc": [81.80166666666666, 87.27166666666666, 88.605, 89.82, 90.57333333333334, 91.42166666666667, 92.075, 92.48833333333333, 93.08666666666667, 93.575, 94.18666666666667, 94.465, 94.83666666666667, 95.26666666666667, 95.54, 95.89833333333333, 96.23833333333333, 96.55166666666666, 96.82666666666667, 97.03166666666667, 97.25333333333333, 97.49333333333334, 97.64666666666666, 97.86333333333333, 97.96, 98.21666666666667, 98.31833333333333, 98.42166666666667, 98.59333333333333, 98.65, 98.83, 98.91666666666667, 98.945, 99.02833333333334, 99.11, 99.18, 99.18, 99.27, 99.23666666666666, 99.29166666666667, 99.34, 99.36166666666666, 99.365, 99.425, 99.44833333333334, 99.425, 99.44833333333334, 99.4, 99.47333333333333, 99.48], "train_loss": [0.5394176224246621, 0.3616941889810065, 0.31682731460159025, 0.28577256346742314, 0.2609739640913904, 0.24068818135497472, 0.22337815293421348, 0.20819094554210701, 0.19280067623592914, 0.17954816911369562, 0.16707064912033578, 0.15669322524840634, 0.14563877460546792, 0.13631104494600246, 0.12827190090126048, 0.11905848453907918, 0.1107545470027253, 0.10313572049684201, 0.09735376315346608, 0.09152335845554868, 0.08559172296042865, 0.07985515034291893, 0.07472914792907735, 0.07050653634825721, 0.06600716026189427, 0.06085529990261421, 0.05825169242336415, 0.05433460777353806, 0.05138617849055057, 0.0494850132924815, 0.04620790230032677, 0.04305219547473826, 0.04215266301451872, 0.04036533284272688, 0.03803847110364586, 0.03678420507349074, 0.03544541536015458, 0.03464784868507801, 0.03435702131052191, 0.032654313436942174, 0.03196040459501091, 0.03164223465661053, 0.030844593002305676, 0.029935606668586842, 0.0296610967607315, 0.029611051526735536, 0.029707828807683353, 0.02983396594800676, 0.02897910887026228, 0.029040155142817336], "test_acc": [85.58, 85.93, 87.31, 87.81, 88.24, 88.48, 88.61, 88.36, 88.67, 89.02, 89.36, 89.29, 89.12, 89.07, 89.38, 89.39, 89.44, 89.04, 89.51, 89.48, 89.24, 89.39, 89.39, 89.56, 89.37, 89.55, 89.59, 89.39, 89.05, 89.41, 89.31, 89.41, 89.35, 89.53, 89.54, 89.5, 89.44, 89.4, 89.52, 89.51, 89.41, 89.49, 89.45, 89.49, 89.54, 89.45, 89.58, 89.59, 89.57, 89.58], "test_loss": [0.4136338783800602, 0.3873589908331633, 0.3475384168326855, 0.33307970996946096, 0.3236840624734759, 0.32042634565383193, 0.31565837256610396, 0.3208057328686118, 0.31400435481220484, 0.31072840344160796, 0.31154441002756356, 0.3135177860036492, 0.31914342811331153, 0.3218848528340459, 0.32149086698889734, 0.32659641340374945, 0.3297848939523101, 0.34413280960172415, 0.33452314414083956, 0.3404921950772405, 0.3457337759807706, 0.34784762986004353, 0.35449276998639107, 0.35402738459408284, 0.3616034184768796, 0.3601747228950262, 0.3663942065834999, 0.3750320181250572, 0.386800833158195, 0.38097854681313037, 0.3834938671067357, 0.3861939682811499, 0.3909846266359091, 0.3888200855627656, 0.3935174071788788, 0.3956480506807566, 0.39748644184321164, 0.3993568677082658, 0.39737458515912294, 0.398556834962219, 0.40125008232891557, 0.4053149914741516, 0.401018568277359, 0.4039669081382453, 0.4044719964079559, 0.40441300692036747, 0.4030645155534148, 0.40128426607698203, 0.40650524824857714, 0.4026455470174551]}