{"num_param": 32778, "latency": {"mean": 0.00070953369140625, "std": 3.212891193757797e-05}, "train_acc": [79.86666666666666, 85.43333333333334, 86.70333333333333, 87.53666666666666, 88.25666666666666, 88.73666666666666, 89.04166666666667, 89.35333333333334, 89.655, 89.77166666666666, 89.98666666666666, 90.25, 90.445, 90.65833333333333, 90.66666666666667, 90.84833333333333, 90.92, 91.30166666666666, 91.18833333333333, 91.335, 91.41166666666666, 91.60666666666667, 91.69166666666666, 91.81166666666667, 91.91333333333333, 92.05, 92.02333333333333, 92.04333333333334, 92.13333333333334, 92.30833333333334, 92.265, 92.35, 92.33333333333333, 92.41166666666666, 92.52166666666666, 92.58833333333334, 92.61666666666666, 92.71333333333334, 92.64333333333333, 92.685, 92.71, 92.71166666666667, 92.68333333333334, 92.84166666666667, 92.795, 92.89166666666667, 92.82, 92.85, 92.87, 92.79333333333334], "train_loss": [0.6083756454413136, 0.41886771614352863, 0.37594975989311935, 0.3499132146065434, 0.33150220425799487, 0.316089883527408, 0.3057009593273203, 0.2974131796136498, 0.2880899182458719, 0.2823396463257571, 0.2767513872248431, 0.26973498647411664, 0.26498997080450254, 0.2600475894007832, 0.2561457361715535, 0.250916023577253, 0.24880960188185175, 0.24234212859533727, 0.23968783064434926, 0.23656409620928268, 0.23421095537332198, 0.23171971280438206, 0.22899503484368325, 0.22616491200091937, 0.22405158263941605, 0.22188536529118816, 0.22000023493543266, 0.21823068638021748, 0.21538803525269032, 0.21466524881621202, 0.21242913469672203, 0.21079770599491895, 0.21069605879175166, 0.20821968642684321, 0.20734455187804998, 0.20689731258898975, 0.2056822451731811, 0.2036554233605663, 0.203387263721476, 0.20396845097343128, 0.2022614311768363, 0.20178726620040835, 0.20214688609354198, 0.20112230729311706, 0.2006579141318798, 0.19935440595882634, 0.19933396602670353, 0.19980504374951125, 0.19936051616755623, 0.1995681599372377], "test_acc": [83.72, 85.35, 86.34, 86.83, 87.28, 87.68, 87.63, 88.06, 87.84, 88.18, 88.04, 88.3, 88.16, 88.24, 88.22, 88.5, 88.66, 88.53, 88.74, 88.89, 88.7, 88.42, 88.7, 88.6, 88.87, 88.83, 88.76, 88.67, 88.8, 88.69, 88.92, 88.99, 88.96, 89.16, 88.88, 88.85, 88.78, 88.95, 89.04, 88.86, 89.03, 88.89, 88.97, 89.03, 89.05, 89.12, 89.03, 89.12, 89.09, 88.98], "test_loss": [0.47020109154284, 0.41831562712788584, 0.39408530190587043, 0.37832387290894987, 0.3635747415572405, 0.35176219839602707, 0.3527000665292144, 0.34237958207726477, 0.34323674101382495, 0.33913511991500855, 0.3383884398639202, 0.3323006601631641, 0.333594949580729, 0.33597039271146056, 0.33059065878391264, 0.3279492560401559, 0.326276421174407, 0.32632979698479175, 0.3277727411687374, 0.3259472474083304, 0.32669140903279187, 0.3299359112605453, 0.3248498008772731, 0.3266102234646678, 0.3249599701538682, 0.32655258232727646, 0.32524416655302046, 0.3271010982617736, 0.3263817358575761, 0.32521395340561865, 0.324260679949075, 0.3259690632671118, 0.32409449195489287, 0.3245188692584634, 0.3244946352019906, 0.3241067648679018, 0.324264437481761, 0.3242548749037087, 0.323217119704932, 0.32341479094699027, 0.32221403013914823, 0.3224908049963415, 0.32390774933621286, 0.32184566350653765, 0.32208217490464447, 0.32205490944907067, 0.32252212887629866, 0.32235953280702234, 0.3214631123282015, 0.3219630516320467]}