{"num_param": 280586, "latency": {"mean": 0.0003757254362106323, "std": 2.833067792853994e-05}, "train_acc": [81.33333333333333, 86.70666666666666, 88.23333333333333, 89.30166666666666, 90.08666666666667, 90.48333333333333, 91.15333333333334, 91.72, 92.12166666666667, 92.58, 92.95666666666666, 93.29833333333333, 93.67333333333333, 94.015, 94.415, 94.615, 94.95833333333333, 95.28166666666667, 95.40833333333333, 95.625, 95.91833333333334, 96.11833333333334, 96.30666666666667, 96.49, 96.585, 96.82, 96.915, 97.11833333333334, 97.19833333333334, 97.32833333333333, 97.54833333333333, 97.64333333333333, 97.69833333333334, 97.75333333333333, 97.77833333333334, 97.84166666666667, 97.955, 98.01833333333333, 98.04833333333333, 98.13666666666667, 98.17333333333333, 98.185, 98.19166666666666, 98.26333333333334, 98.26, 98.28666666666666, 98.35, 98.235, 98.27833333333334, 98.285], "train_loss": [0.5539889912928144, 0.37536750552554926, 0.33105950911218923, 0.30073555869360763, 0.2780080347880721, 0.2608038577437401, 0.24511140421964228, 0.23025925273696582, 0.21769784451151888, 0.20458330685893694, 0.1955021595582366, 0.1848349958813439, 0.176223487596338, 0.16775696609479684, 0.15925691451411694, 0.1507703694716717, 0.1436864217215528, 0.1367808966943994, 0.1311639015461939, 0.1255618675565347, 0.12007041451986879, 0.11492036872698615, 0.10900650935402761, 0.10541143749840558, 0.10098013551983362, 0.09739371010024721, 0.09390593170886859, 0.08874370375492921, 0.0864078045116427, 0.08286666509850571, 0.07989276533635954, 0.07802418717338393, 0.07587942335754633, 0.07400506670353935, 0.07108305240127569, 0.07022397805393363, 0.06837915129455117, 0.06714582309592515, 0.06598097224797432, 0.06460132367055242, 0.06406965629120047, 0.06372508152737283, 0.06278179830987937, 0.06210432371900727, 0.06136636728886515, 0.06090101961938975, 0.06017797776478498, 0.06136044435397101, 0.06042113309493288, 0.060504341130921], "test_acc": [85.34, 86.63, 87.25, 87.43, 88.03, 87.81, 88.16, 88.59, 88.89, 88.72, 88.77, 88.99, 88.68, 88.93, 89.12, 88.96, 89.43, 89.03, 89.03, 89.18, 89.13, 89.13, 89.21, 89.19, 89.09, 89.08, 89.11, 89.22, 89.21, 89.06, 89.15, 89.19, 89.16, 89.05, 89.31, 89.18, 89.28, 89.15, 89.14, 89.14, 89.21, 89.23, 89.2, 89.18, 89.28, 89.22, 89.19, 89.18, 89.15, 89.23], "test_loss": [0.4183968912810087, 0.37360901430249216, 0.3546468139439821, 0.34382790949195624, 0.3364120941236615, 0.3356713630259037, 0.33011437714099884, 0.32156829595565795, 0.32111222386360166, 0.3245354638248682, 0.32285213232040405, 0.3224333093687892, 0.3275057043880224, 0.3233444740623236, 0.3238416862487793, 0.330223982706666, 0.32997344404459, 0.33142336040735243, 0.3338884493336082, 0.33652958942577244, 0.33890386782586573, 0.3428098273836076, 0.34344620317220687, 0.34318559054285286, 0.34991038430482146, 0.35366673696786166, 0.3519292623922229, 0.35755069013684987, 0.3606280748173594, 0.3638885320350528, 0.36409551836550236, 0.36605865743011234, 0.3695138394460082, 0.36735278960317375, 0.36953021220862864, 0.37114153619855644, 0.37233116377145054, 0.37345678560435774, 0.37620262753218414, 0.3738969482108951, 0.37316660813987257, 0.37454210422933104, 0.37813017688691614, 0.37613201055675743, 0.3762258029729128, 0.3774657502397895, 0.3773112830147147, 0.3780218409001827, 0.37748244576156137, 0.3778843601420522]}