{"num_param": 125962, "latency": {"mean": 0.001141282868385315, "std": 4.4783135342148236e-05}, "train_acc": [70.685, 81.02833333333334, 83.41, 84.79833333333333, 85.68333333333334, 86.415, 86.88333333333334, 87.3, 87.69833333333334, 88.01666666666667, 88.275, 88.54, 88.69166666666666, 89.0, 89.08666666666667, 89.315, 89.4, 89.60666666666667, 89.87333333333333, 89.73166666666667, 90.00333333333333, 90.09, 90.02833333333334, 90.30333333333333, 90.38333333333334, 90.48, 90.625, 90.62333333333333, 90.66166666666666, 90.82166666666667, 90.80666666666667, 90.895, 90.88333333333334, 91.005, 90.96333333333334, 91.13, 91.17, 91.11666666666666, 91.24666666666667, 91.13, 91.145, 91.14833333333333, 91.275, 91.16166666666666, 91.16833333333334, 91.165, 91.17833333333333, 91.22333333333333, 91.215, 91.16333333333333], "train_loss": [1.0068599137167136, 0.5777424055089553, 0.48251016850272815, 0.4360747187336286, 0.4072509882599115, 0.3872038768728574, 0.36988146242996056, 0.3581328044645488, 0.34712774999439716, 0.33817979878435533, 0.3302143155348798, 0.32143808785825967, 0.31521715929731725, 0.3100733929251631, 0.30528330786153673, 0.30052823878203827, 0.2956009540272256, 0.2903504669542114, 0.28606347041825453, 0.28329998143017293, 0.27895919539034364, 0.27613125858828425, 0.2750979789656897, 0.27187894088216125, 0.2686859736715754, 0.2658086429908872, 0.2636203962067763, 0.2624065042473376, 0.2611604461011787, 0.25836276044448214, 0.25684371461470923, 0.2552154898022612, 0.25420909163231653, 0.25320956788646676, 0.25257397152483463, 0.2510306429117918, 0.2496759598919501, 0.24940077922617396, 0.24791085172755023, 0.24790464186420044, 0.24756007725993792, 0.24709061613616845, 0.24571619858033955, 0.2470413348947962, 0.24529279441883167, 0.24540859396879872, 0.24589610987963775, 0.24606742937738696, 0.24620753220282496, 0.2452806988172233], "test_acc": [78.38, 82.23, 83.97, 84.75, 85.45, 86.16, 86.49, 86.6, 86.99, 87.17, 87.41, 87.6, 87.66, 87.97, 87.94, 88.06, 88.14, 88.27, 88.37, 88.28, 88.45, 88.41, 88.44, 88.57, 88.46, 88.47, 88.58, 88.56, 88.66, 88.57, 88.7, 88.7, 88.65, 88.86, 88.7, 88.87, 88.63, 88.8, 88.65, 88.88, 88.8, 88.7, 88.67, 88.81, 88.91, 88.89, 88.77, 88.73, 88.71, 88.81], "test_loss": [0.710866491496563, 0.5381776320934296, 0.471820922344923, 0.44014994114637374, 0.41670686401426793, 0.4016597370058298, 0.3893381553888321, 0.38069037936627864, 0.3717024130374193, 0.3687840349972248, 0.3617947932705283, 0.35568266741931437, 0.35366753946989776, 0.3477130541205406, 0.346256113499403, 0.34435724921524524, 0.3418218885362148, 0.33778020069003106, 0.3348251076042652, 0.3329707894101739, 0.33216671764850614, 0.33102256517857315, 0.32889276076108215, 0.32758751522749663, 0.32661785058677195, 0.32468335289508105, 0.32440167885273696, 0.32320552930235863, 0.32236946482211354, 0.3228945403918624, 0.3222323527932167, 0.32120794624090193, 0.32031018771231173, 0.3192481754720211, 0.3198627472668886, 0.3204439388215542, 0.3198399203643203, 0.31874730333685874, 0.31808831587433817, 0.3183626954630017, 0.3178863892331719, 0.3175342220067978, 0.3175905538722873, 0.31772449672222136, 0.3167586325109005, 0.3183712420612574, 0.31777189873158934, 0.3188449319079518, 0.3174024647474289, 0.3176760870590806]}