{"num_param": 77834, "latency": {"mean": 0.0002687548875808716, "std": 2.441987750241925e-05}, "train_acc": [82.38333333333334, 87.10666666666667, 88.45333333333333, 89.52666666666667, 90.02333333333333, 90.69666666666667, 91.295, 91.765, 92.08166666666666, 92.49666666666667, 92.89833333333333, 93.16333333333333, 93.44666666666667, 93.82166666666667, 93.98166666666667, 94.40333333333334, 94.71, 94.865, 95.01166666666667, 95.35666666666667, 95.485, 95.68333333333334, 95.92833333333333, 96.03, 96.165, 96.185, 96.44333333333333, 96.62666666666667, 96.755, 96.715, 96.99666666666667, 97.06833333333333, 97.06166666666667, 97.26333333333334, 97.265, 97.41166666666666, 97.52333333333333, 97.58166666666666, 97.63666666666667, 97.71, 97.80166666666666, 97.815, 97.82, 97.85666666666667, 97.90833333333333, 97.83166666666666, 97.99666666666667, 97.95833333333333, 97.90833333333333, 97.93166666666667], "train_loss": [0.5202554266278943, 0.36331379995370905, 0.32342204825331766, 0.2946335362456739, 0.27472007389801245, 0.2580117182744046, 0.2423453269029657, 0.2298817516459773, 0.21794497593926887, 0.2087007014422367, 0.1974167235288769, 0.18938487997589012, 0.18262937642944355, 0.17383905781432987, 0.16727050049851339, 0.15851799823809415, 0.15292722481923798, 0.14716084771323948, 0.14141808490889768, 0.1357495649283131, 0.12997359863016755, 0.12574504968399802, 0.12002644199412316, 0.11648168018398186, 0.11291223092159877, 0.110170368643788, 0.10515239513634393, 0.10150120475174239, 0.09808037290194382, 0.09621006945303331, 0.09234884328053643, 0.09018029112524042, 0.08944086939135255, 0.08590730993232379, 0.08411981828821202, 0.0821906865062192, 0.07977061004533122, 0.07781836226427306, 0.07749895019146304, 0.07654313928059613, 0.07389951997669414, 0.0734520937797303, 0.07332517064874992, 0.07216420010702373, 0.07194959220088397, 0.07240203002002091, 0.07032567883996914, 0.07044769327854737, 0.07054287075530738, 0.07078572666738182], "test_acc": [85.21, 86.96, 87.51, 88.19, 88.43, 88.61, 88.97, 89.16, 89.02, 89.04, 89.01, 89.28, 89.55, 89.09, 89.45, 89.22, 89.95, 89.54, 89.98, 89.88, 89.99, 89.5, 89.92, 90.04, 89.95, 89.82, 89.77, 89.61, 89.81, 89.88, 90.08, 90.01, 89.83, 89.85, 90.06, 90.03, 89.99, 90.01, 90.02, 89.91, 90.1, 89.96, 90.04, 90.24, 90.07, 89.96, 89.99, 90.12, 90.04, 90.19], "test_loss": [0.4176295777410269, 0.3754922295361757, 0.34909208115190266, 0.32847780354321005, 0.3230381999537349, 0.3173364945873618, 0.31054457504302263, 0.30692315224558114, 0.3107194968871772, 0.30814781844615935, 0.3126509976387024, 0.3091811797022819, 0.3077693856135011, 0.3198414300754666, 0.30998416878283025, 0.30989293640479443, 0.3051272452995181, 0.31319436432793735, 0.3088655786402523, 0.3096227835305035, 0.31154762977734207, 0.321015150975436, 0.3179969836957753, 0.31332798736169937, 0.32036911530420187, 0.32542884081602097, 0.3206352888047695, 0.3278109876066446, 0.32768594501540066, 0.32867472322657704, 0.32679828165099023, 0.32583011174574494, 0.3292304624244571, 0.32919673684984446, 0.3319569406285882, 0.32856127943843605, 0.3292021194845438, 0.3326866985112429, 0.3312495062686503, 0.3346012902259827, 0.3342220377177, 0.33654483370482924, 0.3361863906867802, 0.3335866879485547, 0.3327585854195058, 0.3352099967561662, 0.335369034036994, 0.3342196206562221, 0.3355584793351591, 0.3405611578375101]}