{"num_param": 432138, "latency": {"mean": 0.001235303258895874, "std": 4.4605527010343884e-05}, "train_acc": [80.985, 86.52666666666667, 87.96333333333334, 88.64833333333333, 89.35666666666667, 90.035, 90.47833333333334, 91.045, 91.36, 91.65, 91.95666666666666, 92.33833333333334, 92.63833333333334, 92.79666666666667, 93.20666666666666, 93.46166666666667, 93.56833333333333, 93.98166666666667, 94.17333333333333, 94.38333333333334, 94.56333333333333, 94.80666666666667, 95.02166666666666, 95.20833333333333, 95.56833333333333, 95.59833333333333, 95.84666666666666, 96.04333333333334, 96.19833333333334, 96.31666666666666, 96.47333333333333, 96.73833333333333, 96.89666666666666, 97.11, 97.19333333333333, 97.25833333333334, 97.49166666666666, 97.52166666666666, 97.585, 97.77, 97.83166666666666, 97.89, 97.91, 98.03833333333333, 98.10666666666667, 98.15833333333333, 98.13333333333334, 98.115, 98.205, 98.2], "train_loss": [0.5556906211997071, 0.3756704462195436, 0.33328564416617157, 0.3110540841830273, 0.29025849860161546, 0.27327526258615153, 0.2585631303489208, 0.24629528986290097, 0.2352928753166149, 0.22664523664861919, 0.21891776256884138, 0.20830045480591555, 0.2012564269763728, 0.19260062282904983, 0.18552275392847756, 0.17965145674844582, 0.17361943845016262, 0.16739185698019962, 0.16088601700030267, 0.15390617788614083, 0.1496065489311392, 0.1426855432149023, 0.13763480025964478, 0.1330169808701612, 0.12625452305267876, 0.12272836294335623, 0.11764492775235946, 0.1136832871590741, 0.10762689994337658, 0.10532074654164414, 0.10086245260123784, 0.09704378083658716, 0.0931044633531322, 0.08876584125682711, 0.08668857802481701, 0.08354368902665253, 0.0800057371519506, 0.07837456728719795, 0.07667228998771558, 0.07360589702768872, 0.07256475265603513, 0.07051846395324295, 0.06924526946463933, 0.06790194783670207, 0.06675991415899868, 0.06678291576293607, 0.06569170896565386, 0.06547745391183223, 0.06438912526510346, 0.06405480405121732], "test_acc": [84.61, 86.21, 86.86, 87.51, 87.81, 87.8, 87.94, 88.66, 88.37, 88.79, 88.33, 88.83, 89.02, 88.73, 88.85, 89.09, 88.89, 89.14, 89.04, 89.03, 88.89, 89.11, 89.02, 88.91, 88.84, 89.12, 89.16, 89.27, 88.93, 88.97, 89.01, 89.05, 89.13, 89.12, 89.07, 89.07, 89.02, 89.12, 89.11, 89.16, 89.06, 88.99, 89.05, 89.09, 89.15, 89.08, 88.94, 89.09, 89.16, 89.14], "test_loss": [0.4205440608412027, 0.37706726931035517, 0.36185914255678653, 0.3442580135166645, 0.3344147638231516, 0.32892250128090383, 0.3318878764659166, 0.323507068939507, 0.32136681068688633, 0.31973948270082475, 0.32687448419630527, 0.31537021789699793, 0.3163165316730738, 0.32497041903436186, 0.3215117048844695, 0.3164311196282506, 0.3279762547835708, 0.3228096666187048, 0.32592425476759673, 0.3242799380421639, 0.33076919466257093, 0.3302094779163599, 0.33206313863396647, 0.3350649812817574, 0.3461805249378085, 0.3398177103698254, 0.3432054516673088, 0.34379787657409905, 0.350666280426085, 0.35109975531697274, 0.35381229100748895, 0.35787667859345673, 0.35445032320916653, 0.3557239178661257, 0.356930438792333, 0.36099951024167237, 0.3620368302706629, 0.36803835212253033, 0.3657515732664615, 0.3712763720192015, 0.37349086032249035, 0.3714978785067797, 0.3702789918426424, 0.37223593374714253, 0.37497327697463334, 0.3737962827645242, 0.3722277143318206, 0.3724302995018661, 0.3705620674137026, 0.37151567328721286]}