{"num_param": 432138, "latency": {"mean": 0.0012266285181045532, "std": 4.467276869777032e-05}, "train_acc": [81.17666666666666, 86.72333333333333, 88.06, 88.9, 89.68666666666667, 90.22166666666666, 90.77166666666666, 91.09833333333333, 91.46, 91.775, 92.07166666666667, 92.52166666666666, 92.785, 92.98166666666667, 93.25666666666666, 93.46333333333334, 93.685, 94.00166666666667, 94.26833333333333, 94.54333333333334, 94.68, 94.85333333333334, 95.145, 95.35166666666667, 95.56, 95.70166666666667, 95.83666666666667, 96.14833333333333, 96.285, 96.55166666666666, 96.65666666666667, 96.77, 96.955, 97.14166666666667, 97.28666666666666, 97.34166666666667, 97.49666666666667, 97.64833333333333, 97.69, 97.87333333333333, 97.92666666666666, 97.98833333333333, 98.07333333333334, 98.06166666666667, 98.17833333333333, 98.21833333333333, 98.17, 98.27833333333334, 98.26166666666667, 98.25666666666666], "train_loss": [0.5510668147852024, 0.36737364463508126, 0.32741986729825534, 0.3018190176350375, 0.282147135126094, 0.26701514192546405, 0.2524960311874747, 0.24182827771951754, 0.23192228165765602, 0.22190379615252218, 0.2133978423010558, 0.20502522690532107, 0.1972012871534874, 0.18994591068476438, 0.18347239395448317, 0.17723535131042203, 0.17059230988690008, 0.16446411072742195, 0.15622991426071772, 0.1497384554706514, 0.14615638345324744, 0.140593105344257, 0.13401251480759432, 0.12975336731566736, 0.12402408957170943, 0.1198228875004376, 0.11571241665786754, 0.11057340250350535, 0.10535291703573117, 0.10055875479786967, 0.09764301547392581, 0.09425084579270333, 0.08936854424498354, 0.08680387618175398, 0.08408063480397686, 0.08101957562845201, 0.07806620043081541, 0.07520566678761194, 0.07346125671251988, 0.07075033825434124, 0.06929761641309597, 0.06751588818306724, 0.06588322335310902, 0.06505069920987201, 0.06452017492304246, 0.0635821929317899, 0.06322267918071399, 0.062120851691967495, 0.0622433016433691, 0.061671144030988216], "test_acc": [85.15, 86.48, 87.35, 87.78, 88.16, 88.13, 88.38, 88.64, 88.8, 88.81, 88.85, 89.21, 88.71, 88.67, 89.23, 89.13, 88.84, 89.36, 89.05, 88.76, 88.85, 89.06, 88.81, 88.92, 89.06, 88.94, 89.01, 89.2, 89.06, 89.2, 88.91, 88.82, 89.0, 88.86, 88.99, 88.77, 88.89, 88.87, 88.79, 88.92, 88.97, 88.74, 88.7, 88.78, 88.78, 88.81, 88.91, 88.83, 88.79, 88.74], "test_loss": [0.4137050677090883, 0.3720701739937067, 0.35118563115596774, 0.3392005653306842, 0.3303080256655812, 0.3262123763561249, 0.32229561410844326, 0.3160772076062858, 0.3132613011263311, 0.30973578099161386, 0.3154970390349627, 0.3157959195226431, 0.3221161651238799, 0.32446182960644365, 0.32192513352259994, 0.3211487170308828, 0.32588956847786904, 0.3217064481973648, 0.32605466816574336, 0.3375599822588265, 0.33705855989828704, 0.33448079725727436, 0.3396073842607439, 0.34527138123288753, 0.3431876193732023, 0.3413738856464624, 0.3431214974075556, 0.34662594240158795, 0.3517494293116033, 0.3529953370988369, 0.3603037096373737, 0.36040967455133793, 0.36410605724900963, 0.3634244845621288, 0.3627426201105118, 0.37093733172863724, 0.37313161950558427, 0.37353298952803016, 0.37632032003253696, 0.37830203771591187, 0.3787998533807695, 0.3817778965644538, 0.38005097053945064, 0.38165051825344565, 0.3815519188903272, 0.381385441198945, 0.38086146293208, 0.3843263850547373, 0.3788502681069076, 0.3817937204428017]}