{"num_param": 1061898, "latency": {"mean": 0.00017114038467407226, "std": 2.26037460190924e-05}, "train_acc": [84.565, 87.89333333333333, 89.095, 90.04166666666667, 90.76833333333333, 91.50666666666666, 92.14333333333333, 92.60833333333333, 93.15, 93.755, 94.09833333333333, 94.535, 95.02166666666666, 95.23666666666666, 95.605, 96.07666666666667, 96.295, 96.51, 96.755, 97.08666666666667, 97.20833333333333, 97.57333333333334, 97.70166666666667, 98.04666666666667, 98.145, 98.29833333333333, 98.47333333333333, 98.685, 98.795, 98.935, 99.105, 99.06666666666666, 99.32166666666667, 99.37333333333333, 99.46666666666667, 99.54333333333334, 99.615, 99.63833333333334, 99.71166666666667, 99.73833333333333, 99.78666666666666, 99.77666666666667, 99.81666666666666, 99.86333333333333, 99.84833333333333, 99.88666666666667, 99.88333333333334, 99.91166666666666, 99.89, 99.9], "train_loss": [0.43302505505581695, 0.3341138127446175, 0.2958784757864972, 0.270606381384035, 0.25072050852701067, 0.23081517678685487, 0.21385194797689716, 0.20041497716059287, 0.18624404594923058, 0.17365862452114622, 0.16149101059883833, 0.1491167137771845, 0.13937886006509265, 0.1314616706004987, 0.12108389135139684, 0.1112804667178231, 0.10502304747700691, 0.09875182754825801, 0.09112797260827696, 0.0828779474098701, 0.07857290862981851, 0.070736509563867, 0.06673059970644923, 0.058957380943465976, 0.05562948593287729, 0.051415673607261854, 0.047341298211055496, 0.041956851740251294, 0.03954222740644279, 0.03541290723126925, 0.03176548637896, 0.030464477637724485, 0.026028348716887802, 0.023857241315417922, 0.022049732910866926, 0.01965018352513046, 0.018000998019415418, 0.016684435945644508, 0.014999761161476877, 0.01392571316449903, 0.013243889539783898, 0.012097828645685997, 0.0115567738461444, 0.01060767938242255, 0.010420416646520608, 0.00981091961444084, 0.009591903679101961, 0.00919047462826711, 0.009270125108887441, 0.009300125419152512], "test_acc": [86.03, 86.01, 86.79, 86.44, 87.6, 88.9, 88.01, 88.82, 88.42, 88.97, 89.2, 89.5, 89.35, 88.97, 89.4, 88.71, 89.08, 88.7, 89.45, 89.24, 89.75, 89.76, 89.24, 89.66, 89.35, 89.88, 89.37, 89.94, 90.03, 89.54, 89.85, 90.09, 90.0, 89.78, 89.71, 89.86, 89.82, 90.06, 90.35, 90.06, 90.24, 90.22, 90.33, 90.3, 90.34, 90.38, 90.32, 90.33, 90.35, 90.34], "test_loss": [0.38672450866550206, 0.39695474557578564, 0.36812070313841105, 0.3630934578180313, 0.3526530861854553, 0.3223875254206359, 0.33522932313382625, 0.33196321001276374, 0.3426947586983442, 0.3220000714529306, 0.33187108524143694, 0.32214904004707934, 0.3403227808699012, 0.3447398876771331, 0.35439215041697025, 0.36768195521086455, 0.36428505038842557, 0.3832354593649507, 0.37559687595814467, 0.37036459006369116, 0.3661154135875404, 0.3761024245619774, 0.3813743111118674, 0.3948586235195398, 0.4002376784943044, 0.39690585594624284, 0.41033334588631987, 0.4232194493152201, 0.41602167738601564, 0.43157049477100373, 0.4224045244650915, 0.41819656984880565, 0.4236020082142204, 0.4565399009734392, 0.4529625557549298, 0.44454096594359727, 0.45511338860727846, 0.4390010792366229, 0.4474228670354933, 0.45423420999431985, 0.4575191374588758, 0.4524903244525194, 0.4499964208295569, 0.45230202935636044, 0.44989403831772506, 0.45397086374927315, 0.46121043478604407, 0.44783166370354593, 0.4542168005788699, 0.45416387883014975]}