{"num_param": 227338, "latency": {"mean": 0.0012432132720947265, "std": 4.668980386165764e-05}, "train_acc": [80.05833333333334, 86.10666666666667, 87.71833333333333, 88.65666666666667, 89.37833333333333, 89.91666666666667, 90.265, 90.66666666666667, 91.185, 91.28333333333333, 91.62, 91.91333333333333, 92.22333333333333, 92.42166666666667, 92.77833333333334, 92.97666666666667, 93.115, 93.32666666666667, 93.55666666666667, 93.79, 93.97, 94.28166666666667, 94.37166666666667, 94.49, 94.69333333333333, 94.93666666666667, 95.10666666666667, 95.14, 95.39833333333333, 95.55166666666666, 95.64333333333333, 95.78666666666666, 95.915, 96.09333333333333, 96.09666666666666, 96.215, 96.32166666666667, 96.49166666666666, 96.60833333333333, 96.52, 96.715, 96.79, 96.72166666666666, 96.855, 96.94333333333333, 96.875, 96.94833333333334, 97.05333333333333, 96.98666666666666, 97.02333333333333], "train_loss": [0.5821776032447815, 0.38670735999941824, 0.340361314881593, 0.31460669454187157, 0.2954892725807925, 0.27710620435575645, 0.26555386535823344, 0.2550881840971609, 0.24230068891619644, 0.2355396987311542, 0.22793107364637155, 0.2193950059482207, 0.21298165504510205, 0.20559735547751187, 0.20037326368192832, 0.1920933126534025, 0.18782125790293017, 0.18221148737861464, 0.17675131797169646, 0.17144890061579646, 0.16677045005063215, 0.16091599933958303, 0.15643291044669846, 0.1532850005555277, 0.14876092304320385, 0.14387653646369775, 0.1394613442523405, 0.13601098243768017, 0.1308947210262219, 0.12742155820596962, 0.1250375349385043, 0.12209161660866812, 0.11803196163382382, 0.11556024819302062, 0.11368931728880853, 0.11157196895374606, 0.10790520184828589, 0.10550830595893786, 0.10346931863110513, 0.10251948810958614, 0.10076919748215005, 0.0989119521342218, 0.0993020905336986, 0.09716379782961061, 0.09588713771353165, 0.09643559539069732, 0.09544946245616302, 0.09456623504248758, 0.0945895546860993, 0.09459466598772755], "test_acc": [84.5, 86.06, 86.83, 86.88, 87.79, 87.91, 88.17, 88.45, 88.06, 88.24, 88.66, 88.68, 88.52, 88.5, 88.82, 88.86, 88.64, 88.69, 88.91, 88.77, 88.94, 88.79, 88.69, 88.94, 88.86, 89.13, 88.87, 88.88, 88.98, 88.82, 88.94, 88.87, 89.0, 88.78, 88.94, 88.94, 88.85, 88.88, 88.85, 88.82, 88.84, 88.7, 88.81, 88.85, 88.78, 88.9, 88.86, 88.8, 88.77, 88.86], "test_loss": [0.4401653846353292, 0.3861864634603262, 0.36767186507582666, 0.35576263852417467, 0.3433473590388894, 0.3395565401390195, 0.32887940790504216, 0.3310946636274457, 0.32835727468132975, 0.32749922696501016, 0.3232804270088673, 0.32482351679354904, 0.32613812930881975, 0.3298870960250497, 0.32183530908077956, 0.3186025692895055, 0.32886484153568746, 0.3341529223881662, 0.3294901475682855, 0.33184400346130133, 0.33250345453619956, 0.33575800569728015, 0.3411271131597459, 0.3370648527517915, 0.33665237937122583, 0.33674237199127677, 0.3399791052378714, 0.3413629099726677, 0.34698577761650085, 0.34891617827117444, 0.3493493580073118, 0.3490351266786456, 0.35198481135070325, 0.3565582063794136, 0.35529795764014127, 0.35562857139855625, 0.35915188580751417, 0.357714385651052, 0.36049453273415566, 0.36036393787711857, 0.362010236941278, 0.36172043887898325, 0.3637809955328703, 0.36254684332758186, 0.3627920212969184, 0.3622874365001917, 0.36333395421504977, 0.3641577534005046, 0.3650604159384966, 0.36349795695394277]}