{"num_param": 201738, "latency": {"mean": 0.0007003452777862548, "std": 3.471474027042364e-05}, "train_acc": [81.06666666666666, 86.59666666666666, 88.17166666666667, 89.225, 89.90166666666667, 90.635, 91.11166666666666, 91.62, 92.02333333333333, 92.59666666666666, 92.91333333333333, 93.23166666666667, 93.72333333333333, 93.97333333333333, 94.21166666666667, 94.505, 94.81, 95.03, 95.24, 95.505, 95.795, 95.955, 96.15666666666667, 96.34, 96.53666666666666, 96.625, 96.78333333333333, 96.965, 97.17666666666666, 97.135, 97.39666666666666, 97.48333333333333, 97.53833333333333, 97.66, 97.82, 97.85, 97.96, 98.02833333333334, 98.1, 98.055, 98.15833333333333, 98.16166666666666, 98.25833333333334, 98.22, 98.30166666666666, 98.26666666666667, 98.31333333333333, 98.47, 98.4, 98.4], "train_loss": [0.5605057208736738, 0.36953751133133966, 0.3256641021370888, 0.2966403152421117, 0.2749132720256845, 0.2568650669169923, 0.24328805696840086, 0.22950066349158685, 0.21675100706517697, 0.20597315140999853, 0.19428123239893466, 0.18504184631320336, 0.17577143878055115, 0.16934616320145626, 0.16095262798170248, 0.15281566681029896, 0.14741069432658455, 0.13992419386282562, 0.13441837466942766, 0.12813341605942696, 0.1220528573077172, 0.11724604962393642, 0.1124882112039874, 0.10747831227956339, 0.10286269611834238, 0.09984384211090704, 0.09567848748217027, 0.09111869136725242, 0.08735627056099475, 0.08625793314538896, 0.0819221678461569, 0.07919799105264247, 0.07786369277591196, 0.0747756370343268, 0.07201821347465738, 0.06996635223428409, 0.06758634085922191, 0.06665188068989664, 0.06540026732409994, 0.06478476037620567, 0.06289375465751315, 0.06270902918030818, 0.0611716984208518, 0.06107244390567454, 0.06032753794182402, 0.060049510668419924, 0.05980472832142065, 0.058127775094083824, 0.058614086203354725, 0.05814801068821301], "test_acc": [85.04, 86.17, 87.22, 87.39, 87.93, 87.95, 88.11, 88.25, 88.51, 88.83, 88.41, 88.48, 88.69, 88.71, 88.77, 89.03, 89.01, 88.89, 89.01, 89.0, 89.11, 89.27, 89.08, 89.17, 88.84, 89.18, 89.29, 88.99, 89.09, 89.15, 89.1, 89.15, 89.08, 89.04, 89.1, 89.16, 88.9, 89.12, 89.03, 89.12, 88.94, 89.09, 88.95, 89.02, 88.99, 89.06, 89.04, 89.06, 89.15, 89.02], "test_loss": [0.4208661203831434, 0.3768288439512253, 0.3531955607235432, 0.33777155082672833, 0.3323141974955797, 0.3306436788290739, 0.331090146265924, 0.32312425650656224, 0.321398456543684, 0.3181416134536266, 0.3245256082713604, 0.32654586020857096, 0.32285370007157327, 0.32687279526144264, 0.33050221752375364, 0.33412798173725605, 0.3319255978986621, 0.33914009168744086, 0.3413128310441971, 0.33962124411016703, 0.3506530681997538, 0.3463749634101987, 0.35078666027635336, 0.3568074565008283, 0.3603560646995902, 0.35705709289759396, 0.35924062628298997, 0.367651909571141, 0.36785621926188466, 0.3702673939988017, 0.3760867429897189, 0.37610316956415774, 0.37912261717021467, 0.381102400906384, 0.38273952949792145, 0.38210507921874526, 0.38629826985299587, 0.3869290388375521, 0.3886326558142901, 0.392158693857491, 0.3897596449777484, 0.3913917430490255, 0.39478436499834063, 0.39116609662771223, 0.3937630006857216, 0.39189440542832016, 0.39283705938607455, 0.391092616841197, 0.3939241794124246, 0.39306587930768727]}