{"num_param": 546826, "latency": {"mean": 0.0003791175603866577, "std": 3.102614196953515e-05}, "train_acc": [81.29, 87.11166666666666, 88.625, 89.75333333333333, 90.47833333333334, 91.39166666666667, 91.98333333333333, 92.545, 93.14, 93.62833333333333, 93.96666666666667, 94.48166666666667, 94.97, 95.27333333333333, 95.66833333333334, 95.905, 96.19166666666666, 96.49333333333334, 96.75, 97.01166666666667, 97.315, 97.48333333333333, 97.65166666666667, 97.73833333333333, 97.94, 98.17, 98.28, 98.36, 98.53166666666667, 98.61666666666666, 98.76833333333333, 98.84, 98.88333333333334, 99.02833333333334, 99.12333333333333, 99.13666666666667, 99.18166666666667, 99.23833333333333, 99.26833333333333, 99.33333333333333, 99.33333333333333, 99.31, 99.36333333333333, 99.36166666666666, 99.43333333333334, 99.38666666666667, 99.46666666666667, 99.46333333333334, 99.435, 99.415], "train_loss": [0.5462763032813867, 0.3633898870398601, 0.31597459136818845, 0.28450260679547984, 0.2604818691809972, 0.23941989057386914, 0.22143975035597882, 0.20609465134019653, 0.19218228234909474, 0.17872494576809306, 0.16830309299441676, 0.1569139405991882, 0.14526557030001033, 0.13733375176787377, 0.12688407438031088, 0.11916870596663405, 0.11202547177517165, 0.10469863379374146, 0.09812575586450596, 0.09100181771209463, 0.0849118384012642, 0.08013592323753983, 0.0744738135044463, 0.07039212925553633, 0.06675036495939518, 0.06263690650851156, 0.05906920480929936, 0.056037936258750656, 0.052635848577289535, 0.04956959798776855, 0.04728213500386725, 0.04398593146315155, 0.04305210950978411, 0.04130345780965096, 0.03833601146936417, 0.03754142013262026, 0.036457297167313905, 0.035209047944905855, 0.034237640775390904, 0.03314629819903833, 0.03225902576406952, 0.031709657992857194, 0.03158679497408836, 0.03088938311576688, 0.03075972389099964, 0.030292933511082084, 0.029412245049801035, 0.029448030003501723, 0.02938867752905935, 0.02992708440928254], "test_acc": [85.38, 86.83, 87.31, 87.92, 88.26, 88.33, 88.12, 88.9, 88.99, 88.58, 88.82, 89.05, 89.33, 89.14, 89.39, 89.26, 89.63, 89.58, 89.33, 89.37, 88.91, 89.25, 89.31, 89.36, 89.39, 89.19, 89.54, 89.46, 89.37, 89.46, 89.36, 89.41, 89.37, 89.32, 89.38, 89.29, 89.38, 89.12, 89.4, 89.33, 89.29, 89.31, 89.43, 89.53, 89.42, 89.39, 89.29, 89.51, 89.24, 89.31], "test_loss": [0.40961033903062344, 0.3676128904521465, 0.3483609918877482, 0.3347186155244708, 0.32525251638144254, 0.3224226313084364, 0.32624927382916213, 0.3146809606999159, 0.30877656310796736, 0.3168407615274191, 0.3162521013431251, 0.31831156715750697, 0.3181923968717456, 0.3249819677323103, 0.32887389566749337, 0.3316677911393344, 0.3315400564111769, 0.3333856480568647, 0.33885859794914724, 0.34480374481528997, 0.3625348052754998, 0.3562852820754051, 0.35556328400969506, 0.3599316520243883, 0.3667007003724575, 0.37628707744181156, 0.37209913779050113, 0.3743308803066611, 0.38321699598804115, 0.384419034011662, 0.3924628817290068, 0.3937351611070335, 0.39332203147932887, 0.39512663908302786, 0.40207174418494107, 0.3995639667287469, 0.4032281517982483, 0.410751778408885, 0.40547053996473553, 0.4113402222655714, 0.41004556629806754, 0.4070602456852794, 0.40936727268621326, 0.41082029035314915, 0.4129070051200688, 0.410264851693064, 0.4120931911468506, 0.41152257908135653, 0.41028109265491364, 0.4113151789829135]}