{"num_param": 32778, "latency": {"mean": 0.00043486614227294923, "std": 2.7705723390513e-05}, "train_acc": [79.79333333333334, 85.49166666666666, 86.935, 87.84166666666667, 88.535, 89.09833333333333, 89.345, 89.73833333333333, 90.03666666666666, 90.215, 90.49666666666667, 90.76166666666667, 90.92166666666667, 91.19333333333333, 91.3, 91.52333333333333, 91.60833333333333, 91.62833333333333, 91.84166666666667, 92.055, 92.11833333333334, 92.34333333333333, 92.345, 92.50666666666666, 92.64333333333333, 92.67, 92.79833333333333, 92.87, 93.01, 93.04166666666667, 93.065, 93.10833333333333, 93.17833333333333, 93.19666666666667, 93.33333333333333, 93.315, 93.49166666666666, 93.43, 93.48, 93.46333333333334, 93.51, 93.55166666666666, 93.52, 93.59333333333333, 93.59333333333333, 93.60166666666667, 93.62833333333333, 93.62, 93.645, 93.59833333333333], "train_loss": [0.6074644561981162, 0.4153468505727748, 0.3699954911073049, 0.34331757339959346, 0.3232268732972443, 0.30764660908840596, 0.29607650579263767, 0.28669807611964643, 0.27829747429117563, 0.2698194774053991, 0.2627973361685872, 0.25669423131272195, 0.2508538190896312, 0.24530149560421705, 0.24086095382769904, 0.2363360699856033, 0.23284753598893682, 0.22915722911556563, 0.22511563368452092, 0.22128133757350346, 0.21702116077455383, 0.21376624788778523, 0.2118367660542329, 0.20769447959959508, 0.20574781626152497, 0.20333962051818769, 0.2004369046414892, 0.19904779945810636, 0.19704394724530477, 0.1945442412327975, 0.19385767576284707, 0.19113258429492513, 0.18980604991782457, 0.1882960175598661, 0.18728615029715, 0.1852510830713436, 0.18476832567093274, 0.18419205384328963, 0.18222952551518878, 0.18196622924879194, 0.18161470383405687, 0.180409757985423, 0.17979259308117132, 0.18010114530722302, 0.18013829114226004, 0.1792313948335747, 0.1791260314344739, 0.17884377371675025, 0.17772663079202175, 0.178660710916544], "test_acc": [83.93, 85.43, 86.46, 87.33, 87.39, 87.75, 87.88, 88.19, 88.02, 88.47, 88.57, 88.59, 88.76, 88.57, 88.6, 88.74, 88.96, 88.5, 89.01, 88.72, 88.79, 89.06, 89.07, 89.09, 88.97, 88.86, 89.2, 89.26, 89.21, 89.1, 89.22, 89.29, 89.16, 89.14, 89.34, 89.3, 89.27, 89.28, 89.21, 89.26, 89.27, 89.24, 89.33, 89.38, 89.4, 89.29, 89.29, 89.34, 89.36, 89.37], "test_loss": [0.4699301618337631, 0.41201230362057684, 0.3830435317009687, 0.3638528921455145, 0.3546523679420352, 0.34802490055561064, 0.34638848893344404, 0.3314646567031741, 0.3341884520277381, 0.3261504569277167, 0.3270746188610792, 0.32315048122778534, 0.32469472780823705, 0.3267714882083237, 0.3252646452561021, 0.31710200555622575, 0.31588499411940574, 0.31887664603069427, 0.3172366500273347, 0.31756158713251353, 0.32137683004140855, 0.3157598354667425, 0.31899716805666684, 0.3155865082144737, 0.31669250909239055, 0.3157384623400867, 0.3161995970644057, 0.31550020491704345, 0.3179372168891132, 0.3165495938062668, 0.3153786008805037, 0.31606768848374484, 0.316977548468858, 0.318484640493989, 0.31552426986396315, 0.3163307194598019, 0.31559418234974146, 0.31525776483118534, 0.31430717987939716, 0.31393496925011277, 0.31482974845916034, 0.31598843971267343, 0.3154703636467457, 0.31467570960521696, 0.3156834691762924, 0.31400376731529833, 0.31660045543685555, 0.31581303576007486, 0.31590395668521526, 0.3154827609471977]}