{"num_param": 863242, "latency": {"mean": 0.0011554102420806886, "std": 4.3680912784067666e-05}, "train_acc": [76.29166666666667, 84.21166666666667, 86.255, 87.61666666666666, 88.47666666666667, 89.28333333333333, 89.67333333333333, 90.24166666666666, 90.76833333333333, 91.26166666666667, 91.69166666666666, 91.93833333333333, 92.315, 92.90166666666667, 93.275, 93.53666666666666, 93.94166666666666, 93.975, 94.42333333333333, 94.72833333333334, 95.04666666666667, 95.25833333333334, 95.41666666666667, 95.81833333333333, 96.055, 96.23833333333333, 96.52833333333334, 96.58833333333334, 96.83833333333334, 97.00666666666666, 97.16833333333334, 97.34166666666667, 97.47833333333334, 97.68666666666667, 97.74166666666666, 97.91, 97.865, 98.005, 98.04833333333333, 98.22, 98.21833333333333, 98.31, 98.30333333333333, 98.41333333333333, 98.40666666666667, 98.41, 98.4, 98.46166666666667, 98.46166666666667, 98.43666666666667], "train_loss": [0.8060112989197175, 0.47366173726816974, 0.3993632862220208, 0.35867492860804, 0.33281345318381983, 0.30987456601733965, 0.29370463573063416, 0.2786214895794789, 0.2638756854645908, 0.25173316822076836, 0.2399227723199874, 0.2319557393528521, 0.2216000229306519, 0.20991279423857728, 0.20101855237968266, 0.19367201655171812, 0.1846431820249806, 0.17741890836196642, 0.16938121041903892, 0.16181891078750293, 0.15564931091542045, 0.14861423569886634, 0.14431104017887264, 0.1385727660295864, 0.13131618980628748, 0.12619386927224696, 0.12041073416670163, 0.11665698207604389, 0.11153039744899919, 0.107882320342275, 0.10369819785778721, 0.09981247619415323, 0.09564897290120522, 0.09234828317537903, 0.0896042087674141, 0.08671094300613429, 0.0851849305218396, 0.08233891964657232, 0.08050683271139861, 0.07880756757222115, 0.0769326553059121, 0.07550650094325344, 0.07507522700820118, 0.07343877926391239, 0.0727548153162934, 0.07181382523461556, 0.07197371589485556, 0.07160346957777317, 0.07140803791970636, 0.07120642244505386], "test_acc": [82.23, 84.68, 85.73, 86.38, 86.92, 86.78, 87.33, 87.61, 87.36, 87.63, 87.51, 87.57, 87.72, 87.73, 88.03, 87.84, 87.97, 87.97, 87.81, 87.92, 88.17, 88.0, 88.06, 88.21, 87.92, 87.97, 87.64, 87.99, 87.75, 87.84, 87.76, 87.86, 87.83, 87.86, 87.83, 87.84, 88.01, 87.82, 87.91, 88.03, 87.94, 88.04, 87.71, 87.9, 87.99, 87.78, 87.87, 87.95, 87.92, 87.82], "test_loss": [0.570137731730938, 0.45774062916636465, 0.4207264347374439, 0.39457154110074044, 0.3805182391405106, 0.37694197028875354, 0.36141269717365504, 0.3521997053548694, 0.42356745541095736, 0.3588055431470275, 0.34320805318653586, 0.35253588270395997, 0.3432782390713692, 0.34161151994019745, 0.3392824833095074, 0.33807285778224466, 0.3416962513327599, 0.34503464244306087, 0.3474932234361768, 0.34556100230664016, 0.34637879677116873, 0.34398107571527364, 0.3512837716192007, 0.351880875043571, 0.3525397455692291, 0.3496046232804656, 0.35914882592856884, 0.35578080028295517, 0.3637050736322999, 0.36060724794864657, 0.3647651743143797, 0.37098963275551794, 0.36748745270073413, 0.36936555314809083, 0.37017208721488715, 0.37394815906882284, 0.36173639111220834, 0.3711378726363182, 0.37198483522981407, 0.373423358425498, 0.3738262537494302, 0.37219846557825803, 0.3724580476619303, 0.3777179107442498, 0.37784334089607, 0.3834220640361309, 0.37304032023996114, 0.37422480193898083, 0.37538507882505656, 0.3776698949560523]}