{"num_param": 841738, "latency": {"mean": 0.001239706826210022, "std": 4.624878480452445e-05}, "train_acc": [81.48333333333333, 86.91, 88.27, 89.17, 89.66166666666666, 90.205, 90.70166666666667, 91.21, 91.49666666666667, 91.795, 92.21, 92.45833333333333, 92.78666666666666, 93.19166666666666, 93.45833333333333, 93.51833333333333, 93.86, 94.17833333333333, 94.35333333333334, 94.69166666666666, 94.86, 95.165, 95.30333333333333, 95.73333333333333, 95.825, 96.12166666666667, 96.25, 96.50166666666667, 96.81833333333333, 97.01, 97.08833333333334, 97.37166666666667, 97.48, 97.68, 97.83166666666666, 98.025, 98.05333333333333, 98.245, 98.26833333333333, 98.41833333333334, 98.47833333333334, 98.58333333333333, 98.69166666666666, 98.71666666666667, 98.81166666666667, 98.82833333333333, 98.89333333333333, 98.87666666666667, 98.92, 98.93], "train_loss": [0.5431156840547919, 0.36510844009617965, 0.3235329292466243, 0.3006173770874739, 0.2825200520083308, 0.2657731176353991, 0.2513166569856306, 0.2384940477615843, 0.22991711997116607, 0.21923739762821545, 0.2103534697679182, 0.20343674007803203, 0.19331935511281093, 0.18647793407241503, 0.17770895087625832, 0.17368054947194952, 0.16582315903777878, 0.15889881688325355, 0.1524591863838335, 0.14397926848071316, 0.1383116564170147, 0.13281241764392082, 0.12742065640244013, 0.12022353867224107, 0.1166015795711428, 0.1085218518335993, 0.1050672262441367, 0.09952484788683554, 0.09369999101851136, 0.08937324659588436, 0.08502337541586409, 0.08086263157892973, 0.07715572872082703, 0.07289854122636219, 0.06940260386366087, 0.06567203846139212, 0.06326017292837302, 0.05994836668328692, 0.05882639331005824, 0.05484041534170198, 0.05404177830205299, 0.05232738135343728, 0.05038173264358193, 0.049513792418098695, 0.04795057341378803, 0.0466325205063913, 0.04611201761174016, 0.046100759561328836, 0.04564575026781919, 0.04542764547358578], "test_acc": [85.11, 86.54, 87.49, 87.78, 87.96, 88.32, 88.48, 88.59, 88.64, 88.75, 89.09, 89.04, 89.34, 88.64, 88.97, 88.98, 88.74, 89.19, 89.15, 89.58, 89.24, 89.23, 89.38, 89.33, 89.28, 89.48, 89.33, 89.25, 89.42, 89.42, 89.35, 89.19, 89.32, 89.09, 89.0, 89.15, 89.15, 89.04, 89.2, 89.28, 89.03, 89.18, 89.32, 89.29, 89.12, 89.3, 89.3, 89.17, 89.12, 89.09], "test_loss": [0.4181832532584667, 0.3749727629125118, 0.34940921038389205, 0.34918192885816096, 0.33717711333185435, 0.3317870258539915, 0.32842462249100207, 0.3246568635106087, 0.322871405556798, 0.3255637026205659, 0.31557967610657217, 0.3198248378932476, 0.3223359640315175, 0.3275493812933564, 0.3250172749534249, 0.3284773890301585, 0.33453441482037305, 0.3330232902243733, 0.32953856244683266, 0.3372629510611296, 0.33255456559360025, 0.3409267882630229, 0.34461875995621083, 0.34279073802754284, 0.35015944426879286, 0.3506979372538626, 0.35492822678759695, 0.35959060352295635, 0.36151883339509366, 0.36718524929136037, 0.3722567229438573, 0.3765010605379939, 0.37653232166543604, 0.3803367936983705, 0.38745918868109586, 0.38838908649981024, 0.3897870778106153, 0.39185881210491064, 0.39479707267135383, 0.39512459525838495, 0.39890747832134366, 0.39972116312012074, 0.4002997981570661, 0.40183707254938783, 0.40323310082778335, 0.40128671363927426, 0.40147504035383463, 0.40129931680858133, 0.40229336914606395, 0.40266238862648607]}