{"num_param": 77834, "latency": {"mean": 0.00026901633739471434, "std": 2.4786961663323886e-05}, "train_acc": [82.14833333333333, 87.09833333333333, 88.39333333333333, 89.32333333333334, 89.96, 90.70166666666667, 91.275, 91.79, 92.16, 92.45, 92.82166666666667, 93.22333333333333, 93.44166666666666, 93.745, 94.04333333333334, 94.43166666666667, 94.55333333333333, 94.77, 95.155, 95.27333333333333, 95.45666666666666, 95.56, 95.79666666666667, 96.00333333333333, 96.15333333333334, 96.32166666666667, 96.42833333333333, 96.58333333333333, 96.64166666666667, 96.86166666666666, 96.985, 97.06, 97.13166666666666, 97.245, 97.33666666666667, 97.44666666666667, 97.53833333333333, 97.545, 97.715, 97.76833333333333, 97.78166666666667, 97.92, 97.86666666666666, 97.865, 97.93833333333333, 97.925, 97.97166666666666, 97.94166666666666, 97.88, 97.945], "train_loss": [0.5272757599378626, 0.36493386389066773, 0.32483844460298616, 0.2969155715405941, 0.27609690620253485, 0.25706996774300933, 0.24255640050706764, 0.23091771154354016, 0.21771775160605708, 0.20943977879049877, 0.1992255550638462, 0.18998779460166892, 0.18240366080775858, 0.17336428321897984, 0.16599653078553578, 0.15797760269294184, 0.15289877944470695, 0.14706515928264707, 0.13958149091961483, 0.1363688492650787, 0.13027159944642336, 0.12589393658253054, 0.12160494287032635, 0.11744009462185204, 0.1130271943542175, 0.10994670377190535, 0.10428022559499368, 0.10095054454325388, 0.09944933611589174, 0.09490237077853332, 0.0924268426722847, 0.08996552474719162, 0.08782284702640027, 0.08513664796637992, 0.08377130863955244, 0.0808030720675985, 0.07997011854235704, 0.07815689898096025, 0.07668777215449761, 0.07515170178220917, 0.07428749625493462, 0.07244049788840735, 0.07231480371284608, 0.07177712932423068, 0.0705068416482148, 0.07068615005196383, 0.06970246309026455, 0.07011172950112571, 0.07076784627589708, 0.06948520067458351], "test_acc": [84.93, 86.88, 87.74, 87.83, 88.86, 88.87, 88.61, 89.34, 89.17, 89.46, 89.4, 89.61, 89.23, 89.89, 89.36, 89.7, 90.08, 90.01, 89.44, 89.76, 90.04, 89.68, 89.83, 89.9, 89.89, 89.91, 90.03, 89.69, 90.17, 89.98, 90.23, 89.9, 89.85, 90.14, 90.0, 90.03, 90.03, 89.91, 90.13, 89.83, 89.99, 89.92, 90.17, 90.1, 89.98, 90.04, 90.04, 90.06, 90.14, 90.13], "test_loss": [0.42525580629706383, 0.36374799683690073, 0.3450395900756121, 0.34145473651587965, 0.32188096214085815, 0.31271678775548933, 0.31750147353857755, 0.3041743642091751, 0.30908162066712974, 0.30232021268457177, 0.3063182811066508, 0.29946060046553613, 0.309856078363955, 0.30410986408591273, 0.3042435673251748, 0.30638082344084977, 0.30549862565472724, 0.3062919995188713, 0.3170807019993663, 0.31559439580887555, 0.3144430988654494, 0.3179396662116051, 0.31154032887890937, 0.3179612869769335, 0.31763794902712106, 0.3204961767047644, 0.3231134891137481, 0.33263016181066635, 0.3239162222854793, 0.3294768310151994, 0.3287098997831345, 0.331245073126629, 0.3327699386700988, 0.3339152987487614, 0.3328595456108451, 0.33289460763335227, 0.3325211311876774, 0.3365324183739722, 0.3326128865778446, 0.3356679362617433, 0.3358391872420907, 0.3358307869918644, 0.33726958245038985, 0.33661111027002333, 0.3381516407802701, 0.33712496927008034, 0.33763997873291374, 0.3366724796593189, 0.3360246464423835, 0.33770277693867684]}