{"num_param": 546826, "latency": {"mean": 0.0003799746751785278, "std": 3.03321523164574e-05}, "train_acc": [81.72, 87.12833333333333, 88.63, 89.66166666666666, 90.64833333333333, 91.32, 91.87333333333333, 92.54833333333333, 93.03833333333333, 93.54666666666667, 94.07333333333334, 94.35833333333333, 94.865, 95.13333333333334, 95.58, 95.9, 96.11666666666666, 96.375, 96.705, 97.02666666666667, 97.135, 97.365, 97.63166666666666, 97.83166666666666, 97.98166666666667, 98.16666666666667, 98.35, 98.38, 98.555, 98.59666666666666, 98.76, 98.885, 98.96833333333333, 98.97833333333334, 99.07, 99.12166666666667, 99.22666666666667, 99.215, 99.24166666666666, 99.31833333333333, 99.35, 99.40666666666667, 99.34666666666666, 99.40333333333334, 99.4, 99.47333333333333, 99.37833333333333, 99.42333333333333, 99.435, 99.45333333333333], "train_loss": [0.5442588484783968, 0.3621225156635046, 0.31621675603091715, 0.2855146646313369, 0.25973265189677475, 0.24058255436830223, 0.22292644506320358, 0.20680787868176898, 0.19274999733393391, 0.18022147714160383, 0.167008230627204, 0.15809226325557876, 0.14595831769518555, 0.13795994142846515, 0.126776698854131, 0.1183935333089903, 0.11218347595849384, 0.10523829460376874, 0.09830685979686678, 0.09105108164250851, 0.08579506066006919, 0.08044955555349588, 0.07488293617963791, 0.06929180433585619, 0.06637005886567446, 0.061813199555811785, 0.05753068692516536, 0.05571734731939311, 0.052002188279681526, 0.049629980312117065, 0.04646889856628453, 0.04395725126378238, 0.04209514782511784, 0.040365377931933226, 0.038526834661218645, 0.03763239573745523, 0.03551064555416815, 0.034529266252260035, 0.03421748828647348, 0.0329279431537725, 0.03217179997513692, 0.030541997659020124, 0.031267400214564985, 0.030031096316912833, 0.030009688837065673, 0.029250689504939753, 0.030003304604130487, 0.029634012405294924, 0.029329309778210397, 0.029085940326525207], "test_acc": [85.23, 86.26, 87.3, 88.07, 88.07, 88.51, 88.04, 88.59, 88.31, 88.71, 88.79, 88.63, 88.55, 88.98, 88.81, 89.08, 88.82, 89.09, 88.96, 89.05, 89.07, 88.91, 89.02, 88.68, 88.97, 88.81, 88.94, 89.11, 89.08, 88.95, 89.06, 88.89, 89.05, 88.96, 89.07, 88.91, 88.87, 88.96, 88.96, 89.04, 88.98, 88.75, 88.94, 88.94, 88.92, 89.01, 88.84, 89.01, 88.92, 89.11], "test_loss": [0.4097290738672018, 0.3784798187017441, 0.3458383856713772, 0.33459483101964, 0.3242262426391244, 0.31892766274511813, 0.3225175893679261, 0.3228148286417127, 0.3249727787822485, 0.3247516478970647, 0.3226564600691199, 0.3279407775774598, 0.33781968753784897, 0.32888738479465246, 0.3353912178426981, 0.3342155269905925, 0.34207483105361464, 0.34154787663370373, 0.3634099715575576, 0.3568735520169139, 0.3609765501320362, 0.36706026408821346, 0.36676129173487426, 0.3729705410450697, 0.3789379671961069, 0.3809706987440586, 0.38675340071320535, 0.3884272552281618, 0.39325644593685866, 0.3964266816154122, 0.40164271388202905, 0.4034245848655701, 0.4053543718159199, 0.41248495135456326, 0.41279463808983563, 0.4160041731223464, 0.41696882102638483, 0.41817665822803973, 0.4255790362879634, 0.4204795050621033, 0.4233847013860941, 0.42707753393799064, 0.42585814781486986, 0.4271218788251281, 0.4293084563687444, 0.4276455995067954, 0.42706383153796196, 0.4285671830549836, 0.42557195980101825, 0.42876778930425646]}