{"num_param": 289802, "latency": {"mean": 0.0011482383489608765, "std": 4.2982246527643564e-05}, "train_acc": [72.92833333333333, 82.91666666666667, 85.00166666666667, 86.19166666666666, 87.00666666666666, 87.59833333333333, 88.23, 88.73333333333333, 89.13166666666666, 89.445, 89.75166666666667, 90.04166666666667, 90.42, 90.60333333333334, 90.84166666666667, 91.11, 91.245, 91.43166666666667, 91.70333333333333, 91.77333333333333, 91.995, 92.115, 92.35166666666667, 92.44166666666666, 92.52, 92.715, 92.90666666666667, 92.955, 93.025, 93.23, 93.35666666666667, 93.44166666666666, 93.44166666666666, 93.625, 93.62166666666667, 93.76, 93.84666666666666, 93.77833333333334, 93.81666666666666, 93.895, 94.02, 93.97666666666667, 94.10833333333333, 94.02, 94.03833333333333, 93.99, 94.11833333333334, 94.08666666666667, 94.095, 94.03333333333333], "train_loss": [0.9124256737281878, 0.5157851910839478, 0.43664729935427504, 0.394560856235524, 0.3667966247101625, 0.34793095601722596, 0.3307221493683755, 0.31685622143869596, 0.3048573406847815, 0.29599377036094665, 0.28609076974292597, 0.2781889594967167, 0.26935850421587626, 0.2639525077678263, 0.2563498486764729, 0.25155712218334275, 0.24551519165125987, 0.24122169351826112, 0.23460537330868345, 0.23115340262341003, 0.22632509894669056, 0.22290922944123545, 0.21789977515426776, 0.2142494827043265, 0.2108693684792767, 0.2081086035290112, 0.204593874681741, 0.2018671106516073, 0.198730442126592, 0.19547009872893492, 0.19368465781522293, 0.191096736167868, 0.19046642012583712, 0.18752680372136335, 0.18503863104929527, 0.18385810812624792, 0.18177928750092784, 0.18136203743206958, 0.17983440071033935, 0.1791134082401792, 0.17835138847120105, 0.17836008611445625, 0.17617330990421276, 0.17577542749233543, 0.17602868628998597, 0.17574734199792147, 0.17534336800066133, 0.1745007584585498, 0.17496311414986848, 0.17624311528168618], "test_acc": [80.66, 83.56, 84.88, 85.34, 86.13, 86.78, 87.22, 87.21, 87.71, 87.76, 87.97, 87.79, 88.22, 88.17, 88.07, 88.21, 88.18, 88.49, 88.33, 88.4, 88.47, 88.42, 88.44, 88.46, 88.51, 88.47, 88.54, 88.59, 88.55, 88.48, 88.61, 88.66, 88.6, 88.68, 88.61, 88.5, 88.65, 88.52, 88.71, 88.5, 88.57, 88.41, 88.55, 88.58, 88.73, 88.69, 88.68, 88.62, 88.73, 88.56], "test_loss": [0.6157565318048001, 0.48906434774398805, 0.4360627342015505, 0.41711889252066614, 0.3886831071972847, 0.3763864701986313, 0.36598483599722387, 0.3571573282033205, 0.34819341834634543, 0.344072903804481, 0.3411804870516062, 0.3371711564064026, 0.3336729418858886, 0.3313235744088888, 0.33116424299776553, 0.3277220544591546, 0.3254974499344826, 0.32275217842310666, 0.3230837793275714, 0.32158509001135827, 0.32119647443294524, 0.32652150716632605, 0.31901388730853797, 0.31825948983430863, 0.324334655739367, 0.3207388545572758, 0.3176173776388168, 0.31695765499025585, 0.31740794219076635, 0.32103292245417836, 0.3191801042854786, 0.31541008219122885, 0.3203687950223684, 0.31738522950559855, 0.3189527015760541, 0.32074101082980633, 0.31661795619875194, 0.3196272623166442, 0.31795768823474646, 0.3245879328995943, 0.31658874321728947, 0.32016573429107664, 0.3231591130420566, 0.3197911351546645, 0.31678995475172994, 0.315907067283988, 0.32606841389089825, 0.3167704673856497, 0.3211288622394204, 0.3164890788495541]}