{"num_param": 863242, "latency": {"mean": 0.0011542833566665649, "std": 4.3773507127539285e-05}, "train_acc": [75.81166666666667, 84.25333333333333, 86.44166666666666, 87.75333333333333, 88.44833333333334, 89.215, 89.83333333333333, 90.39, 90.78333333333333, 91.28666666666666, 91.69833333333334, 92.18833333333333, 92.415, 92.73833333333333, 93.24833333333333, 93.42166666666667, 78.15833333333333, 10.0, 10.0, 10.0, 10.0, 10.0, 10.0, 10.0, 10.0, 10.0, 10.0, 10.0, 10.0, 10.0, 10.0, 10.0, 10.0, 10.0, 10.0, 10.0, 10.0, 10.0, 10.0, 10.0, 10.0, 10.0, 10.0, 10.0, 10.0, 10.0, 10.0, 10.0, 10.0, 10.0], "train_loss": [0.8184861341615518, 0.4762112227951487, 0.3985529719168941, 0.35874225361893575, 0.33106071840350826, 0.3107135659456253, 0.29241734862327573, 0.2768494031888743, 0.263429104834795, 0.2512582117225975, 0.24040572772423427, 0.22893032941035926, 0.2200215646500389, 0.20988907433114945, 0.199939258567368, 0.1921501939619581, NaN, NaN, NaN, NaN, NaN, NaN, NaN, NaN, NaN, NaN, NaN, NaN, NaN, NaN, NaN, NaN, NaN, NaN, NaN, NaN, NaN, NaN, NaN, NaN, NaN, NaN, NaN, NaN, NaN, NaN, NaN, NaN, NaN, NaN], "test_acc": [81.88, 84.6, 85.55, 86.21, 86.71, 87.14, 87.73, 87.54, 87.49, 87.75, 87.81, 87.87, 88.1, 88.17, 88.36, 88.36, 10.0, 10.0, 10.0, 10.0, 10.0, 10.0, 10.0, 10.0, 10.0, 10.0, 10.0, 10.0, 10.0, 10.0, 10.0, 10.0, 10.0, 10.0, 10.0, 10.0, 10.0, 10.0, 10.0, 10.0, 10.0, 10.0, 10.0, 10.0, 10.0, 10.0, 10.0, 10.0, 10.0, 10.0], "test_loss": [0.5747494783997535, 0.4623952481150627, 0.4174549286812544, 0.391751669049263, 0.37853968046605585, 0.36453587267547843, 0.3533132527768612, 0.35270485110580924, 0.34610946003347637, 0.3539751785993576, 0.35064934942871334, 0.44234011009335517, 0.3442488016188145, 0.349191133081913, 0.33959506802260875, 0.3440975774079561, NaN, NaN, NaN, NaN, NaN, NaN, NaN, NaN, NaN, NaN, NaN, NaN, NaN, NaN, NaN, NaN, NaN, NaN, NaN, NaN, NaN, NaN, NaN, NaN, NaN, NaN, NaN, NaN, NaN, NaN, NaN, NaN, NaN, NaN]}