{"num_param": 32778, "latency": {"mean": 0.0007087757825851441, "std": 3.3629318360595494e-05}, "train_acc": [79.64, 85.37166666666667, 86.86166666666666, 87.65, 88.25666666666666, 88.63, 89.10333333333334, 89.41833333333334, 89.62666666666667, 89.97, 90.145, 90.315, 90.47833333333334, 90.63833333333334, 90.835, 91.045, 91.04833333333333, 91.17166666666667, 91.34833333333333, 91.405, 91.44666666666667, 91.69, 91.57833333333333, 91.73666666666666, 91.82166666666667, 91.87333333333333, 91.98166666666667, 92.12166666666667, 92.22, 92.245, 92.18333333333334, 92.36, 92.36833333333334, 92.52, 92.55666666666667, 92.615, 92.59, 92.625, 92.56, 92.68, 92.65333333333334, 92.66833333333334, 92.76666666666667, 92.77833333333334, 92.85166666666667, 92.89833333333333, 92.86, 92.82, 92.79, 92.82166666666667], "train_loss": [0.6105940077826381, 0.4219330872843663, 0.37694058707604805, 0.35100533336400985, 0.332989786354204, 0.31910509925335645, 0.3068547021597624, 0.29683556861554583, 0.289591487882038, 0.28116152238100767, 0.276573239332065, 0.27052448128039636, 0.26574560907669365, 0.2610758978438874, 0.25600216691382227, 0.2526034961268306, 0.2480346759284536, 0.24468122807641823, 0.24145866594898205, 0.23825936863819758, 0.2363318173525234, 0.2315966526294748, 0.2311854580293099, 0.2288252911437303, 0.22596730633328357, 0.2234531513042748, 0.2212614074163139, 0.21866876188044745, 0.2180281003843993, 0.21505397537102303, 0.21549675102345645, 0.21324018166400494, 0.21225477917430302, 0.2099691399683555, 0.20904100032523273, 0.20770594461510578, 0.20707579692204794, 0.2057448521691064, 0.20646318655461074, 0.20519834075743953, 0.20373944144695996, 0.2029574695819368, 0.20250063347630204, 0.20248962139089902, 0.20071795429723957, 0.20103232188150286, 0.20055157545333108, 0.2006038792617619, 0.20107933298995098, 0.20056484498704474], "test_acc": [83.59, 85.08, 85.72, 86.43, 86.92, 87.28, 87.65, 87.75, 87.85, 87.82, 88.06, 88.23, 88.31, 88.17, 88.32, 88.37, 88.42, 88.64, 88.72, 88.7, 88.83, 88.43, 88.32, 88.65, 88.65, 88.71, 88.72, 88.53, 88.91, 88.83, 88.79, 88.75, 88.63, 88.77, 88.74, 88.61, 88.68, 88.93, 88.81, 88.83, 88.8, 88.81, 88.74, 88.79, 88.72, 88.71, 88.86, 88.76, 88.65, 88.69], "test_loss": [0.4777934592217207, 0.4198159471899271, 0.39719496488571165, 0.3813325409591198, 0.3709987412393093, 0.3622818086668849, 0.3524392280727625, 0.34717194143682717, 0.3445615753531456, 0.3445215401425958, 0.3393012100830674, 0.3426883545145392, 0.3376190096139908, 0.337076760828495, 0.33394429333508013, 0.3366161796450615, 0.3340572958439589, 0.32775488384068013, 0.32933505199849605, 0.3306535487994552, 0.32732675489038227, 0.3305657659098506, 0.336248644888401, 0.32824757549911737, 0.32827002193778754, 0.32706797774881124, 0.3239760276302695, 0.32737935073673724, 0.3250043139234185, 0.3248413883149624, 0.32286403261125085, 0.3268107419088483, 0.32413657125085593, 0.32588745359331367, 0.32455186065286395, 0.32109881553798914, 0.32282993983477354, 0.32323987513780594, 0.3275130935385823, 0.32252526152879, 0.32359407264739276, 0.32296958290040495, 0.3249424500390887, 0.3220558198913932, 0.3215836677327752, 0.32323278330266475, 0.3225347872823477, 0.323466955088079, 0.32528521988540887, 0.32396703664213417]}