{"num_param": 125962, "latency": {"mean": 0.0011401342391967773, "std": 4.346745856976077e-05}, "train_acc": [70.86, 81.20333333333333, 83.76166666666667, 84.99833333333333, 85.82333333333334, 86.545, 87.01, 87.54166666666667, 87.65166666666667, 88.03666666666666, 88.305, 88.68333333333334, 88.82, 89.09333333333333, 89.19, 89.32333333333334, 89.515, 89.635, 89.92833333333333, 89.91666666666667, 90.05, 90.16666666666667, 90.25833333333334, 90.32, 90.43, 90.48, 90.56666666666666, 90.69333333333333, 90.75666666666666, 90.765, 90.885, 90.9, 90.975, 91.05666666666667, 91.06833333333333, 91.08833333333334, 91.01166666666667, 91.07666666666667, 91.15666666666667, 91.13666666666667, 91.15833333333333, 91.08333333333333, 91.23, 91.22833333333334, 91.3, 91.2, 91.31666666666666, 91.29833333333333, 91.33833333333334, 91.345], "train_loss": [1.0058130619426568, 0.5728734829773505, 0.47533785077432794, 0.43053679263840117, 0.40319247838109734, 0.3838211763774355, 0.3680365489423275, 0.35399033572524785, 0.3451436277416845, 0.3366305002880593, 0.3275715463422239, 0.3209112647796671, 0.31325783813993135, 0.3078152407457431, 0.3027310099452734, 0.29732763424515724, 0.2942526344147821, 0.2888701872527599, 0.2854986190609634, 0.28167244759698706, 0.2790094849281013, 0.2761602927185595, 0.27239090445761877, 0.27064958929394684, 0.26699489455049236, 0.2657347600844999, 0.2636310206291576, 0.26066284473364554, 0.25922583824023604, 0.2578413287860652, 0.25545722401390475, 0.25358902221235136, 0.2527901208152374, 0.250791090639929, 0.2510081132563452, 0.25049748994410037, 0.2489240682994326, 0.24806965129760405, 0.24754624216196439, 0.24643935330522557, 0.24671994787330429, 0.24615791675324242, 0.24549857797722022, 0.24632449795181552, 0.24458475813890496, 0.24552882613924643, 0.24466852440809211, 0.2439385105514278, 0.2434141351096332, 0.24440051288033526], "test_acc": [78.59, 82.31, 83.76, 84.57, 85.37, 85.79, 86.16, 86.43, 86.77, 86.87, 87.22, 87.37, 87.31, 87.54, 87.6, 87.77, 87.98, 88.02, 88.13, 88.0, 88.25, 88.32, 88.34, 88.41, 88.43, 88.58, 88.62, 88.63, 88.69, 88.64, 88.65, 88.62, 88.7, 88.71, 88.73, 88.62, 88.72, 88.66, 88.88, 88.79, 88.72, 88.66, 88.66, 88.62, 88.63, 88.77, 88.78, 88.84, 88.7, 88.84], "test_loss": [0.6948277105391025, 0.5314406371116638, 0.4713860277086496, 0.4387546008825302, 0.4181414995342493, 0.40282239735126496, 0.3925500017404556, 0.38023959390819073, 0.3725782053917646, 0.36777874276041983, 0.36128326870501043, 0.35714132003486154, 0.3544945664703846, 0.35207880914211276, 0.34937331221997736, 0.3446413003280759, 0.3399621656164527, 0.3387096380442381, 0.33636507917195557, 0.33682138614356516, 0.33300893180072305, 0.3318625931441784, 0.33050233352929353, 0.32948088940232995, 0.32866945073008536, 0.32846508737653496, 0.32829199720174074, 0.32652986571192744, 0.32596441261470316, 0.3260718397051096, 0.32622357677668334, 0.32466517452150584, 0.32296082951128485, 0.3239199650660157, 0.3239794109016657, 0.32321747079491614, 0.3230338294059038, 0.32337903659790757, 0.32219869244843724, 0.32303716337308286, 0.3219157360494137, 0.3219656728208065, 0.32292629178613425, 0.32409860599786044, 0.3224784767255187, 0.3217082291841507, 0.3219064858183265, 0.32128046110272407, 0.3225769369676709, 0.32187876556068656]}