{"num_param": 227338, "latency": {"mean": 0.0012386943340301514, "std": 4.492179945122637e-05}, "train_acc": [80.42, 86.27333333333333, 87.69833333333334, 88.61333333333333, 89.08, 89.81333333333333, 90.24833333333333, 90.70333333333333, 91.17333333333333, 91.27166666666666, 91.60833333333333, 91.99833333333333, 92.255, 92.32666666666667, 92.6, 92.90666666666667, 93.14166666666667, 93.46166666666667, 93.65166666666667, 93.74666666666667, 93.92666666666666, 94.19, 94.29666666666667, 94.56666666666666, 94.68666666666667, 94.94166666666666, 95.06333333333333, 95.25333333333333, 95.375, 95.56, 95.71166666666667, 95.83666666666667, 95.94833333333334, 96.19333333333333, 96.14666666666666, 96.36833333333334, 96.57833333333333, 96.575, 96.70166666666667, 96.705, 96.765, 96.89333333333333, 96.95, 96.99666666666667, 97.00833333333334, 97.11166666666666, 97.125, 97.07333333333334, 97.165, 97.135], "train_loss": [0.5753467697153489, 0.3820455429020027, 0.3402757664335271, 0.31671308966353534, 0.2972278581559658, 0.2796910437196493, 0.26732292531368634, 0.2568880627397448, 0.24529215699372192, 0.23794416381667058, 0.22885875639816125, 0.21943277353731294, 0.2126940990673999, 0.20698994911586244, 0.20018426970113068, 0.1937191585699717, 0.18705249646057684, 0.18163213168891768, 0.1747393934180339, 0.17130043949155757, 0.16656006319758793, 0.15848686997313052, 0.15661468509119003, 0.15028586283947032, 0.14514920948228488, 0.14213223167384664, 0.13658351751199613, 0.13500115742286045, 0.1304273652068029, 0.1262689844161893, 0.12156708740474036, 0.11925849640741944, 0.1156553078823102, 0.11133016179936628, 0.11187285368796437, 0.10735172125976533, 0.10453315286974733, 0.1029703063579897, 0.10095876158525546, 0.10008039018294464, 0.0971598045155406, 0.09555862512361879, 0.09397015322310229, 0.09318790376962473, 0.09320337573842456, 0.09255834098517274, 0.09183881903300062, 0.09136634082455809, 0.09008479687656896, 0.09077586937618132], "test_acc": [84.84, 86.02, 86.81, 87.7, 87.79, 87.92, 88.37, 88.53, 88.49, 88.6, 88.72, 88.48, 88.74, 88.9, 88.93, 89.04, 88.75, 88.66, 88.91, 88.88, 88.88, 88.73, 88.94, 88.65, 88.8, 89.0, 89.14, 88.92, 88.63, 88.84, 89.05, 88.89, 88.91, 89.07, 89.08, 88.9, 88.88, 89.11, 89.01, 88.97, 88.96, 89.04, 89.02, 88.99, 89.07, 88.93, 88.98, 89.04, 89.01, 88.91], "test_loss": [0.4272518425434828, 0.3851797732710838, 0.364400296472013, 0.34961165234446523, 0.34296565022319553, 0.33936293467879297, 0.3300283984467387, 0.3293505707383156, 0.32914409261196853, 0.32476401392370463, 0.3232606954500079, 0.3232351352274418, 0.32058689136058094, 0.3235533045232296, 0.32166555866599084, 0.32466018963605164, 0.3237935395911336, 0.33048445988446473, 0.33153031174093484, 0.3261901348829269, 0.3354190349578857, 0.3326467629522085, 0.33598963215947153, 0.3433363515138626, 0.34555573791265487, 0.34238255601376294, 0.3409538555145264, 0.3443068699538708, 0.35071699423715474, 0.3482293479144573, 0.3517731039226055, 0.35092677000910044, 0.3549347358755767, 0.3543327387236059, 0.3566812690347433, 0.3584490139596164, 0.36058326460421086, 0.362864269502461, 0.36004507895559074, 0.361815982516855, 0.3624228790216148, 0.36607417680323123, 0.3635050501860678, 0.3647234511002898, 0.3634814715385437, 0.3638584686256945, 0.3654155114106834, 0.36461331162601707, 0.3639186292700469, 0.3641130106896162]}