{"num_param": 386058, "latency": {"mean": 0.000699502444267273, "std": 3.506889520024066e-05}, "train_acc": [81.69666666666667, 87.26, 88.725, 89.695, 90.66, 91.29, 91.96, 92.27333333333333, 92.89, 93.35666666666667, 93.63833333333334, 94.13333333333334, 94.49166666666666, 94.87666666666667, 95.25333333333333, 95.55833333333334, 95.85166666666667, 96.06833333333333, 96.40833333333333, 96.60166666666667, 96.855, 97.11166666666666, 97.30833333333334, 97.52833333333334, 97.60666666666667, 97.87166666666667, 98.04833333333333, 98.21666666666667, 98.34333333333333, 98.485, 98.60333333333334, 98.77333333333333, 98.825, 98.88666666666667, 99.04, 99.03166666666667, 99.14666666666666, 99.21, 99.21166666666667, 99.335, 99.34166666666667, 99.32666666666667, 99.425, 99.45833333333333, 99.445, 99.47166666666666, 99.43833333333333, 99.505, 99.49833333333333, 99.475], "train_loss": [0.5387636752178272, 0.356434676622351, 0.3100836159971853, 0.2808927745496233, 0.25768448193868, 0.23880589780397712, 0.22221875452436507, 0.20892972714578112, 0.19411555623325208, 0.18333196008888383, 0.17387653467866282, 0.16228677902836353, 0.1524964610269914, 0.1430999585147947, 0.1344371540968617, 0.126047660408852, 0.11873116013982023, 0.11106442807630325, 0.10562818669869255, 0.0996672740066424, 0.09337547161810411, 0.08681824205831314, 0.0824865921633318, 0.07680105745016287, 0.07389040724219133, 0.06809452694763118, 0.06419546018432205, 0.0601597233574527, 0.05769394982761393, 0.053570980796357616, 0.050962671529268845, 0.04700780295863903, 0.045582062849619735, 0.04335262020351365, 0.04108735356247053, 0.039878484196184824, 0.0380825646140147, 0.03605672695324756, 0.03487345633058188, 0.033392908761549434, 0.03247435013957632, 0.03194022605079226, 0.031134944758183944, 0.03075565638738529, 0.029950976837038373, 0.02928746239844865, 0.029482201759625848, 0.028335377227437373, 0.02888489015652643, 0.028782295155300137], "test_acc": [85.35, 87.21, 87.45, 88.05, 88.44, 88.86, 88.87, 89.15, 88.9, 89.22, 89.01, 89.06, 89.23, 88.88, 89.24, 89.41, 89.12, 89.21, 89.1, 89.06, 89.1, 88.94, 89.23, 88.94, 88.98, 89.06, 88.95, 88.97, 89.17, 89.04, 88.84, 89.05, 89.16, 88.88, 89.05, 88.96, 88.92, 89.04, 89.05, 89.04, 88.94, 88.97, 88.97, 88.96, 88.85, 88.87, 88.98, 88.97, 89.06, 89.02], "test_loss": [0.3963277021795511, 0.35217432357370854, 0.33642707370221614, 0.3227862549945712, 0.318186857663095, 0.3137547690421343, 0.30782857272773984, 0.30967380065470934, 0.3097869449853897, 0.31112530585378406, 0.31129326971247795, 0.3178789919987321, 0.31847258258610966, 0.33459883760660886, 0.3308199703320861, 0.32863997235894205, 0.3309588396549225, 0.33762401446700097, 0.34760913271456956, 0.3543276725523174, 0.3609951324760914, 0.35805389035493135, 0.36817661799490453, 0.3749685338512063, 0.3755391949787736, 0.37880744934082033, 0.38700693037360906, 0.3887300531938672, 0.39338273476809266, 0.3960766943916678, 0.39761871207505467, 0.4061914446949959, 0.4145250031538308, 0.4124817376583815, 0.4162315947562456, 0.41961559837684037, 0.4180514796078205, 0.4207083283737302, 0.42215408764779566, 0.42631768856197594, 0.426854580976069, 0.4267175443843007, 0.42782729644328354, 0.4321080070734024, 0.4306421725824475, 0.4316715907678008, 0.43360156908631325, 0.4319498348981142, 0.4290497424080968, 0.43418162781745195]}