{"num_param": 841738, "latency": {"mean": 0.0012366884231567383, "std": 4.743840918318872e-05}, "train_acc": [81.58666666666667, 86.91666666666667, 88.36333333333333, 89.31, 89.88, 90.46666666666667, 90.83333333333333, 91.29333333333334, 91.72833333333334, 92.07333333333334, 92.41166666666666, 92.675, 93.01833333333333, 93.25666666666666, 93.50333333333333, 93.72, 94.07833333333333, 94.425, 94.66166666666666, 94.84, 95.16333333333333, 95.275, 95.625, 95.9, 96.06666666666666, 96.235, 96.54166666666667, 96.75333333333333, 96.81166666666667, 97.14166666666667, 97.34833333333333, 97.47, 97.59333333333333, 97.68833333333333, 97.895, 98.09333333333333, 98.20166666666667, 98.34666666666666, 98.36, 98.56666666666666, 98.66833333333334, 98.64833333333333, 98.68, 98.78, 98.89166666666667, 98.95333333333333, 98.88166666666666, 98.91333333333333, 98.955, 98.995], "train_loss": [0.5393197150031726, 0.3635900261749824, 0.32222292917470136, 0.2948536513062815, 0.27668629217892887, 0.2619669765885919, 0.249402351329724, 0.2369512362095217, 0.2264294121352335, 0.21622489019607505, 0.20753595339444778, 0.20031430796409647, 0.1916828244784847, 0.18445177195593715, 0.17634305748778084, 0.17040482599909107, 0.16289079441378515, 0.1544485122927775, 0.14918430113388848, 0.14217442741772782, 0.13570053388364614, 0.13061210517616323, 0.12436042007058859, 0.1177959544529828, 0.11289765911176801, 0.10819834134696672, 0.10112203893096497, 0.09636271522535632, 0.0929863082175143, 0.08720856015337632, 0.08227552631792302, 0.07878764395485632, 0.0745108734346771, 0.072012249987262, 0.06762535620558387, 0.06391370605910197, 0.06177760131501903, 0.05902865416991214, 0.05730265191794994, 0.05350967627290326, 0.05156720362138003, 0.05105617440616091, 0.04928388120179685, 0.04869946287944913, 0.04635377549837964, 0.045693382122747914, 0.04576202419004403, 0.04464996131137013, 0.044271705121888466, 0.04420340285151421], "test_acc": [85.21, 86.68, 87.63, 87.75, 88.22, 88.24, 88.04, 88.65, 88.81, 88.98, 88.57, 88.64, 88.85, 88.84, 88.84, 88.97, 88.85, 89.1, 88.42, 89.03, 88.89, 89.0, 89.26, 88.95, 89.19, 88.96, 88.92, 88.98, 89.17, 88.95, 89.05, 89.05, 89.03, 88.85, 88.97, 89.14, 88.98, 89.17, 88.9, 89.09, 89.02, 88.96, 89.1, 88.99, 88.98, 89.04, 89.01, 89.12, 89.17, 89.16], "test_loss": [0.41712160781025887, 0.3695418277382851, 0.3484688626974821, 0.3415708017349243, 0.32821865726262334, 0.32423264399170876, 0.3284353417158127, 0.31901299066841604, 0.3208250271901488, 0.31536156587302683, 0.3232006175816059, 0.3175996255502105, 0.32250808760523797, 0.32258457263931634, 0.33133182797580957, 0.3340506202727556, 0.32602790648117663, 0.33432657215744255, 0.34454069174826146, 0.33886275578290226, 0.339911010582, 0.3430994957499206, 0.34459095044061544, 0.35293738840147854, 0.352702051885426, 0.36318865239620207, 0.3622777304239571, 0.36830468449741605, 0.37008423056453466, 0.37812488244846465, 0.37927300525829194, 0.3864345719665289, 0.3843528198264539, 0.38957239098846913, 0.39248170334845783, 0.3957667804788798, 0.3926865970157087, 0.3977662602439523, 0.40140325581654906, 0.40023371135815977, 0.4044888043962419, 0.40534459648653864, 0.4032436917629093, 0.40834370970726014, 0.40713379975408315, 0.40904051063582303, 0.40603028424084187, 0.40739121662452815, 0.410596912316978, 0.4052169061824679]}