{"num_param": 201738, "latency": {"mean": 0.0007054857492446899, "std": 3.623052441166057e-05}, "train_acc": [80.75166666666667, 86.735, 88.26166666666667, 89.23666666666666, 89.91, 90.57666666666667, 91.08333333333333, 91.60833333333333, 92.10666666666667, 92.45833333333333, 92.795, 93.26, 93.60833333333333, 93.81, 94.13833333333334, 94.35333333333334, 94.62, 94.87166666666667, 95.11833333333334, 95.46166666666667, 95.60666666666667, 95.69166666666666, 96.01333333333334, 96.145, 96.36833333333334, 96.50333333333333, 96.685, 96.85166666666667, 96.95333333333333, 97.07333333333334, 97.22, 97.385, 97.37666666666667, 97.56833333333333, 97.69166666666666, 97.76833333333333, 97.77666666666667, 97.90666666666667, 97.90666666666667, 97.995, 98.08333333333333, 98.09166666666667, 98.20666666666666, 98.165, 98.14166666666667, 98.15, 98.295, 98.34666666666666, 98.29, 98.20833333333333], "train_loss": [0.5648249717305104, 0.37277375754589837, 0.326153811601301, 0.297223771441107, 0.27682350887606544, 0.25765280112624167, 0.24357765924806396, 0.23191524339839817, 0.21806001213689646, 0.207028263102596, 0.19806646260122457, 0.18748646048208079, 0.17925061247621973, 0.1713954690285027, 0.16393836952280252, 0.15715327933741113, 0.14995960205172498, 0.14432291972606132, 0.13725324138067663, 0.13106523150267702, 0.12545559983079632, 0.12134949635559072, 0.11561763540220757, 0.11169974567213406, 0.10692519548969964, 0.10315451112265388, 0.09959218605421484, 0.09595752687426284, 0.09284243105600277, 0.08998550929439565, 0.0860310532641597, 0.0825166986649856, 0.08034480563714169, 0.07860815988155082, 0.07564522538955012, 0.07332090791004399, 0.0727583151566796, 0.0698789150438582, 0.06942387192199627, 0.06788484040802965, 0.06677875380264595, 0.06543815225168752, 0.06428702771353224, 0.06440996133023873, 0.0641005968558602, 0.06328027291844289, 0.062054058779031036, 0.06236455224920064, 0.06201146785907137, 0.06244544273708016], "test_acc": [84.54, 86.16, 87.14, 87.33, 87.52, 88.11, 88.37, 88.19, 88.46, 88.6, 88.59, 88.65, 88.64, 88.49, 88.47, 88.69, 88.47, 88.66, 88.62, 88.56, 88.78, 88.72, 88.86, 88.61, 88.47, 88.37, 88.55, 88.69, 88.35, 88.56, 88.54, 88.53, 88.33, 88.47, 88.61, 88.57, 88.64, 88.55, 88.67, 88.54, 88.61, 88.57, 88.47, 88.62, 88.63, 88.37, 88.5, 88.56, 88.57, 88.53], "test_loss": [0.4247283562272787, 0.3804582726955414, 0.35284838773310184, 0.34418385043740274, 0.33750877376645805, 0.329528915733099, 0.32581492893397807, 0.32427394662052395, 0.32167113207280634, 0.31909295104444024, 0.3272852767631412, 0.3277591856196523, 0.3298434979096055, 0.33044888246804477, 0.34456734182313087, 0.330309746582061, 0.3390978541597724, 0.3392287131398916, 0.3390919664502144, 0.3486368943378329, 0.34876994747668505, 0.34841655695810914, 0.3597144454717636, 0.3596644349768758, 0.3620332457497716, 0.36763124629855154, 0.3687282294780016, 0.37172480054199697, 0.37551865957677366, 0.37835296168923377, 0.38045529890805485, 0.3815931712090969, 0.3857110391557217, 0.3862328558787704, 0.38422575280070304, 0.38909874387085436, 0.3884142476320267, 0.3925103272870183, 0.39100759372115135, 0.392169920951128, 0.39626301642507317, 0.39786193154752253, 0.39505235582590104, 0.39673973198980095, 0.39764642000198364, 0.3983669289201498, 0.3989408519119024, 0.39768909115344286, 0.39690547607839105, 0.3973263954743743]}