{"num_param": 863242, "latency": {"mean": 0.0011501008510589599, "std": 4.484532041875398e-05}, "train_acc": [76.05833333333334, 84.33666666666667, 86.28666666666666, 87.43666666666667, 88.43666666666667, 89.28166666666667, 89.69, 90.26333333333334, 90.91833333333334, 91.37166666666667, 91.73166666666667, 92.14833333333333, 92.53166666666667, 93.02, 93.22166666666666, 93.645, 93.89166666666667, 94.13333333333334, 94.61166666666666, 94.75333333333333, 95.12833333333333, 95.37833333333333, 95.62333333333333, 95.77833333333334, 96.00166666666667, 96.28333333333333, 96.515, 96.72333333333333, 96.82833333333333, 97.08666666666667, 97.28, 97.37, 97.56166666666667, 97.59666666666666, 97.765, 97.89833333333333, 98.08833333333334, 98.08333333333333, 98.17666666666666, 98.27333333333333, 98.28666666666666, 98.36, 98.39666666666666, 98.41166666666666, 98.5, 98.525, 98.49166666666666, 98.56666666666666, 98.57333333333334, 98.44833333333334], "train_loss": [0.8202862292776505, 0.476897251047194, 0.4014287896330158, 0.3613545146708687, 0.3340963901517292, 0.3102507204562426, 0.29290374675144754, 0.2772586204515149, 0.2627116060629487, 0.24999587124213576, 0.23907579402128856, 0.22885421505197884, 0.21775894033101698, 0.2081276386914154, 0.19970662232488393, 0.19076566754219432, 0.18352754233715435, 0.17620600399871666, 0.16674615909655888, 0.1610988030396402, 0.15382601416980227, 0.14699320022327206, 0.1416070645333578, 0.1359293383732438, 0.13066064952251813, 0.12431132943214228, 0.11887238743870208, 0.11400104588751371, 0.11041733103338629, 0.10480940834153443, 0.10075086186717574, 0.09721995316601048, 0.09320772033339987, 0.09198663234555472, 0.08776934654296686, 0.08507560063929608, 0.08201589051013192, 0.08081096628836046, 0.07823061279642085, 0.07643887326509381, 0.07589327187587817, 0.07395675420062617, 0.0727781256265007, 0.07213835613181194, 0.07080972540580358, 0.0703791259857826, 0.0693813676123197, 0.06870438376752039, 0.06878069314484794, 0.06969395758040871], "test_acc": [82.11, 84.7, 85.61, 86.43, 86.77, 87.29, 87.47, 88.01, 88.1, 88.19, 88.25, 88.59, 88.38, 88.51, 88.65, 88.52, 88.72, 88.67, 88.26, 88.43, 88.83, 88.75, 88.56, 88.61, 88.58, 88.43, 88.72, 88.74, 88.46, 88.79, 88.82, 88.53, 88.56, 88.6, 88.48, 88.71, 88.6, 88.62, 88.8, 88.54, 88.61, 88.6, 88.67, 88.4, 88.48, 88.58, 88.57, 88.47, 88.59, 88.6], "test_loss": [0.5698322194814682, 0.46167309276759627, 0.42040510348975657, 0.3940871448814869, 0.379590762630105, 0.36455895215272904, 0.3594112500175834, 0.3523987951129675, 0.40628209825605155, 0.46079616047441957, 0.37256074979901316, 0.47297676287591456, 0.3764022270217538, 0.36884571336209776, 0.3551360430940986, 0.3749503392726183, 0.3319783540070057, 0.33185644917190077, 0.34582496955990794, 0.3554378256201744, 0.38116694655269384, 0.3880136097222567, 0.4081522066518664, 3.4648513239249588, 0.6577158288657665, 0.4275034910440445, 0.48530262112617495, 375.174418171756, 61.309503050372, 49.75357729684561, 36.02124372623861, 41.570334113426505, 18.47846264667809, 1.322883555814624, 2.109165681749582, 0.838589860163629, 3.829363698028028, 2.670097870826721, 1.7986399476975203, 1.396716049388051, 1.299567881859839, 2.35801389105618, 2.170656042173505, 1.8370460705086589, 1.272433568648994, 1.8306399100646376, 1.6784448816627264, 1.5715805272012948, 1.763723740465939, 1.759607288390398]}