{"num_param": 754698, "latency": {"mean": 0.0006976493597030639, "std": 3.78754479753658e-05}, "train_acc": [81.62833333333333, 87.63166666666666, 89.24666666666667, 90.31833333333333, 91.25666666666666, 92.03666666666666, 92.615, 93.165, 93.62833333333333, 94.14, 94.62333333333333, 95.05833333333334, 95.44833333333334, 95.81333333333333, 96.13333333333334, 96.37666666666667, 96.71833333333333, 97.04, 97.21333333333334, 97.55333333333333, 97.79, 97.97333333333333, 98.21833333333333, 98.445, 98.545, 98.68666666666667, 98.89833333333333, 99.05, 99.12833333333333, 99.26666666666667, 99.31166666666667, 99.45833333333333, 99.47833333333334, 99.585, 99.62166666666667, 99.69666666666667, 99.735, 99.80333333333333, 99.79666666666667, 99.84666666666666, 99.87, 99.86166666666666, 99.87666666666667, 99.88166666666666, 99.91, 99.91666666666667, 99.91, 99.91833333333334, 99.91, 99.95333333333333], "train_loss": [0.5344075142095487, 0.3459203252693017, 0.2978086703829467, 0.26737459217508636, 0.24120317235278588, 0.22132769311157366, 0.20343776111180584, 0.18812956840420764, 0.17562201775610448, 0.16138419845451912, 0.15117655349584916, 0.1388115543918684, 0.12994006343729173, 0.11916003727819771, 0.11038825552910567, 0.1042910128319636, 0.09509224227163941, 0.08792361103541528, 0.08165974578432118, 0.0750209630773558, 0.06838692968827673, 0.06344068808830343, 0.05816285060485825, 0.05268390115854951, 0.04960877356895556, 0.04538743066911896, 0.04078603243804537, 0.037557192498352376, 0.03473145745927468, 0.031076858465676194, 0.029234709425945766, 0.026940343499688123, 0.025046082447709825, 0.022749247946000348, 0.021032559585776957, 0.019353551007419204, 0.01785865220076327, 0.016909613493286693, 0.016164006180188154, 0.01486395317745822, 0.014496012418045818, 0.013728239589739436, 0.013301284447516082, 0.01318132619819759, 0.01260346824749528, 0.011831654038396665, 0.01183096192680144, 0.011877368566589818, 0.011870641011434297, 0.011365557885728777], "test_acc": [85.76, 87.13, 87.95, 88.18, 88.23, 88.75, 88.5, 88.67, 89.13, 88.9, 89.06, 89.11, 88.97, 88.62, 88.94, 89.42, 88.92, 88.98, 89.22, 89.13, 88.97, 89.25, 89.27, 89.33, 89.19, 89.17, 89.41, 89.31, 89.29, 89.06, 89.16, 89.2, 89.09, 89.06, 89.17, 89.35, 89.18, 89.24, 89.22, 89.19, 89.14, 89.17, 89.16, 89.08, 89.21, 89.17, 89.15, 89.13, 89.09, 89.16], "test_loss": [0.39389301486313344, 0.3548160495981574, 0.330435930006206, 0.32577634919434784, 0.32262152530252936, 0.31362234994769095, 0.3170535123720765, 0.3175641496665776, 0.3136618230864406, 0.31671905735507605, 0.32018863936886194, 0.3256488333083689, 0.3308271578140557, 0.340195749849081, 0.33875203667208553, 0.3415976726450026, 0.3552836152538657, 0.3590785481594503, 0.3672286200057715, 0.37090363127179443, 0.3785167632438242, 0.37722755084745585, 0.38647611916065217, 0.38980725524947046, 0.40462563566863535, 0.4069084830582142, 0.41209730139933526, 0.41413685391657057, 0.42665344175882636, 0.4277899395674467, 0.436857055593282, 0.43832681061699985, 0.4416837864741683, 0.45227505415678027, 0.4472807537112385, 0.45130385076627133, 0.45525662469677625, 0.46485333068296314, 0.463668218459934, 0.465330113992095, 0.46342507069930433, 0.468317468976602, 0.4709590424410999, 0.4694771055225283, 0.4754537791479379, 0.4720816352404654, 0.4706975283566862, 0.47159686759114267, 0.47391883813776076, 0.46739237928763033]}