{"num_param": 432138, "latency": {"mean": 0.0012320095777511597, "std": 4.551429085616213e-05}, "train_acc": [80.91833333333334, 86.69166666666666, 88.23166666666667, 89.12166666666667, 89.84, 90.20166666666667, 90.76, 91.205, 91.545, 91.78833333333333, 92.15666666666667, 92.53333333333333, 92.76833333333333, 93.13333333333334, 93.24166666666666, 93.62666666666667, 93.805, 94.01, 94.365, 94.33, 94.68666666666667, 94.97166666666666, 95.27666666666667, 95.35333333333334, 95.57666666666667, 95.84166666666667, 95.935, 96.14, 96.445, 96.64333333333333, 96.615, 96.79833333333333, 97.07666666666667, 97.16666666666667, 97.26333333333334, 97.43166666666667, 97.50666666666666, 97.675, 97.72333333333333, 97.895, 98.02, 98.11666666666666, 98.08333333333333, 98.15666666666667, 98.24833333333333, 98.27833333333334, 98.285, 98.27833333333334, 98.31833333333333, 98.335], "train_loss": [0.5594594049205383, 0.3696114570647478, 0.3261965997206668, 0.3003459605015814, 0.28174801960587503, 0.2668620560566584, 0.25343782759582, 0.2424562447424978, 0.23118209222952524, 0.22383198603677254, 0.21381637604907155, 0.2045090139688303, 0.1972222697827965, 0.1898639542826762, 0.1832648650929332, 0.17578719148257127, 0.16928928278697034, 0.16388304211354504, 0.15706231381278485, 0.153266354650259, 0.14602185699002196, 0.1403730470694912, 0.13503263177971045, 0.12871255042652288, 0.1250961529991279, 0.11883781378079826, 0.11421849770704284, 0.10970590855771055, 0.10359849269113813, 0.0998810888485362, 0.09771546482962246, 0.0939061798201874, 0.08945844430476427, 0.0863117488923793, 0.08272859070838119, 0.07950641150120646, 0.07726965487624209, 0.07465381785295903, 0.07300941395728539, 0.07019704801030457, 0.06825674482000371, 0.0665586745882562, 0.06594099448062479, 0.06475024062713297, 0.06257019490391637, 0.06176093602242569, 0.0615608556882944, 0.06091053248460715, 0.060724855850761136, 0.06023281762143597], "test_acc": [85.23, 86.88, 87.56, 88.2, 88.7, 88.31, 88.85, 89.06, 88.92, 88.82, 88.76, 88.92, 88.84, 88.99, 89.2, 89.09, 88.97, 89.17, 88.99, 89.16, 88.93, 89.06, 88.88, 88.58, 89.08, 89.0, 88.95, 89.03, 88.96, 89.01, 88.43, 88.74, 88.73, 88.92, 88.91, 88.52, 88.89, 88.69, 88.79, 88.91, 88.62, 88.76, 88.85, 88.69, 88.89, 88.66, 88.73, 88.8, 88.85, 88.81], "test_loss": [0.410695608779788, 0.36949609257280824, 0.34598438803106546, 0.33064840368926524, 0.3227009317278862, 0.32543101377785205, 0.3166164418309927, 0.3130363225191832, 0.3164845144376159, 0.3142519187927246, 0.3186089134961367, 0.3171532402932644, 0.3166177417337894, 0.3251649632677436, 0.3181597743183374, 0.3250506305322051, 0.3291279658302665, 0.32461635280400514, 0.3279212098568678, 0.33517495054751634, 0.33921151634305713, 0.3387614836916327, 0.3382311807293445, 0.34947864688932895, 0.34364779595285655, 0.34891542175784707, 0.35308637030422685, 0.3565236911550164, 0.3598877253383398, 0.36021376237273217, 0.37565153343603014, 0.37340514149516824, 0.3728585332632065, 0.37556009393185374, 0.37559441382065417, 0.38089778924360873, 0.3828441317565739, 0.38467980002984403, 0.38888382360339163, 0.38921668000519277, 0.3931069440767169, 0.3949404688179493, 0.3912645376473665, 0.392086687348783, 0.3955003417469561, 0.3935627287067473, 0.39478113075718285, 0.3966745812818408, 0.3966873007081449, 0.39554859954863786]}