{"num_param": 289802, "latency": {"mean": 0.001143769407272339, "std": 4.4182814784519874e-05}, "train_acc": [72.91833333333334, 83.02833333333334, 85.21833333333333, 86.445, 87.375, 87.89166666666667, 88.31666666666666, 88.72833333333334, 89.12833333333333, 89.565, 89.805, 90.05333333333333, 90.395, 90.52166666666666, 90.915, 91.00166666666667, 91.30666666666667, 91.41, 91.58666666666667, 91.695, 91.87166666666667, 92.12333333333333, 92.26, 92.42166666666667, 92.54833333333333, 92.66, 92.82, 92.95833333333333, 92.96666666666667, 93.0, 93.23, 93.23, 93.42166666666667, 93.53, 93.52166666666666, 93.63166666666666, 93.66333333333333, 93.72333333333333, 93.73666666666666, 93.79833333333333, 93.80833333333334, 93.97333333333333, 93.915, 94.045, 94.02, 94.00333333333333, 94.07166666666667, 93.97, 93.94833333333334, 93.90166666666667], "train_loss": [0.9104881224781275, 0.5144642342875401, 0.43099417970826226, 0.39031445442388457, 0.3635197669391831, 0.3430319134394328, 0.3288172882981598, 0.3152312731494506, 0.3046985453243057, 0.29379638192554314, 0.28672941667338214, 0.27815642770379784, 0.2709958831593394, 0.26360587107017636, 0.25757862588390706, 0.2525226982900252, 0.2458549335692078, 0.2409604987067481, 0.2366831936004261, 0.23171885624527933, 0.22776840150356292, 0.2238177285529673, 0.21966511922267576, 0.21491850481679042, 0.21269764508431158, 0.20908681973814963, 0.20592892476047078, 0.20221519825048745, 0.20081056971102954, 0.19841922653528551, 0.19525721059491238, 0.1946285384396712, 0.19142805382298927, 0.18951273639375965, 0.18763373054253557, 0.18625736243401964, 0.1839358772120128, 0.18356539426061014, 0.1820209322993954, 0.18142030104684334, 0.17944993801104525, 0.17912076119954387, 0.17874787903701267, 0.178058667993173, 0.17721786930225789, 0.1769497995544225, 0.177389206411317, 0.17701775464229286, 0.1775603442080319, 0.17789662935771047], "test_acc": [81.14, 84.04, 85.2, 85.96, 86.58, 86.98, 87.16, 87.18, 87.62, 87.75, 87.71, 87.93, 88.08, 88.05, 88.27, 88.36, 88.21, 88.27, 88.46, 88.42, 88.48, 88.43, 88.37, 88.8, 88.63, 88.56, 88.67, 88.75, 88.72, 88.61, 88.78, 88.71, 88.59, 88.78, 88.92, 88.81, 88.87, 88.84, 88.76, 88.67, 88.75, 88.92, 88.78, 88.86, 88.72, 88.87, 88.84, 89.0, 88.79, 88.89], "test_loss": [0.6162245014309883, 0.48194459952414037, 0.43301028430461885, 0.40665089935064314, 0.3886108712852001, 0.3747566814720631, 0.366064824424684, 0.35914021845906974, 0.35234356846660375, 0.3474020724371076, 0.34213838949799535, 0.34072519820183517, 0.337721533998847, 0.3341881074011326, 0.33091238133609296, 0.33021541181951763, 0.33101126708090306, 0.32791331309825184, 0.3267761093378067, 0.3252331978827715, 0.32307483445852997, 0.3256243272870779, 0.3237393633648753, 0.32433882359415295, 0.32195842653512957, 0.32262938864529134, 0.32038215316832064, 0.3205255426838994, 0.32050441481173036, 0.3227210805565119, 0.3193745782971382, 0.3216998552903533, 0.3223149748519063, 0.32085929956287146, 0.3194501180946827, 0.3205978990346193, 0.32245736721903084, 0.3197178955003619, 0.322594373896718, 0.3218395334109664, 0.32253180384635927, 0.32225331824272874, 0.32139629650861024, 0.3217136815190315, 0.323288424089551, 0.32010829221457243, 0.3215010674670339, 0.321302680298686, 0.32255792044103143, 0.32231387063860895]}