{
"01.3_ViT_train_cifar10_patch4_l2_exp64_att_mlp_s147": {
"memory": 1074,
"time_train": {
"mean": 0.10612040519714355,
"std": 0.624363540627217,
"min": 0.012643098831176758,
"max": 4.476657867431641
},
"time_test": {
"mean": 0.017104129791259765,
"std": 0.10801603079473365,
"min": 0.0014836788177490234,
"max": 0.7732162475585938
},
"param": 233930
},
"01.3_ViT_train_cifar10_patch4_l2_exp64_sAtt_mlp_s147": {
"memory": 1060,
"time_train": {
"mean": 0.16214454650878907,
"std": 1.018925121600315,
"min": 0.010918140411376953,
"max": 7.294612884521484
},
"time_test": {
"mean": 0.02151144027709961,
"std": 0.1434070238559329,
"min": 0.0009291172027587891,
"max": 1.0253605842590332
},
"param": 233930
},
"01.3_ViT_train_cifar10_patch4_l2_exp256_att_mlp_s147": {
"memory": 1278,
"time_train": {
"mean": 0.10664340972900391,
"std": 0.6188562629662494,
"min": 0.01614069938659668,
"max": 4.43863320350647
},
"time_test": {
"mean": 0.019467105865478517,
"std": 0.1145800315787297,
"min": 0.002856731414794922,
"max": 0.8215272426605225
},
"param": 1722122
},
"01.3_ViT_train_cifar10_patch4_l2_exp256_sAtt_mlp_s147": {
"memory": 1256,
"time_train": {
"mean": 0.16232095718383788,
"std": 1.0146566355652253,
"min": 0.014547586441040039,
"max": 7.264914274215698
},
"time_test": {
"mean": 0.021963443756103516,
"std": 0.13659469737762472,
"min": 0.0023207664489746094,
"max": 0.9781262874603271
},
"param": 1722122
},
"01.3_ViT_train_cifar10_patch4_l2_exp512_att_mlp_s147": {
"memory": 1570,
"time_train": {
"mean": 0.11701056957244874,
"std": 0.6363945186417641,
"min": 0.024161338806152344,
"max": 4.571770429611206
},
"time_test": {
"mean": 0.021355047225952148,
"std": 0.10732678701438018,
"min": 0.005540609359741211,
"max": 0.7726418972015381
},
"param": 5541386
},
"01.3_ViT_train_cifar10_patch4_l2_exp512_sAtt_mlp_s147": {
"memory": 1504,
"time_train": {
"mean": 0.169476957321167,
"std": 1.0133119289943808,
"min": 0.02321457862854004,
"max": 7.262659549713135
},
"time_test": {
"mean": 0.025243492126464845,
"std": 0.1390283860860218,
"min": 0.004970550537109375,
"max": 0.9984416961669922
},
"param": 5541386
},
"01.3_ViT_train_cifar10_patch4_l2_exp1024_att_mlp_s147": {
"memory": 2188,
"time_train": {
"mean": 0.14484601497650146,
"std": 0.6234324846677035,
"min": 0.05408644676208496,
"max": 4.5088725090026855
},
"time_test": {
"mean": 0.03361982345581055,
"std": 0.11683275762616441,
"min": 0.014922618865966797,
"max": 0.8514449596405029
},
"param": 19471370
},
"01.3_ViT_train_cifar10_patch4_l2_exp1024_sAtt_mlp_s147": {
"memory": 2114,
"time_train": {
"mean": 0.20014229774475098,
"std": 1.0189409026309926,
"min": 0.05105185508728027,
"max": 7.332723379135132
},
"time_test": {
"mean": 0.036429886817932126,
"std": 0.1400083041188924,
"min": 0.014767885208129883,
"max": 1.0164852142333984
},
"param": 19471370
},
"01.3_ViT_train_cifar10_patch2_l2_exp64_att_mlp_s147": {
"memory": 6004,
"time_train": {
"mean": 0.1443251085281372,
"std": 0.6290340450654283,
"min": 0.05171918869018555,
"max": 4.547560214996338
},
"time_test": {
"mean": 0.03144522666931152,
"std": 0.10883456477267137,
"min": 0.015318870544433594,
"max": 0.7932868003845215
},
"param": 723146
},
"01.3_ViT_train_cifar10_patch2_l2_exp64_sAtt_mlp_s147": {
"memory": 1430,
"time_train": {
"mean": 0.13395546913146972,
"std": 0.7990588989885478,
"min": 0.017993688583374023,
"max": 5.727366924285889
},
"time_test": {
"mean": 0.024264292716979982,
"std": 0.13871628567587396,
"min": 0.0038869380950927734,
"max": 0.9952781200408936
},
"param": 723146
},
"01.3_ViT_train_cifar10_patch2_l2_exp256_att_mlp_s147": {
"memory": 6392,
"time_train": {
"mean": 0.159140305519104,
"std": 0.6224010420448259,
"min": 0.06927156448364258,
"max": 4.515946626663208
},
"time_test": {
"mean": 0.03709179878234863,
"std": 0.10611100128180193,
"min": 0.02081131935119629,
"max": 0.7798678874969482
},
"param": 3678986
},
"01.3_ViT_train_cifar10_patch2_l2_exp256_sAtt_mlp_s147": {
"memory": 2030,
"time_train": {
"mean": 0.14677610397338867,
"std": 0.7942566790368891,
"min": 0.029525279998779297,
"max": 5.706567287445068
},
"time_test": {
"mean": 0.030376582145690917,
"std": 0.1428038347729782,
"min": 0.009439468383789062,
"max": 1.0300030708312988
},
"param": 3678986
},
"01.3_ViT_train_cifar10_patch2_l2_exp512_att_mlp_s147": {
"memory": 6934,
"time_train": {
"mean": 0.19280406475067138,
"std": 0.6235661503403921,
"min": 0.10151171684265137,
"max": 4.557765007019043
},
"time_test": {
"mean": 0.04839380264282227,
"std": 0.10488206171399789,
"min": 0.030997276306152344,
"max": 0.7825593948364258
},
"param": 9455114
},
"01.3_ViT_train_cifar10_patch2_l2_exp512_sAtt_mlp_s147": {
"memory": 3116,
"time_train": {
"mean": 0.18395253658294677,
"std": 0.8234154173153523,
"min": 0.06128239631652832,
"max": 5.9478535652160645
},
"time_test": {
"mean": 0.04178534030914307,
"std": 0.1421986433965553,
"min": 0.019188642501831055,
"max": 1.0371711254119873
},
"param": 9455114
},
"01.3_ViT_train_cifar10_patch2_l2_exp1024_att_mlp_s147": {
"memory": 9664,
"time_train": {
"mean": 0.31481457710266114,
"std": 0.6366788561379146,
"min": 0.22187137603759766,
"max": 4.771559953689575
},
"time_test": {
"mean": 0.09567812919616699,
"std": 0.10433775337137009,
"min": 0.07752537727355957,
"max": 0.8260326385498047
},
"param": 27298826
},
"01.3_ViT_train_cifar10_patch2_l2_exp1024_sAtt_mlp_s147": {
"memory": 5590,
"time_train": {
"mean": 0.30017138957977296,
"std": 0.8125490574508188,
"min": 0.1820383071899414,
"max": 5.988009691238403
},
"time_test": {
"mean": 0.08623317718505859,
"std": 0.13504166696857278,
"min": 0.06301164627075195,
"max": 1.0315155982971191
},
"param": 27298826
},
"01.3_ViT_train_cifar10_patch1_l2_exp64_att_mlp_s147": -1,
"01.3_ViT_train_cifar10_patch1_l2_exp64_sAtt_mlp_s147": {
"memory": 3510,
"time_train": {
"mean": 0.2919590902328491,
"std": 1.732438451467761,
"min": 0.04012656211853027,
"max": 12.419026374816895
},
"time_test": {
"mean": 0.03576411724090576,
"std": 0.14146251519280803,
"min": 0.015396595001220703,
"max": 1.0260016918182373
},
"param": 2688650
},
"01.3_ViT_train_cifar10_patch1_l2_exp256_att_mlp_s147": -1,
"01.3_ViT_train_cifar10_patch1_l2_exp256_sAtt_mlp_s147": {
"memory": 6276,
"time_train": {
"mean": 0.23226455688476563,
"std": 0.9396050856280938,
"min": 0.0974733829498291,
"max": 6.809499263763428
},
"time_test": {
"mean": 0.05595254421234131,
"std": 0.13997758909216257,
"min": 0.03432059288024902,
"max": 1.035792589187622
},
"param": 11541002
},
"01.3_ViT_train_cifar10_patch1_l2_exp512_att_mlp_s147": -1,
"01.3_ViT_train_cifar10_patch1_l2_exp512_sAtt_mlp_s147": {
"memory": 10060,
"time_train": {
"mean": 0.4662875509262085,
"std": 1.6911760538057752,
"min": 0.22147369384765625,
"max": 12.304517984390259
},
"time_test": {
"mean": 0.09863524436950684,
"std": 0.1342333232987629,
"min": 0.07562398910522461,
"max": 1.0382554531097412
},
"param": 25179146
},
"01.3_ViT_train_cifar10_patch1_l2_exp1024_att_mlp_s147": -1,
"01.3_ViT_train_cifar10_patch1_l2_exp1024_sAtt_mlp_s147": {
"memory": 19888,
"time_train": {
"mean": 0.8246696615219116,
"std": 1.018974404135492,
"min": 0.6741619110107422,
"max": 7.957481622695923
},
"time_test": {
"mean": 0.2709333324432373,
"std": 0.11358951412896741,
"min": 0.25258374214172363,
"max": 1.0660455226898193
},
"param": 58746890
}
}