{
"01.3_ViT_train_cifar10_patch4_l2_exp64_att_mlp_s147_": {
"memory": 768,
"time_train": {
"mean": 0.104345703125,
"std": 0.6139711166228858,
"min": 0.011528491973876953,
"max": 4.4021337032318115
},
"time_test": {
"mean": 0.016832985877990723,
"std": 0.11212241660339448,
"min": 0.0007786750793457031,
"max": 0.801689863204956
},
"param": 111050
},
"01.3_ViT_train_cifar10_patch4_l2_exp64_sAtt_mlp_s147_": {
"memory": 18,
"time_train": {
"mean": 0.06944779872894287,
"std": 0.37039755553956816,
"min": 0.00882267951965332,
"max": 2.6621899604797363
},
"time_test": {
"mean": 0.018033633232116698,
"std": 0.12016785563575794,
"min": 0.0008168220520019531,
"max": 0.8592085838317871
},
"param": 111050
},
"01.3_ViT_train_cifar10_patch4_l2_exp256_att_mlp_s147_": {
"memory": 104,
"time_train": {
"mean": 0.0645672082901001,
"std": 0.3349779361358212,
"min": 0.010286092758178711,
"max": 2.4093780517578125
},
"time_test": {
"mean": 0.016794028282165526,
"std": 0.11085397468260495,
"min": 0.0008714199066162109,
"max": 0.7927718162536621
},
"param": 1230602
},
"01.3_ViT_train_cifar10_patch4_l2_exp256_sAtt_mlp_s147_": {
"memory": 88,
"time_train": {
"mean": 0.0722121000289917,
"std": 0.38476572811859294,
"min": 0.011944770812988281,
"max": 2.76554799079895
},
"time_test": {
"mean": 0.018376059532165527,
"std": 0.12222706876109664,
"min": 0.00086212158203125,
"max": 0.8739655017852783
},
"param": 1230602
},
"01.3_ViT_train_cifar10_patch4_l2_exp1024_att_mlp_s147_": {
"memory": 580,
"time_train": {
"mean": 0.07015617847442628,
"std": 0.33014258424691084,
"min": 0.021275997161865234,
"max": 2.381150484085083
},
"time_test": {
"mean": 0.02065908432006836,
"std": 0.11036616849028481,
"min": 0.004187822341918945,
"max": 0.7932209968566895
},
"param": 17505290
},
"01.3_ViT_train_cifar10_patch4_l2_exp1024_sAtt_mlp_s147_": {
"memory": 484,
"time_train": {
"mean": 0.07850376605987548,
"std": 0.38418074557221904,
"min": 0.01943373680114746,
"max": 2.7677628993988037
},
"time_test": {
"mean": 0.02257563591003418,
"std": 0.12436798969131901,
"min": 0.004240989685058594,
"max": 0.8931505680084229
},
"param": 17505290
},
"01.3_ViT_train_cifar10_patch2_l2_exp64_att_mlp_s147_": {
"memory": 258,
"time_train": {
"mean": 0.06561145782470704,
"std": 0.34036566992975886,
"min": 0.011644840240478516,
"max": 2.448152542114258
},
"time_test": {
"mean": 0.017750988006591795,
"std": 0.11259839270473947,
"min": 0.0014820098876953125,
"max": 0.8059396743774414
},
"param": 231626
},
"01.3_ViT_train_cifar10_patch2_l2_exp64_sAtt_mlp_s147_": {
"memory": 4,
"time_train": {
"mean": 0.07373255252838135,
"std": 0.39763211845475965,
"min": 0.011158466339111328,
"max": 2.857128143310547
},
"time_test": {
"mean": 0.019010825157165526,
"std": 0.1259114754302908,
"min": 0.0009527206420898438,
"max": 0.9003911018371582
},
"param": 231626
},
"01.3_ViT_train_cifar10_patch2_l2_exp256_att_mlp_s147_": {
"memory": 702,
"time_train": {
"mean": 0.06769351005554199,
"std": 0.32986930109647994,
"min": 0.01873946189880371,
"max": 2.376772403717041
},
"time_test": {
"mean": 0.019346842765808104,
"std": 0.10896475487796298,
"min": 0.003484964370727539,
"max": 0.7820999622344971
},
"param": 1712906
},
"01.3_ViT_train_cifar10_patch2_l2_exp256_sAtt_mlp_s147_": {
"memory": 224,
"time_train": {
"mean": 0.07307777404785157,
"std": 0.3815614363861878,
"min": 0.013393163681030273,
"max": 2.743992328643799
},
"time_test": {
"mean": 0.020376057624816896,
"std": 0.12440227814175836,
"min": 0.0024285316467285156,
"max": 0.8911919593811035
},
"param": 1712906
},
"01.3_ViT_train_cifar10_patch2_l2_exp1024_att_mlp_s147_": {
"memory": 2208,
"time_train": {
"mean": 0.11245165824890137,
"std": 0.3428205732388109,
"min": 0.05979490280151367,
"max": 2.51218581199646
},
"time_test": {
"mean": 0.03495816707611084,
"std": 0.10833981774259203,
"min": 0.017613887786865234,
"max": 0.7933311462402344
},
"param": 19434506
},
"01.3_ViT_train_cifar10_patch2_l2_exp1024_sAtt_mlp_s147_": {
"memory": 1448,
"time_train": {
"mean": 0.11620180130004883,
"std": 0.4016338384290092,
"min": 0.056194305419921875,
"max": 2.927635669708252
},
"time_test": {
"mean": 0.03565474510192871,
"std": 0.12993997432323093,
"min": 0.015272140502929688,
"max": 0.9452311992645264
},
"param": 19434506
},
"01.3_ViT_train_cifar10_patch1_l2_exp64_att_mlp_s147_": {
"memory": 5234,
"time_train": {
"mean": 0.09711604595184326,
"std": 0.29773023764566514,
"min": 0.05024290084838867,
"max": 2.1812212467193604
},
"time_test": {
"mean": 0.03220251083374023,
"std": 0.11390036343272135,
"min": 0.015212297439575195,
"max": 0.8295044898986816
},
"param": 722570
},
"01.3_ViT_train_cifar10_patch1_l2_exp64_sAtt_mlp_s147_": {
"memory": 810,
"time_train": {
"mean": 0.11739039421081543,
"std": 0.6811015140919537,
"min": 0.01713252067565918,
"max": 4.8850953578948975
},
"time_test": {
"mean": 0.02557309150695801,
"std": 0.1477319603460212,
"min": 0.003983736038208008,
"max": 1.0596966743469238
},
"param": 722570
},
"01.3_ViT_train_cifar10_patch1_l2_exp256_att_mlp_s147_": {
"memory": 10772,
"time_train": {
"mean": 0.16799317359924315,
"std": 0.39972809070895804,
"min": 0.10643577575683594,
"max": 2.966074228286743
},
"time_test": {
"mean": 0.05234182357788086,
"std": 0.12402067394763386,
"min": 0.03314709663391113,
"max": 0.9204850196838379
},
"param": 3676682
},
"01.3_ViT_train_cifar10_patch1_l2_exp256_sAtt_mlp_s147_": {
"memory": 1568,
"time_train": {
"mean": 0.12040852069854736,
"std": 0.5684215146107591,
"min": 0.03532290458679199,
"max": 4.099353075027466
},
"time_test": {
"mean": 0.040942320823669436,
"std": 0.2050395097191043,
"min": 0.010580778121948242,
"max": 1.4762182235717773
},
"param": 3676682
},
"01.3_ViT_train_cifar10_patch1_l2_exp1024_att_mlp_s147_": {
"memory": 22588,
"time_train": {
"mean": 0.3983227014541626,
"std": 0.3533104000820787,
"min": 0.3437826633453369,
"max": 2.8714780807495117
},
"time_test": {
"mean": 0.13766472816467284,
"std": 0.11996481550426273,
"min": 0.11586308479309082,
"max": 0.9774012565612793
},
"param": 27289610
},
"01.3_ViT_train_cifar10_patch1_l2_exp1024_sAtt_mlp_s147_": {
"memory": 1144,
"time_train": {
"mean": 0.2886172151565552,
"std": 0.6072970910643587,
"min": 0.1986544132232666,
"max": 4.539689779281616
},
"time_test": {
"mean": 0.09300485134124756,
"std": 0.1371233352022462,
"min": 0.06904315948486328,
"max": 1.0528559684753418
},
"param": 27289610
}
}