{
"01.3_ViT_train_cifar10_patch1_l2_exp64_att_mlp_s147": {
"memory": 21354,
"time_train": {
"mean": 0.3907866621017456,
"std": 1.4039007144613491,
"min": 0.18865728378295898,
"max": 10.218091011047363
},
"time_test": {
"mean": 0.07814843177795411,
"std": 0.09842598893258445,
"min": 0.06328344345092773,
"max": 0.7671291828155518
},
"param": 2688650
},
"01.3_ViT_train_cifar10_patch1_l2_exp64_sAtt_mlp_s147": {
"memory": 1700,
"time_train": {
"mean": 0.14879780292510986,
"std": 0.9054767295776343,
"min": 0.017455101013183594,
"max": 6.487133741378784
},
"time_test": {
"mean": 0.02415776252746582,
"std": 0.14062376519507808,
"min": 0.0035490989685058594,
"max": 1.008523941040039
},
"param": 2688650
},
"01.3_ViT_train_cifar10_patch1_l2_exp256_att_mlp_s147": {
"memory": 21782,
"time_train": {
"mean": 0.4005816411972046,
"std": 1.332724327360307,
"min": 0.20813250541687012,
"max": 9.729648351669312
},
"time_test": {
"mean": 0.08719984531402587,
"std": 0.09935623500067542,
"min": 0.071258544921875,
"max": 0.7826864719390869
},
"param": 11541002
},
"01.3_ViT_train_cifar10_patch1_l2_exp256_sAtt_mlp_s147": {
"memory": 2340,
"time_train": {
"mean": 0.16434891700744628,
"std": 0.9242255896926578,
"min": 0.03164052963256836,
"max": 6.633927583694458
},
"time_test": {
"mean": 0.030404138565063476,
"std": 0.14609524004162086,
"min": 0.00870060920715332,
"max": 1.053070306777954
},
"param": 11541002
},
"01.3_ViT_train_cifar10_patch1_l2_exp512_att_mlp_s147": {
"memory": 22356,
"time_train": {
"mean": 0.436634521484375,
"std": 1.3042948458231702,
"min": 0.24598217010498047,
"max": 9.566693782806396
},
"time_test": {
"mean": 0.1002211332321167,
"std": 0.0947353730825733,
"min": 0.08386540412902832,
"max": 0.7633607387542725
},
"param": 25179146
},
"01.3_ViT_train_cifar10_patch1_l2_exp512_sAtt_mlp_s147": {
"memory": 3536,
"time_train": {
"mean": 0.19172719955444337,
"std": 0.8874782974110779,
"min": 0.06409311294555664,
"max": 6.404074192047119
},
"time_test": {
"mean": 0.04053709030151367,
"std": 0.13878368607262148,
"min": 0.01782989501953125,
"max": 1.0120160579681396
},
"param": 25179146
},
"01.3_ViT_train_cifar10_patch1_l2_exp1024_att_mlp_s147": {
"memory": 23480,
"time_train": {
"mean": 0.48021444797515866,
"std": 0.5921838146363223,
"min": 0.3935096263885498,
"max": 4.625494956970215
},
"time_test": {
"mean": 0.15856131076812743,
"std": 0.08827171163053663,
"min": 0.1413571834564209,
"max": 0.776439905166626
},
"param": 58746890
},
"01.3_ViT_train_cifar10_patch1_l2_exp1024_sAtt_mlp_s147": {
"memory": 6374,
"time_train": {
"mean": 0.31338990688323975,
"std": 0.9072557422829157,
"min": 0.18193960189819336,
"max": 6.6641762256622314
},
"time_test": {
"mean": 0.08482797145843506,
"std": 0.13084873739396757,
"min": 0.06292223930358887,
"max": 1.0007610321044922
},
"param": 58746890
},
"01.3_ViT_train_cifar10_patch2_l2_exp64_att_mlp_s147": {
"memory": 2032,
"time_train": {
"mean": 0.11246922969818116,
"std": 0.6289395719978866,
"min": 0.02145981788635254,
"max": 4.515045166015625
},
"time_test": {
"mean": 0.019687542915344237,
"std": 0.10850844230465125,
"min": 0.003940582275390625,
"max": 0.7792465686798096
},
"param": 723146
},
"01.3_ViT_train_cifar10_patch2_l2_exp64_sAtt_mlp_s147": {
"memory": 1304,
"time_train": {
"mean": 0.18498549938201905,
"std": 1.1747451183982032,
"min": 0.013640403747558594,
"max": 8.408198356628418
},
"time_test": {
"mean": 0.022174787521362305,
"std": 0.1460849382581121,
"min": 0.0011031627655029297,
"max": 1.044769287109375
},
"param": 723146
},
"01.3_ViT_train_cifar10_patch2_l2_exp256_att_mlp_s147": {
"memory": 2172,
"time_train": {
"mean": 0.11478052139282227,
"std": 0.6188370054033905,
"min": 0.025441408157348633,
"max": 4.446638584136963
},
"time_test": {
"mean": 0.021290135383605958,
"std": 0.1077966361846898,
"min": 0.005383729934692383,
"max": 0.7758662700653076
},
"param": 3678986
},
"01.3_ViT_train_cifar10_patch2_l2_exp256_sAtt_mlp_s147": {
"memory": 1500,
"time_train": {
"mean": 0.16892221450805664,
"std": 1.0601313900241731,
"min": 0.015729665756225586,
"max": 7.589839696884155
},
"time_test": {
"mean": 0.022980308532714842,
"std": 0.14150659817782202,
"min": 0.002587556838989258,
"max": 1.013526439666748
},
"param": 3678986
},
"01.3_ViT_train_cifar10_patch2_l2_exp512_att_mlp_s147": {
"memory": 2582,
"time_train": {
"mean": 0.22180622100830077,
"std": 1.318854467623534,
"min": 0.030625581741333008,
"max": 9.453786373138428
},
"time_test": {
"mean": 0.02429165840148926,
"std": 0.10716822912306338,
"min": 0.008279561996459961,
"max": 0.7744684219360352
},
"param": 9455114
},
"01.3_ViT_train_cifar10_patch2_l2_exp512_sAtt_mlp_s147": {
"memory": 1690,
"time_train": {
"mean": 0.1728357982635498,
"std": 1.0348177056914556,
"min": 0.023854732513427734,
"max": 7.416558742523193
},
"time_test": {
"mean": 0.026090612411499025,
"std": 0.1417580354343297,
"min": 0.005280971527099609,
"max": 1.0183959007263184
},
"param": 9455114
},
"01.3_ViT_train_cifar10_patch2_l2_exp1024_att_mlp_s147": {
"memory": 3296,
"time_train": {
"mean": 0.25173779964447024,
"std": 1.307824294810493,
"min": 0.06213569641113281,
"max": 9.406506061553955
},
"time_test": {
"mean": 0.03746483325958252,
"std": 0.11694117415681904,
"min": 0.01796579360961914,
"max": 0.8560423851013184
},
"param": 27298826
},
"01.3_ViT_train_cifar10_patch2_l2_exp1024_sAtt_mlp_s147": {
"memory": 2308,
"time_train": {
"mean": 0.200234317779541,
"std": 1.0222543094687655,
"min": 0.05098152160644531,
"max": 7.356012582778931
},
"time_test": {
"mean": 0.03795216083526611,
"std": 0.1464203256250729,
"min": 0.014615297317504883,
"max": 1.062889575958252
},
"param": 27298826
},
"01.3_ViT_train_cifar10_patch4_l2_exp64_att_mlp_s147": {
"memory": 814,
"time_train": {
"mean": 0.10967338562011719,
"std": 0.650648986971829,
"min": 0.012399911880493164,
"max": 4.664208173751831
},
"time_test": {
"mean": 0.019724507331848145,
"std": 0.13234634177738006,
"min": 0.0007746219635009766,
"max": 0.9461488723754883
},
"param": 233930
},
"01.3_ViT_train_cifar10_patch4_l2_exp64_sAtt_mlp_s147": {
"memory": 1000,
"time_train": {
"mean": 0.20571114540100097,
"std": 1.323123059424788,
"min": 0.010562896728515625,
"max": 9.467565774917603
},
"time_test": {
"mean": 0.02190873622894287,
"std": 0.14694117196369427,
"min": 0.0008339881896972656,
"max": 1.0504965782165527
},
"param": 233930
},
"01.3_ViT_train_cifar10_patch4_l2_exp256_att_mlp_s147": {
"memory": 886,
"time_train": {
"mean": 0.10871352672576905,
"std": 0.6447061610146455,
"min": 0.011391639709472656,
"max": 4.621643304824829
},
"time_test": {
"mean": 0.020232772827148436,
"std": 0.13431126578770872,
"min": 0.0009245872497558594,
"max": 0.960411548614502
},
"param": 1722122
},
"01.3_ViT_train_cifar10_patch4_l2_exp256_sAtt_mlp_s147": {
"memory": 1060,
"time_train": {
"mean": 0.20580123424530028,
"std": 1.3216138047348425,
"min": 0.014795541763305664,
"max": 9.457096099853516
},
"time_test": {
"mean": 0.023162264823913575,
"std": 0.15581997866586353,
"min": 0.0008523464202880859,
"max": 1.1139020919799805
},
"param": 1722122
},
"01.3_ViT_train_cifar10_patch4_l2_exp512_att_mlp_s147": {
"memory": 1222,
"time_train": {
"mean": 0.20771020412445068,
"std": 1.3358856580542062,
"min": 0.011056661605834961,
"max": 9.558904647827148
},
"time_test": {
"mean": 0.021316022872924806,
"std": 0.13604935458762002,
"min": 0.0017085075378417969,
"max": 0.9736614227294922
},
"param": 5541386
},
"01.3_ViT_train_cifar10_patch4_l2_exp512_sAtt_mlp_s147": {
"memory": 1138,
"time_train": {
"mean": 0.22218897819519043,
"std": 1.43725366311288,
"min": 0.012134075164794922,
"max": 10.282959222793579
},
"time_test": {
"mean": 0.02245190620422363,
"std": 0.14519917006107738,
"min": 0.0014061927795410156,
"max": 1.0388460159301758
},
"param": 5541386
},
"01.3_ViT_train_cifar10_patch4_l2_exp1024_att_mlp_s147": {
"memory": 1362,
"time_train": {
"mean": 0.21381514072418212,
"std": 1.3389609816654708,
"min": 0.021381616592407227,
"max": 9.586541175842285
},