{
"01.3_ViT_train_cifar10_patch4_l2_exp64_att_mlp_s147": {
"memory": 768,
"time_train": {
"mean": 0.10390476703643799,
"std": 0.6115605772801311,
"min": 0.010224342346191406,
"max": 4.384811162948608
},
"time_test": {
"mean": 0.01675549030303955,
"std": 0.11159983704857732,
"min": 0.0007836818695068359,
"max": 0.7979543209075928
},
"param": 111050
},
"01.3_ViT_train_cifar10_patch4_l2_exp64_sAtt_mlp_s147": {
"memory": 748,
"time_train": {
"mean": 0.11332666397094726,
"std": 0.6771615823934565,
"min": 0.010318517684936523,
"max": 4.8534440994262695
},
"time_test": {
"mean": 0.018253860473632814,
"std": 0.12168087596141354,
"min": 0.0008141994476318359,
"max": 0.8700199127197266
},
"param": 111050
},
"01.3_ViT_train_cifar10_patch4_l2_exp256_att_mlp_s147": {
"memory": 834,
"time_train": {
"mean": 0.10279304504394532,
"std": 0.603854197345379,
"min": 0.009267091751098633,
"max": 4.329746723175049
},
"time_test": {
"mean": 0.01790233135223389,
"std": 0.11826394556618215,
"min": 0.000904083251953125,
"max": 0.8457496166229248
},
"param": 1230602
},
"01.3_ViT_train_cifar10_patch4_l2_exp256_sAtt_mlp_s147": {
"memory": 816,
"time_train": {
"mean": 0.11813250064849853,
"std": 0.7092421766181776,
"min": 0.011047124862670898,
"max": 5.082817554473877
},
"time_test": {
"mean": 0.019247164726257326,
"std": 0.12838134244754887,
"min": 0.0008544921875,
"max": 0.9179165363311768
},
"param": 1230602
},
"01.3_ViT_train_cifar10_patch4_l2_exp1024_att_mlp_s147": {
"memory": 1312,
"time_train": {
"mean": 0.11094856262207031,
"std": 0.6146464287944513,
"min": 0.021726131439208984,
"max": 4.413471221923828
},
"time_test": {
"mean": 0.020799894332885743,
"std": 0.11125820690492508,
"min": 0.004373073577880859,
"max": 0.7996065616607666
},
"param": 17505290
},
"01.3_ViT_train_cifar10_patch4_l2_exp1024_sAtt_mlp_s147": {
"memory": 1296,
"time_train": {
"mean": 0.12297315120697022,
"std": 0.7012233894355979,
"min": 0.019377946853637695,
"max": 5.031531095504761
},
"time_test": {
"mean": 0.02292407989501953,
"std": 0.12673236441884017,
"min": 0.004313468933105469,
"max": 0.9100496768951416
},
"param": 17505290
},
"01.3_ViT_train_cifar10_patch2_l2_exp64_att_mlp_s147": {
"memory": 1074,
"time_train": {
"mean": 0.10473471641540527,
"std": 0.6129538100314393,
"min": 0.01481771469116211,
"max": 4.3954081535339355
},
"time_test": {
"mean": 0.01853890895843506,
"std": 0.11811666268284626,
"min": 0.0015654563903808594,
"max": 0.8453555107116699
},
"param": 231626
},
"01.3_ViT_train_cifar10_patch2_l2_exp64_sAtt_mlp_s147": {
"memory": 814,
"time_train": {
"mean": 0.11637135982513427,
"std": 0.6996909582273094,
"min": 0.011049270629882812,
"max": 5.014190912246704
},
"time_test": {
"mean": 0.01927353858947754,
"std": 0.127740568625503,
"min": 0.0008766651153564453,
"max": 0.9134573936462402
},
"param": 231626
},
"01.3_ViT_train_cifar10_patch2_l2_exp256_att_mlp_s147": {
"memory": 1542,
"time_train": {
"mean": 0.10863714218139649,
"std": 0.6189901536251841,
"min": 0.017299652099609375,
"max": 4.441565275192261
},
"time_test": {
"mean": 0.019709506034851075,
"std": 0.11059457254996394,
"min": 0.0036745071411132812,
"max": 0.7938714027404785
},
"param": 1712906
},
"01.3_ViT_train_cifar10_patch2_l2_exp256_sAtt_mlp_s147": {
"memory": 1070,
"time_train": {
"mean": 0.11709027767181396,
"std": 0.6900476120500326,
"min": 0.014284133911132812,
"max": 4.947417497634888
},
"time_test": {
"mean": 0.020006422996520997,
"std": 0.12138531227491285,
"min": 0.0025212764739990234,
"max": 0.8697035312652588
},
"param": 1712906
},
"01.3_ViT_train_cifar10_patch2_l2_exp1024_att_mlp_s147": {
"memory": 3032,
"time_train": {
"mean": 0.15089298248291017,
"std": 0.6122659916348695,
"min": 0.061806440353393555,
"max": 4.436753511428833
},
"time_test": {
"mean": 0.03468626499176025,
"std": 0.10667228367017362,
"min": 0.01768660545349121,
"max": 0.7813875675201416
},
"param": 19434506
},
"01.3_ViT_train_cifar10_patch2_l2_exp1024_sAtt_mlp_s147": {
"memory": 2168,
"time_train": {
"mean": 0.15901147365570067,
"std": 0.7051397105889814,
"min": 0.055396080017089844,
"max": 5.094987392425537
},
"time_test": {
"mean": 0.03469547271728515,
"std": 0.12337658723311107,
"min": 0.014905691146850586,
"max": 0.8983280658721924
},
"param": 19434506
},
"01.3_ViT_train_cifar10_patch1_l2_exp64_att_mlp_s147": {
"memory": 6004,
"time_train": {
"mean": 0.1406971311569214,
"std": 0.6034185592328992,
"min": 0.05411052703857422,
"max": 4.36462664604187
},
"time_test": {
"mean": 0.03103414535522461,
"std": 0.10584560435802004,
"min": 0.01524662971496582,
"max": 0.7719528675079346
},
"param": 722570
},
"01.3_ViT_train_cifar10_patch1_l2_exp64_sAtt_mlp_s147": {
"memory": 1184,
"time_train": {
"mean": 0.12028042316436767,
"std": 0.7020198136463934,
"min": 0.019428491592407227,
"max": 5.034418344497681
},
"time_test": {
"mean": 0.022160072326660157,
"std": 0.12404041935531601,
"min": 0.003963947296142578,
"max": 0.8904428482055664
},
"param": 722570
},
"01.3_ViT_train_cifar10_patch1_l2_exp256_att_mlp_s147": {
"memory": 11512,
"time_train": {
"mean": 0.19811941146850587,
"std": 0.610740289440019,
"min": 0.11001038551330566,
"max": 4.473300933837891
},
"time_test": {
"mean": 0.04994059085845947,
"std": 0.10540310088804657,
"min": 0.03378582000732422,
"max": 0.7877612113952637
},
"param": 3676682
},
"01.3_ViT_train_cifar10_patch1_l2_exp256_sAtt_mlp_s147": {
"memory": 2104,
"time_train": {
"mean": 0.13966477870941163,
"std": 0.7050073674376189,
"min": 0.03813672065734863,
"max": 5.074715614318848
},
"time_test": {
"mean": 0.029019713401794434,
"std": 0.12056706239128216,
"min": 0.011263132095336914,
"max": 0.8729887008666992
},
"param": 3676682
},
"01.3_ViT_train_cifar10_patch1_l2_exp1024_att_mlp_s147": {
"memory": 23360,
"time_train": {
"mean": 0.43119237422943113,
"std": 0.5935275889456642,
"min": 0.3419351577758789,
"max": 4.585874319076538
},
"time_test": {
"mean": 0.1346789503097534,
"std": 0.10356367372440989,
"min": 0.1163473129272461,
"max": 0.8596131801605225
},
"param": 27289610
},
"01.3_ViT_train_cifar10_patch1_l2_exp1024_sAtt_mlp_s147": {
"memory": 5568,
"time_train": {
"mean": 0.2976508665084839,
"std": 0.6812790144994543,
"min": 0.19701027870178223,
"max": 5.066599369049072
},
"time_test": {
"mean": 0.0890810251235962,
"std": 0.11269995974100444,
"min": 0.06782722473144531,
"max": 0.8779594898223877
},
"param": 27289610
}
}