{
"01.3_ViT_train_cifar10_patch4_l2_exp64_att_mlp_s147": {
"memory": 766,
"time_train": {
"mean": 0.03478413581848144,
"std": 0.11624095933813058,
"min": 0.012723207473754883,
"max": 0.8484044075012207
},
"time_test": {
"mean": 0.0016565942764282227,
"std": 0.0007999816508751365,
"min": 0.0012822151184082031,
"max": 0.00598597526550293
},
"param": 111050
},
"01.3_ViT_train_cifar10_patch4_l2_exp64_sAtt_mlp_s147": {
"memory": 748,
"time_train": {
"mean": 0.03486375331878662,
"std": 0.11503476532174922,
"min": 0.013622045516967773,
"max": 0.8400223255157471
},
"time_test": {
"mean": 0.0017846345901489258,
"std": 0.0008504386522336438,
"min": 0.0013573169708251953,
"max": 0.006201028823852539
},
"param": 111050
},
"01.3_ViT_train_cifar10_patch4_l2_exp256_att_mlp_s147": {
"memory": 830,
"time_train": {
"mean": 0.03376680850982666,
"std": 0.11372915607563493,
"min": 0.011881589889526367,
"max": 0.8297741413116455
},
"time_test": {
"mean": 0.0017246437072753907,
"std": 0.0008575953401045671,
"min": 0.0012907981872558594,
"max": 0.006154060363769531
},
"param": 1230602
},
"01.3_ViT_train_cifar10_patch4_l2_exp256_sAtt_mlp_s147": {
"memory": 816,
"time_train": {
"mean": 0.03468845844268799,
"std": 0.11670877796970543,
"min": 0.01155233383178711,
"max": 0.8515315055847168
},
"time_test": {
"mean": 0.0020570611953735353,
"std": 0.001030716086375373,
"min": 0.0013759136199951172,
"max": 0.007101297378540039
},
"param": 1230602
},
"01.3_ViT_train_cifar10_patch4_l2_exp1024_att_mlp_s147": {
"memory": 1316,
"time_train": {
"mean": 0.039144043922424314,
"std": 0.1139087305770828,
"min": 0.021391868591308594,
"max": 0.8364944458007812
},
"time_test": {
"mean": 0.005184812545776367,
"std": 0.00040193415126838075,
"min": 0.004014730453491211,
"max": 0.006353855133056641
},
"param": 17505290
},
"01.3_ViT_train_cifar10_patch4_l2_exp1024_sAtt_mlp_s147": {
"memory": 1296,
"time_train": {
"mean": 0.039664206504821775,
"std": 0.11353676212506132,
"min": 0.021015644073486328,
"max": 0.8344075679779053
},
"time_test": {
"mean": 0.004975438117980957,
"std": 0.0003217701356861881,
"min": 0.003908872604370117,
"max": 0.006376504898071289
},
"param": 17505290
},
"01.3_ViT_train_cifar10_patch2_l2_exp64_att_mlp_s147": {
"memory": 1118,
"time_train": {
"mean": 0.03474145889282226,
"std": 0.11611990612950897,
"min": 0.015406370162963867,
"max": 0.8475449085235596
},
"time_test": {
"mean": 0.002392549514770508,
"std": 0.0005969854032359545,
"min": 0.0018346309661865234,
"max": 0.006174802780151367
},
"param": 231626
},
"01.3_ViT_train_cifar10_patch2_l2_exp64_sAtt_mlp_s147": {
"memory": 814,
"time_train": {
"mean": 0.035115222930908206,
"std": 0.11866738718266438,
"min": 0.014332771301269531,
"max": 0.8657324314117432
},
"time_test": {
"mean": 0.0016459083557128905,
"std": 0.0007853074967467539,
"min": 0.0012996196746826172,
"max": 0.006303310394287109
},
"param": 231626
},
"01.3_ViT_train_cifar10_patch2_l2_exp256_att_mlp_s147": {
"memory": 1576,
"time_train": {
"mean": 0.038641738891601565,
"std": 0.11402818544017927,
"min": 0.020854711532592773,
"max": 0.8368275165557861
},
"time_test": {
"mean": 0.004749026298522949,
"std": 0.0002529628899712437,
"min": 0.003932952880859375,
"max": 0.0060291290283203125
},
"param": 1712906
},
"01.3_ViT_train_cifar10_patch2_l2_exp256_sAtt_mlp_s147": {
"memory": 1096,
"time_train": {
"mean": 0.03593862056732178,
"std": 0.11413542809346204,
"min": 0.016737699508666992,
"max": 0.8348677158355713
},
"time_test": {
"mean": 0.0029814481735229493,
"std": 0.0004978151916236899,
"min": 0.0024805068969726562,
"max": 0.006206035614013672
},
"param": 1712906
},
"01.3_ViT_train_cifar10_patch2_l2_exp1024_att_mlp_s147": {
"memory": 3032,
"time_train": {
"mean": 0.08461380958557128,
"std": 0.11427277263635194,
"min": 0.06642675399780273,
"max": 0.8845140933990479
},
"time_test": {
"mean": 0.020814409255981447,
"std": 0.0022288530787094537,
"min": 0.0060770511627197266,
"max": 0.02270197868347168
},
"param": 19434506
},
"01.3_ViT_train_cifar10_patch2_l2_exp1024_sAtt_mlp_s147": {
"memory": 2146,
"time_train": {
"mean": 0.074989013671875,
"std": 0.11404846702540263,
"min": 0.05555415153503418,
"max": 0.8732669353485107
},
"time_test": {
"mean": 0.017099471092224122,
"std": 0.0016587576113617445,
"min": 0.006165981292724609,
"max": 0.017662525177001953
},
"param": 19434506
},
"01.3_ViT_train_cifar10_patch1_l2_exp64_att_mlp_s147": {
"memory": 6936,
"time_train": {
"mean": 0.0880517578125,
"std": 0.11386539278982809,
"min": 0.06973910331726074,
"max": 0.8851006031036377
},
"time_test": {
"mean": 0.020899596214294432,
"std": 0.0020942696618521757,
"min": 0.006384849548339844,
"max": 0.021390914916992188
},
"param": 722570
},
"01.3_ViT_train_cifar10_patch1_l2_exp64_sAtt_mlp_s147": {
"memory": 1184,
"time_train": {
"mean": 0.037609310150146485,
"std": 0.11785602424801134,
"min": 0.01805853843688965,
"max": 0.8625607490539551
},
"time_test": {
"mean": 0.0049848461151123045,
"std": 0.0002749852832368798,
"min": 0.004067659378051758,
"max": 0.006337881088256836
},
"param": 722570
},
"01.3_ViT_train_cifar10_patch1_l2_exp256_att_mlp_s147": {
"memory": 13238,
"time_train": {
"mean": 0.16127847671508788,
"std": 0.11925666745801325,
"min": 0.1433727741241455,
"max": 0.99607253074646
},
"time_test": {
"mean": 0.044103240966796874,
"std": 0.0053383382830010625,
"min": 0.00696253776550293,
"max": 0.04532027244567871
},
"param": 3676682
},
"01.3_ViT_train_cifar10_patch1_l2_exp256_sAtt_mlp_s147": {
"memory": 1972,
"time_train": {
"mean": 0.05808446884155274,
"std": 0.11544771833106916,
"min": 0.03970766067504883,
"max": 0.8662128448486328
},
"time_test": {
"mean": 0.012305269241333008,
"std": 0.0010106651465503257,
"min": 0.006087541580200195,
"max": 0.014151573181152344
},
"param": 3676682
},
"01.3_ViT_train_cifar10_patch1_l2_exp1024_att_mlp_s147": -1,
"01.3_ViT_train_cifar10_patch1_l2_exp1024_sAtt_mlp_s147": {
"memory": 5480,
"time_train": {
"mean": 0.22115723609924318,
"std": 0.1159961865385715,
"min": 0.20268797874450684,
"max": 1.0331063270568848
},
"time_test": {
"mean": 0.0728880786895752,
"std": 0.009264018439802301,
"min": 0.008746623992919922,
"max": 0.07494139671325684
},
"param": 27289610
}
}