{
"01.3_ViT_train_cifar10_patch4_l2_exp64_att_mlp_s147_": {
"memory": 766,
"time_train": {
"mean": 0.0342873477935791,
"std": 0.1137848076080953,
"min": 0.012247562408447266,
"max": 0.830702543258667
},
"time_test": {
"mean": 0.0017478036880493163,
"std": 0.0008316594066150107,
"min": 0.0013170242309570312,
"max": 0.006061553955078125
},
"param": 111050
},
"01.3_ViT_train_cifar10_patch4_l2_exp64_sAtt_mlp_s147_": {
"memory": 20,
"time_train": {
"mean": 0.017949705123901368,
"std": 0.002313752717238581,
"min": 0.008517980575561523,
"max": 0.019945621490478516
},
"time_test": {
"mean": 0.001695261001586914,
"std": 0.0007914116666725237,
"min": 0.0013239383697509766,
"max": 0.00604248046875
},
"param": 111050
},
"01.3_ViT_train_cifar10_patch4_l2_exp256_att_mlp_s147_": {
"memory": 102,
"time_train": {
"mean": 0.018003253936767577,
"std": 0.0024784483358206715,
"min": 0.010436058044433594,
"max": 0.024622201919555664
},
"time_test": {
"mean": 0.001721668243408203,
"std": 0.0008818218579231358,
"min": 0.0012962818145751953,
"max": 0.00661158561706543
},
"param": 1230602
},
"01.3_ViT_train_cifar10_patch4_l2_exp256_sAtt_mlp_s147_": {
"memory": 88,
"time_train": {
"mean": 0.018386993408203125,
"std": 0.0019086083476794451,
"min": 0.011205196380615234,
"max": 0.022937536239624023
},
"time_test": {
"mean": 0.0020685243606567384,
"std": 0.0009572981891344169,
"min": 0.001375436782836914,
"max": 0.006076335906982422
},
"param": 1230602
},
"01.3_ViT_train_cifar10_patch4_l2_exp1024_att_mlp_s147_": {
"memory": 596,
"time_train": {
"mean": 0.02240787982940674,
"std": 0.0012273704849842457,
"min": 0.019081592559814453,
"max": 0.024429798126220703
},
"time_test": {
"mean": 0.005172371864318848,
"std": 0.0003268919369252147,
"min": 0.003860950469970703,
"max": 0.006226062774658203
},
"param": 17505290
},
"01.3_ViT_train_cifar10_patch4_l2_exp1024_sAtt_mlp_s147_": {
"memory": 576,
"time_train": {
"mean": 0.023288698196411134,
"std": 0.0015053875593355282,
"min": 0.017664432525634766,
"max": 0.028403520584106445
},
"time_test": {
"mean": 0.004979386329650879,
"std": 0.0003730040540129947,
"min": 0.003748655319213867,
"max": 0.006788492202758789
},
"param": 17505290
},
"01.3_ViT_train_cifar10_patch2_l2_exp64_att_mlp_s147_": {
"memory": 390,
"time_train": {
"mean": 0.01797871112823486,
"std": 0.0019701976829489334,
"min": 0.010396242141723633,
"max": 0.02071523666381836
},
"time_test": {
"mean": 0.0023633432388305664,
"std": 0.0006927821581832596,
"min": 0.001893758773803711,
"max": 0.00670313835144043
},
"param": 231626
},
"01.3_ViT_train_cifar10_patch2_l2_exp64_sAtt_mlp_s147_": {
"memory": 88,
"time_train": {
"mean": 0.01679466724395752,
"std": 0.004335282777199703,
"min": 0.006643056869506836,
"max": 0.022901058197021484
},
"time_test": {
"mean": 0.001783895492553711,
"std": 0.000845670131417517,
"min": 0.0013408660888671875,
"max": 0.006255626678466797
},
"param": 231626
},
"01.3_ViT_train_cifar10_patch2_l2_exp256_att_mlp_s147_": {
"memory": 848,
"time_train": {
"mean": 0.021709599494934083,
"std": 0.0012280875483441562,
"min": 0.019519567489624023,
"max": 0.023444414138793945
},
"time_test": {
"mean": 0.004750714302062988,
"std": 0.0003243954532681564,
"min": 0.003937721252441406,
"max": 0.006705284118652344
},
"param": 1712906
},
"01.3_ViT_train_cifar10_patch2_l2_exp256_sAtt_mlp_s147_": {
"memory": 368,
"time_train": {
"mean": 0.019055566787719726,
"std": 0.0014509207117300818,
"min": 0.012564659118652344,
"max": 0.020384550094604492
},
"time_test": {
"mean": 0.0029620075225830077,
"std": 0.0004661184055184052,
"min": 0.002453327178955078,
"max": 0.006078004837036133
},
"param": 1712906
},
"01.3_ViT_train_cifar10_patch2_l2_exp1024_att_mlp_s147_": {
"memory": 2314,
"time_train": {
"mean": 0.06826169967651367,
"std": 0.0006342121340923374,
"min": 0.06622743606567383,
"max": 0.07033419609069824
},
"time_test": {
"mean": 0.020749616622924804,
"std": 0.0020071993753415394,
"min": 0.007482051849365234,
"max": 0.021361351013183594
},
"param": 19434506
},
"01.3_ViT_train_cifar10_patch2_l2_exp1024_sAtt_mlp_s147_": {
"memory": 1428,
"time_train": {
"mean": 0.05973026752471924,
"std": 0.001182397093622035,
"min": 0.0554814338684082,
"max": 0.06194806098937988
},
"time_test": {
"mean": 0.017174463272094726,
"std": 0.0016954659192527492,
"min": 0.006429195404052734,
"max": 0.01799321174621582
},
"param": 19434506
},
"01.3_ViT_train_cifar10_patch1_l2_exp64_att_mlp_s147_": {
"memory": 6208,
"time_train": {
"mean": 0.07186059951782227,
"std": 0.0007817534810056467,
"min": 0.06853890419006348,
"max": 0.07499909400939941
},
"time_test": {
"mean": 0.02093602180480957,
"std": 0.002069691476194822,
"min": 0.006649494171142578,
"max": 0.021550655364990234
},
"param": 722570
},
"01.3_ViT_train_cifar10_patch1_l2_exp64_sAtt_mlp_s147_": {
"memory": 456,
"time_train": {
"mean": 0.021064801216125487,
"std": 0.001150385821619082,
"min": 0.01595902442932129,
"max": 0.02337646484375
},
"time_test": {
"mean": 0.005032086372375488,
"std": 0.000386713374995507,
"min": 0.003804922103881836,
"max": 0.007032155990600586
},
"param": 722570
},
"01.3_ViT_train_cifar10_patch1_l2_exp256_att_mlp_s147_": {
"memory": 12500,
"time_train": {
"mean": 0.14483753204345703,
"std": 0.001189300493602312,
"min": 0.14042258262634277,
"max": 0.15073418617248535
},
"time_test": {
"mean": 0.04416459560394287,
"std": 0.00528052716415932,
"min": 0.0075054168701171875,
"max": 0.045851945877075195
},
"param": 3676682
},
"01.3_ViT_train_cifar10_patch1_l2_exp256_sAtt_mlp_s147_": {
"memory": 1244,
"time_train": {
"mean": 0.04184366226196289,
"std": 0.0033347666874478897,
"min": 0.036145925521850586,
"max": 0.06330609321594238
},
"time_test": {
"mean": 0.012346506118774414,
"std": 0.0009805699877391849,
"min": 0.005999088287353516,
"max": 0.012911796569824219
},
"param": 3676682
},
"01.3_ViT_train_cifar10_patch1_l2_exp1024_sAtt_mlp_s147_": {
"memory": 4752,
"time_train": {
"mean": 0.20645015239715575,
"std": 0.002348304604798835,
"min": 0.20231938362121582,
"max": 0.22124314308166504
},
"time_test": {
"mean": 0.07344496250152588,
"std": 0.0095222613447976,
"min": 0.007265567779541016,
"max": 0.07585453987121582
},
"param": 27289610
}
}