{
"01.3_ViT_nPE_cifar10_patch8_l4_att_mlp_s147": {
"memory": 455,
"time_train": 0.011100826263427734,
"time_test": 0.0022121286392211914
},
"01.3_ViT_nPE_cifar10_patch8_l4_sAtt_mlp_s147": {
"memory": 453,
"time_train": 0.011296138763427735,
"time_test": 0.002323555946350098
},
"01.3_ViT_nPE_cifar10_patch8_l4_att_sMlp_s147": {
"memory": 451,
"time_train": 0.013772249221801758,
"time_test": 0.0029528141021728516
},
"01.3_ViT_nPE_cifar10_patch8_l4_sAtt_sMlp_s147": {
"memory": 449,
"time_train": 0.014252510070800781,
"time_test": 0.0029829835891723635
},
"01.3_ViT_nPE_cifar10_patch8_l8_att_mlp_s147": {
"memory": 513,
"time_train": 0.02018573760986328,
"time_test": 0.004202923774719238
},
"01.3_ViT_nPE_cifar10_patch8_l8_sAtt_mlp_s147": {
"memory": 511,
"time_train": 0.022354516983032226,
"time_test": 0.004390506744384765
},
"01.3_ViT_nPE_cifar10_patch4_l8_att_mlp_s147": {
"memory": 537,
"time_train": 0.020807595252990724,
"time_test": 0.004223365783691407
},
"01.3_ViT_nPE_cifar10_patch4_l8_sAtt_mlp_s147": {
"memory": 505,
"time_train": 0.021669106483459474,
"time_test": 0.004265341758728027
},
"01.3_ViT_nPE_cifar10_patch4_l4_att_mlp_s147": {
"memory": 457,
"time_train": 0.011658344268798828,
"time_test": 0.0023194456100463865
},
"01.3_ViT_nPE_cifar10_patch4_l4_sAtt_mlp_s147": {
"memory": 441,
"time_train": 0.011518511772155762,
"time_test": 0.0025066518783569336
},
"01.3_ViT_nPE_cifar10_patch2_l4_att_mlp_s147": {
"memory": 911,
"time_train": 0.012661023139953613,
"time_test": 0.0033231258392333986
},
"01.3_ViT_nPE_cifar10_patch2_l4_sAtt_mlp_s147": {
"memory": 519,
"time_train": 0.011551790237426758,
"time_test": 0.0023014116287231445
},
"01.3_ViT_nPE_cifar10_patch2_l8_att_mlp_s147": {
"memory": 1297,
"time_train": 0.024850797653198243,
"time_test": 0.00712806224822998
},
"01.3_ViT_nPE_cifar10_patch2_l8_sAtt_mlp_s147": {
"memory": 661,
"time_train": 0.02133535385131836,
"time_test": 0.004227137565612793
},
"01.3_ViT_nPE_cifar10_patch1_l4_att_mlp_s147": {
"memory": 8629,
"time_train": 0.1255364942550659,
"time_test": 0.03600468635559082
},
"01.3_ViT_nPE_cifar10_patch1_l4_sAtt_mlp_s147": {
"memory": 1181,
"time_train": 0.025504121780395506,
"time_test": 0.008079605102539062
},
"01.3_ViT_nPE_cifar10_patch1_l8_att_mlp_s147": {
"memory": 12729,
"time_train": 0.2552446746826172,
"time_test": 0.07520285606384278
},
"01.3_ViT_nPE_cifar10_patch1_l8_sAtt_mlp_s147": {
"memory": 1889,
"time_train": 0.050759897232055665,
"time_test": 0.017527694702148437
},
"01.3_ViT_nPE_cifar100_patch4_l4_att_mlp_s147": {
"memory": 478,
"time_train": 0.010480093955993652,
"time_test": 0.002155904769897461
},
"01.3_ViT_nPE_cifar100_patch4_l4_sAtt_mlp_s147": {
"memory": 462,
"time_train": 0.011426792144775391,
"time_test": 0.0022458839416503906
},
"01.3_ViT_nPE_cifar100_patch2_l4_att_mlp_s147": {
"memory": 976,
"time_train": 0.012911381721496583,
"time_test": 0.003343167304992676
},
"01.3_ViT_nPE_cifar100_patch2_l4_sAtt_mlp_s147": {
"memory": 560,
"time_train": 0.010865850448608399,
"time_test": 0.0022054100036621093
}
}