{
"train_stat": [
[
0,
1.6986721039047168,
39.238
],
[
1,
1.368409593518697,
51.366
],
[
2,
1.203829041941381,
57.302
],
[
3,
1.106602878236496,
60.944
],
[
4,
1.0354397341523198,
63.774
],
[
5,
0.9845409393691894,
65.41
],
[
6,
0.9425050381354163,
66.95
],
[
7,
0.8969038778478643,
68.358
],
[
8,
0.8691513455226798,
69.474
],
[
9,
0.8287278524744762,
70.822
],
[
10,
0.7978564178379239,
72.014
],
[
11,
0.7766685803121126,
72.89
],
[
12,
0.7577773830445241,
73.128
],
[
13,
0.7258457803832974,
74.682
],
[
14,
0.7098044085334831,
74.978
],
[
15,
0.6881442360594268,
75.776
],
[
16,
0.6661131070808806,
76.742
],
[
17,
0.6484038076641768,
77.286
],
[
18,
0.6364158119002902,
77.706
],
[
19,
0.6231300791180904,
78.084
],
[
20,
0.6071233534595559,
78.85
],
[
21,
0.5915636426351502,
79.256
],
[
22,
0.5818682032388827,
79.468
],
[
23,
0.5646764928628754,
80.344
],
[
24,
0.5509971386812013,
80.916
],
[
25,
0.5366679145617891,
81.156
],
[
26,
0.5213149981531514,
81.73
],
[
27,
0.515694784826372,
82.104
]
],
"test_stat": [
[
0,
1.3203443237386954,
51.87
],
[
1,
1.084209438139638,
61.52
],
[
2,
1.0032876760434037,
64.57
],
[
3,
0.9547332798520597,
66.23
],
[
4,
0.8767775497116601,
69.19
],
[
5,
0.8376541469043817,
70.49
],
[
6,
0.7944124562862201,
72.54
],
[
7,
0.7890602743473297,
71.98
],
[
8,
0.7503035588386341,
73.5
],
[
9,
0.7272557956151688,
74.69
],
[
10,
0.7278958589505082,
74.37
],
[
11,
0.7035448782550641,
75.95
],
[
12,
0.687528044175797,
76.23
],
[
13,
0.6735487462708745,
76.88
],
[
14,
0.6817654588351996,
76.69
],
[
15,
0.6634665371034854,
77.17
],
[
16,
0.6570512821880011,
77.73
],
[
17,
0.6525950128087601,
77.67
],
[
18,
0.6396983527718261,
78.24
],
[
19,
0.660441419425102,
77.32
],
[
20,
0.6333488044076072,
78.44
],
[
21,
0.6217876834134324,
78.93
],
[
22,
0.6294169239342784,
78.55
],
[
23,
0.6229642216389933,
79.38
],
[
24,
0.642147882630269,
78.48
],
[
25,
0.6216101940161884,
79.09
],
[
26,
0.6084376665445181,
79.48
],
[
27,
0.6268068984293709,
79.24
]
]
}