{
"train_stat": [
[
0,
1.6674038953530963,
39.5
],
[
1,
1.3969370297568011,
49.344
],
[
2,
1.2332827723796598,
55.632
],
[
3,
1.1287516997132023,
59.694
],
[
4,
1.0556182579893525,
62.406
],
[
5,
1.0052116547764225,
64.482
],
[
6,
0.9597251326398673,
65.884
]
],
"test_stat": [
[
0,
1.381443931652715,
50.26
],
[
1,
1.2036302430561174,
57.06
],
[
2,
1.0976298590437672,
62.0
],
[
3,
1.017783164501952,
64.17
],
[
4,
0.9555541022707479,
66.67
],
[
5,
0.9195486139565611,
68.0
],
[
6,
0.877074440066426,
69.88
]
]
}