{
"train_stat": [
[
0,
5.260554420948028,
2.79
],
[
1,
3.814061826467514,
21.79
],
[
2,
2.582528513669968,
52.05
],
[
3,
1.4808924406766892,
78.4
],
[
4,
0.767184154689312,
92.01
],
[
5,
0.3791079096496105,
97.56
],
[
6,
0.22228520438075067,
99.03
]
],
"test_stat": [
[
0,
4.626548284292221,
9.53
],
[
1,
3.993258756399155,
22.72
],
[
2,
3.442489194869995,
33.59
],
[
3,
3.1198433220386503,
40.73
],
[
4,
2.8279238283634185,
45.27
],
[
5,
2.786820316314697,
46.05
],
[
6,
2.733225202560425,
46.92
]
]
}