{
"train_stat": [
[
0,
5.603927437438965,
2.1825
]
],
"test_stat": [
[
0,
5.140612309146079,
4.32
]
]
}