{
"train_stat": [
[
0,
4.879319015976108,
6.0725
],
[
1,
4.07427294723823,
15.429
],
[
2,
3.547037366710965,
23.391
],
[
3,
3.151984994063902,
30.4745
],
[
4,
2.8365604359170664,
36.592
]
],
"test_stat": [
[
0,
4.271427822113037,
12.03
],
[
1,
3.775146025419235,
19.39
],
[
2,
3.61996169090271,
22.25
],
[
3,
3.493953508138657,
24.35
],
[
4,
3.541516590118408,
25.17
]
]
}