{"num_param": 111178, "latency": {"mean": 0.00028853299518743645, "std": 2.3120650764373726e-05}, "train_acc": [40.504, 49.676, 53.764, 56.724, 59.0, 60.514, 62.054, 62.918, 63.736, 64.762, 65.2, 66.032, 66.424, 67.24, 67.408, 68.15, 68.58, 68.988, 69.14, 69.814, 70.092, 70.284, 70.836, 71.018, 71.256, 71.312, 71.686, 72.038, 71.982, 72.346, 72.536, 73.026, 73.038, 73.074, 73.316, 73.558, 73.646, 73.894, 74.138, 74.11, 74.248, 74.34, 74.818, 74.68, 75.064, 75.238, 75.32, 75.78, 75.67, 75.942, 75.992, 76.188, 76.14, 76.244, 76.458, 76.592, 76.708, 76.944, 76.748, 77.1, 76.95, 77.136, 77.432, 77.04, 77.772, 77.69, 77.688, 77.932, 78.08, 78.168, 78.176, 78.542, 78.524, 78.52, 78.752, 78.794, 78.71, 78.898, 79.072, 79.276, 79.354, 79.614, 79.53, 79.56, 79.544, 79.664, 80.016, 79.688, 80.194, 79.97, 80.162, 80.316, 80.366, 80.494, 80.736, 80.614, 80.69, 80.872, 80.812, 81.064, 81.072, 81.266, 81.166, 81.32, 81.348, 81.576, 81.788, 81.882, 81.658, 81.736, 81.906, 82.012, 82.124, 82.04, 82.3, 82.214, 82.518, 82.488, 82.834, 82.5, 82.742, 82.726, 82.946, 82.84, 83.098, 83.152, 83.238, 83.294, 83.126, 83.41, 83.514, 83.656, 83.582, 83.59, 83.806, 83.662, 83.836, 83.796, 83.91, 84.098, 83.982, 83.954, 84.266, 84.11, 84.456, 84.336, 84.284, 84.498, 84.65, 84.332, 84.616, 84.622, 84.594, 84.568, 84.672, 84.818, 84.934, 85.088, 84.874, 84.808, 85.128, 85.078, 85.27, 85.176, 85.302, 85.348, 85.19, 85.366, 85.406, 85.174, 85.526, 85.284, 85.25, 85.576, 85.376, 85.574, 85.698, 85.662, 85.6, 85.474, 85.682, 85.768, 85.808, 85.56, 85.648, 85.736, 85.75, 85.764, 85.514, 85.622, 85.828, 85.82, 85.906, 85.982, 85.798, 85.712, 85.986, 85.76, 85.986, 85.656], "train_loss": [1.6515783232446672, 1.4096288889246116, 1.2960791909305698, 1.2206111000046391, 1.1616562818077536, 1.1150549474390974, 1.0794964015903339, 1.050674169454831, 1.0265580780866126, 1.0017359784338922, 0.9877741778041793, 0.9691086864517198, 0.954737883497337, 0.9369282282588578, 0.9278885116008178, 0.9121745474736659, 0.9001034311545025, 0.8858859734472676, 0.8815299607169834, 0.8645595060810399, 0.8569818955160301, 0.8485868356678627, 0.8375025446302069, 0.8323908629931476, 0.8282672176739381, 0.8171657358349247, 0.8098539003407581, 0.7982855744073578, 0.7998848580353091, 0.7877880779314865, 0.7823361266006359, 0.774286152019153, 0.7723061043866841, 0.7690120770125838, 0.760519354238925, 0.7544384651453313, 0.7492798808211328, 0.7442760284101055, 0.7369833469047656, 0.7376633329949772, 0.7309917265493292, 0.7272271578768013, 0.718553433605897, 0.7160588216015107, 0.7086102242795459, 0.7042331542731551, 0.7029416089208936, 0.6958113041964389, 0.6928040116300814, 0.6892798817451383, 0.6837068407373862, 0.681472502443856, 0.6775670878527185, 0.6718326574400001, 0.6685755558774323, 0.6682411967297052, 0.6628188987763661, 0.6565913011153691, 0.6583954540110519, 0.6533641726903555, 0.651676395375303, 0.6443420689093021, 0.6412974785839375, 0.6434051402852234, 0.6355626376218241, 0.6325706450110129, 0.6313191451613749, 0.6233072947574897, 0.6222826447993307, 0.6226403266191483, 0.6163222113158255, 0.6156377413394126, 0.6093975695056253, 0.6082415094721874, 0.6060232486830868, 0.5983518640429105, 0.6004467716753978, 0.5927636539104728, 0.5926313622689598, 0.5873511298985643, 0.588011631914918, 0.5804058256358271, 0.5821906083233068, 0.5796220920937075, 0.5753720664894131, 0.5734896258291952, 0.5670071630259012, 0.5711116606151532, 0.564294852673893, 0.5644904641352322, 0.559878485831441, 0.5553155439600148, 0.5538912759575414, 0.5533881970727131, 0.5472338046885726, 0.5446526239258467, 0.5446363493695293, 0.5413293915342537, 0.5422615690713347, 0.5365085483970202, 0.5336210879277359, 0.5306001838513543, 0.5297924668187906, 0.5252155288624901, 0.5253513963203055, 0.5223590783674749, 0.5167129645821229, 0.514904322990491, 0.5170860668681252, 0.513465082409934, 0.5071399328957288, 0.5070014371752968, 0.5067179939797195, 0.5039630155779198, 0.4987450553317598, 0.5028509079304095, 0.49438638588078726, 0.49641557386763496, 0.4894876052421099, 0.49465374462664013, 0.48725365875950244, 0.48389673016617407, 0.48299949831178535, 0.48318068478173043, 0.48359234972367743, 0.47596854304207187, 0.4744968896091785, 0.4747057104160293, 0.47385256931957953, 0.46940830657860444, 0.4659501630300447, 0.4669798129045727, 0.46702229400819034, 0.4633243949041104, 0.4619677630148861, 0.4610662868559856, 0.45764354249833106, 0.45784519574654386, 0.4531326049072424, 0.4491534157777092, 0.452790726788976, 0.4509483581541138, 0.44654171869053877, 0.4491590530214139, 0.4435240663754887, 0.4397573644058184, 0.4414278598012485, 0.43633959014314305, 0.43757440858614116, 0.43878712918387724, 0.4378087757082605, 0.4320863359253222, 0.434578445864578, 0.43219684795145796, 0.4302495346760338, 0.4342216731633655, 0.4266782624078575, 0.42000006261309675, 0.4243190241828608, 0.4244617441918174, 0.42209136230073824, 0.42024357965357856, 0.41732371224284703, 0.41639186616364915, 0.4172130584459387, 0.415152899963842, 0.41786987866469855, 0.4149340970855223, 0.4112749548911362, 0.4135976544344799, 0.412217239879658, 0.4128583142544624, 0.41637497308043736, 0.4092829904959359, 0.4134351419081157, 0.4082421080226595, 0.40605214396426104, 0.40821093809924974, 0.40411190833998883, 0.40469478303358025, 0.40450905599486575, 0.40368680197385665, 0.4042262220117654, 0.4101971351730465, 0.4055411136057883, 0.40545699837893456, 0.4025815264849196, 0.3993117663239487, 0.4038359909601419, 0.40284031613355104, 0.401652619495311, 0.4010338425750696, 0.40296165018282254, 0.3986072213801907, 0.40215290009841964, 0.4028785682676011, 0.398825809002037, 0.4013724709626809, 0.39852115063810684, 0.40409640153668586], "test_acc": [49.59, 53.89, 57.04, 59.95, 61.06, 61.32, 62.72, 64.17, 64.77, 65.03, 64.68, 65.49, 67.07, 67.62, 67.31, 67.15, 68.26, 68.47, 67.75, 68.25, 67.58, 69.5, 69.37, 70.16, 69.6, 69.77, 69.93, 70.5, 70.13, 70.64, 70.35, 70.54, 69.9, 70.91, 71.08, 71.59, 71.14, 71.23, 70.87, 71.26, 71.04, 71.84, 71.89, 71.52, 71.78, 72.02, 71.5, 71.77, 72.04, 72.37, 71.76, 71.78, 72.26, 72.44, 72.46, 72.07, 71.83, 72.52, 72.87, 72.15, 72.74, 72.86, 72.54, 72.86, 72.67, 72.47, 73.27, 72.08, 72.74, 72.92, 72.59, 73.37, 72.81, 73.23, 73.83, 72.73, 73.16, 73.22, 73.31, 72.58, 72.82, 73.29, 73.24, 73.44, 73.8, 73.1, 73.15, 73.27, 73.9, 73.18, 73.11, 73.24, 73.63, 73.9, 73.79, 73.47, 73.96, 73.77, 73.53, 73.78, 73.85, 73.34, 73.53, 73.77, 72.93, 73.9, 73.42, 73.31, 73.86, 73.54, 73.91, 73.82, 73.35, 73.86, 73.65, 73.57, 73.44, 73.77, 73.8, 73.51, 73.96, 74.2, 73.83, 73.69, 73.66, 74.4, 73.94, 74.06, 73.79, 74.15, 73.67, 73.83, 74.11, 74.16, 73.65, 73.82, 73.55, 74.11, 73.74, 73.96, 73.74, 73.68, 73.72, 73.99, 73.76, 73.74, 73.67, 74.05, 73.93, 73.82, 73.97, 73.68, 74.04, 74.14, 73.79, 74.02, 74.14, 74.05, 73.79, 73.99, 74.15, 74.06, 73.89, 74.11, 73.97, 73.93, 73.99, 74.06, 73.87, 74.26, 73.87, 73.88, 73.98, 73.88, 74.08, 74.04, 74.22, 74.08, 73.96, 74.21, 74.13, 74.26, 74.05, 74.22, 74.07, 74.05, 74.02, 74.08, 74.08, 74.06, 74.04, 74.14, 74.07, 74.14, 74.09, 74.06, 74.09, 74.05, 74.06, 74.06],