{"num_param": 333514, "latency": {"mean": 0.0002910708733640921, "std": 2.2751172412763858e-05}, "train_acc": [41.166, 51.406, 55.906, 58.658, 60.906, 62.544, 63.96, 64.848, 66.032, 66.684, 67.55, 68.152, 68.524, 69.246, 69.848, 70.344, 70.904, 71.118, 71.694, 72.074, 72.43, 72.602, 73.088, 73.33, 73.978, 73.76, 74.286, 74.824, 74.682, 74.872, 75.316, 75.668, 76.014, 75.996, 76.184, 76.61, 76.686, 76.984, 77.146, 77.174, 77.482, 77.658, 77.922, 78.176, 78.23, 78.524, 78.392, 78.792, 79.004, 79.026, 79.356, 79.412, 79.676, 79.886, 80.03, 79.92, 80.464, 80.684, 80.91, 80.878, 80.72, 81.146, 81.23, 81.326, 81.42, 81.738, 81.682, 82.118, 82.124, 82.36, 82.662, 82.766, 82.698, 82.89, 82.994, 82.906, 83.364, 83.22, 83.56, 83.686, 83.824, 83.956, 84.092, 84.142, 84.476, 84.41, 84.626, 84.876, 85.072, 84.926, 85.368, 85.246, 85.392, 85.616, 85.792, 85.712, 85.872, 86.18, 86.082, 86.288, 86.42, 86.464, 86.49, 86.77, 86.896, 86.988, 86.842, 87.106, 87.452, 87.424, 87.662, 87.652, 87.882, 87.834, 88.106, 88.052, 88.136, 88.546, 88.334, 88.382, 88.698, 88.822, 88.754, 88.934, 89.264, 89.132, 89.278, 89.288, 89.318, 89.32, 89.67, 89.748, 89.8, 89.822, 89.866, 90.072, 90.354, 90.376, 90.334, 90.444, 90.422, 90.472, 90.716, 90.75, 90.808, 90.766, 91.176, 91.09, 91.184, 91.016, 91.198, 91.494, 91.528, 91.632, 91.504, 91.384, 91.712, 91.794, 91.852, 91.982, 91.918, 92.09, 92.08, 92.11, 92.118, 92.166, 92.316, 92.338, 92.402, 92.392, 92.44, 92.416, 92.524, 92.468, 92.556, 92.7, 92.708, 92.674, 92.804, 92.892, 92.838, 92.764, 92.838, 92.72, 92.986, 92.888, 93.098, 93.12, 93.068, 92.84, 92.914, 92.848, 92.856, 93.034, 92.88, 92.988, 93.074, 93.044, 93.104, 92.874], "train_loss": [1.6294534681549608, 1.3608914376144141, 1.243370989500828, 1.166500474997842, 1.108653910672596, 1.0649095846534309, 1.0258362911408023, 1.000062626653654, 0.9670103500458345, 0.9448382847406738, 0.9278126590654626, 0.9061265009492921, 0.8910472333736322, 0.8757981230300432, 0.8588554905495122, 0.8468191362655246, 0.834290758509401, 0.8206947090453394, 0.8118794019300054, 0.7944736842611854, 0.7868482839847633, 0.7767577629705613, 0.7669116516602932, 0.7610510889338288, 0.7457404775415104, 0.7427546247334642, 0.7341885127017533, 0.7226551310114577, 0.7196729712126275, 0.7134214437930766, 0.7031943981493427, 0.6962650378526057, 0.6862302953168816, 0.680531795960699, 0.6772387257311792, 0.6671458213701511, 0.6659456115080161, 0.655705967642753, 0.6510691673364383, 0.6451614054345353, 0.636564203164399, 0.6313664873803341, 0.6282001608030505, 0.6237650390712024, 0.6176831111245177, 0.6062541653045233, 0.6078460968444535, 0.6021164075464907, 0.5942069530220118, 0.5931615447262046, 0.5845113251160446, 0.5817417529383608, 0.5767633691430092, 0.5731679426502586, 0.564980087500311, 0.563625291790706, 0.5540111490685591, 0.5502318637403859, 0.5443254905828512, 0.5420161837369909, 0.5417179295403486, 0.5303973741948567, 0.5301134983793864, 0.525010503690287, 0.5190254767125643, 0.515847868125788, 0.5138502884525102, 0.5050481927324317, 0.50401984755324, 0.49774449209486604, 0.4929312481065248, 0.4894610593954646, 0.48800881863860696, 0.4825738062742461, 0.4787527185102647, 0.48127308995084583, 0.46766670478206374, 0.4707813723702806, 0.46136095534988647, 0.45954748098181364, 0.45627917773587845, 0.45307047025408415, 0.44759650596120154, 0.4466425015978987, 0.4407410415715311, 0.43725285314914897, 0.42868263715841187, 0.4291148427504419, 0.42356422488706963, 0.4220417952802573, 0.41810198441405216, 0.41538733307341313, 0.41230345883490715, 0.4041347481758451, 0.40049539643720566, 0.40014510034265915, 0.3973570719780788, 0.3918116131960697, 0.3890585274967679, 0.38338423540347366, 0.3828021944717993, 0.37863325795024083, 0.3773607020543427, 0.3702806684683701, 0.36772479831466903, 0.3659568009486926, 0.36732276384638274, 0.3591805780479257, 0.35480912838200307, 0.3542681091720678, 0.3457514112976142, 0.34311835776111177, 0.34015099725954745, 0.3397289328515453, 0.33532856507506875, 0.3359256845351335, 0.33135257249010425, 0.32450675852811267, 0.32598362928369606, 0.32265827212523207, 0.31880628974942615, 0.31476851546289597, 0.3130834477209389, 0.30800651459312944, 0.3069473130822716, 0.3027936494644071, 0.29927780549861227, 0.30083285875365817, 0.29597405550652256, 0.29649259534236033, 0.2896597944843563, 0.286124081586226, 0.2835231410030821, 0.28454073059467344, 0.2835796310143904, 0.2812385969745831, 0.27388279135228727, 0.2727558830406181, 0.2697761984600406, 0.2678908230170789, 0.26604820286911113, 0.26527580818112506, 0.26438314226466114, 0.2593064119327892, 0.2578540360453757, 0.25529553949170325, 0.2507124603740866, 0.2512199566940886, 0.2464341986721819, 0.24881538001061324, 0.2475946758488242, 0.23859974590350022, 0.23996661981938364, 0.23758561571348538, 0.23931909200240234, 0.23857195398419315, 0.23305984953941536, 0.23078206359687062, 0.22725509719414277, 0.22657299191903701, 0.22767375742328982, 0.22552943559064365, 0.22311009202803164, 0.22394676451938927, 0.22031868465235235, 0.22072528371073769, 0.21682269262151121, 0.217893627479968, 0.2146691452957313, 0.2151174501623775, 0.2136264371775658, 0.2152522438761712, 0.21226663293432557, 0.2121553097125226, 0.21268544348596727, 0.20681902403232386, 0.20720425820942212, 0.2088142746007183, 0.2070861850470133, 0.2024960606022287, 0.20370020555667173, 0.2067565746445707, 0.20184043111781316, 0.20474507647518234, 0.20418324894721662, 0.20304956091466578, 0.20088635266699512, 0.20010224055029305, 0.19880923797672595, 0.2017685776732514, 0.20267608412377588, 0.20290264126177943, 0.2006857329949746, 0.1994105419471755, 0.2026852629077755, 0.20039665830808423, 0.19779822180287165, 0.1988426132600752, 0.19749151674943594, 0.2011394757403255], "test_acc": [49.93, 55.99, 59.52, 61.11, 62.58, 63.27, 64.11, 65.81, 65.9, 66.48, 67.15, 67.99, 67.94, 68.52, 69.03, 68.6, 69.29, 69.74, 68.73, 69.73, 69.46, 70.42, 70.73, 70.54, 70.96, 70.62, 71.65, 71.45, 70.68, 71.07, 70.79, 71.64, 71.58, 72.22, 72.54, 72.47, 71.89, 72.52, 72.48, 72.37, 72.57, 72.29, 72.68, 72.72, 72.26, 72.42, 72.31, 71.99, 72.57, 72.91, 72.77, 71.59, 72.58, 72.39, 73.16, 73.06, 72.56, 73.08, 72.96, 72.85, 73.17, 72.89, 73.16, 72.75, 73.22, 73.23, 73.17, 72.42, 73.78, 73.01, 72.67, 73.24, 73.24, 73.07, 73.34, 73.42, 73.28, 73.13, 72.69, 72.63, 73.04, 72.93, 72.86, 73.12, 73.12, 73.41, 72.66, 73.7, 73.1, 72.92, 72.91, 73.21, 73.17, 72.99, 73.46, 72.65, 73.43, 73.12, 73.68, 73.37, 73.08, 72.9, 73.2, 73.31, 73.73, 72.74, 72.83, 73.24, 73.3, 73.18, 73.48, 73.61, 73.11, 73.09, 73.47, 73.31, 73.06, 73.12, 72.87, 73.19, 72.84, 73.17, 72.84, 72.84, 72.7, 73.11, 73.12, 73.25, 72.92, 73.23, 73.43, 72.74, 73.38, 73.31, 73.21, 73.29, 73.1, 73.29, 73.18, 73.26, 73.4, 73.44, 73.27, 73.34, 73.17, 73.53, 73.44, 73.36, 73.09, 73.15, 73.14, 73.25, 73.22, 73.39, 73.11, 73.07, 73.44, 73.43, 73.48, 73.45, 73.1, 73.18, 73.27, 73.27, 73.14, 73.03, 73.47, 73.38, 73.19, 73.38, 73.21, 73.07, 73.29, 73.43, 73.3, 73.45, 73.11, 73.54, 73.36, 73.22, 73.05, 73.09, 73.18, 73.13, 73.31, 73.28, 73.21, 73.12, 73.16, 73.14, 73.08, 73.11, 73.16, 73.1, 73.06, 73.07, 73.07, 73.06, 73.05, 73.05],