{"num_param": 186250, "latency": {"mean": 0.0006411086179958746, "std": 3.214088074302108e-05}, "train_acc": [41.19, 52.038, 57.058, 59.84, 61.804, 63.414, 64.818, 65.62, 66.716, 67.76, 68.226, 68.934, 69.364, 70.058, 70.692, 71.048, 71.508, 71.826, 72.452, 73.024, 73.368, 73.452, 74.114, 74.152, 74.696, 74.716, 75.006, 75.676, 75.662, 75.778, 76.07, 76.526, 76.7, 76.766, 77.182, 77.35, 77.414, 77.894, 77.946, 78.114, 78.424, 78.694, 78.596, 78.758, 79.218, 79.662, 79.578, 79.684, 80.162, 80.158, 80.292, 80.594, 80.66, 80.874, 81.362, 81.17, 81.388, 81.6, 81.516, 81.956, 82.27, 82.172, 82.418, 82.542, 82.89, 83.014, 82.974, 83.262, 83.492, 83.504, 83.826, 83.808, 84.184, 84.126, 84.478, 84.4, 84.584, 84.788, 85.172, 85.104, 85.278, 85.206, 85.498, 85.666, 85.908, 85.994, 86.076, 86.256, 86.15, 86.424, 86.5, 86.908, 86.856, 87.102, 87.33, 87.364, 87.242, 87.61, 87.6, 87.664, 87.856, 88.028, 88.202, 88.212, 88.434, 88.552, 88.536, 88.894, 88.982, 88.932, 89.474, 89.218, 89.388, 89.404, 89.568, 89.816, 89.906, 90.034, 90.038, 89.912, 90.224, 90.406, 90.538, 90.612, 90.854, 90.738, 90.776, 91.124, 91.206, 91.148, 91.336, 91.184, 91.29, 91.59, 91.508, 91.928, 91.82, 91.73, 92.124, 91.866, 92.15, 92.308, 92.28, 92.364, 92.576, 92.512, 92.686, 92.628, 93.152, 92.766, 93.028, 92.928, 93.03, 92.902, 93.214, 93.202, 93.376, 93.526, 93.532, 93.44, 93.418, 93.606, 93.63, 93.538, 93.686, 94.046, 93.934, 93.802, 93.958, 94.028, 93.842, 94.324, 93.898, 93.99, 94.14, 94.154, 94.102, 94.45, 94.318, 94.272, 94.418, 94.358, 94.38, 94.214, 94.53, 94.474, 94.474, 94.476, 94.486, 94.448, 94.476, 94.348, 94.516, 94.402, 94.476, 94.634, 94.358, 94.43, 94.526, 94.322], "train_loss": [1.6347497773338264, 1.3412409070128444, 1.2083539409433048, 1.1337019040732528, 1.0798187040207254, 1.0316350921673876, 0.9976918224104688, 0.9679346551554979, 0.9438327000794011, 0.9192265635183509, 0.9007675013363704, 0.881337776579921, 0.8660314016172844, 0.8486128955488395, 0.834172916751753, 0.8245955349654627, 0.8088258272626807, 0.7938487683437759, 0.7833494865505343, 0.7683122948393636, 0.7599194626051573, 0.7528417482257118, 0.7386060375017153, 0.7329197104016864, 0.7236869617562529, 0.7167764734893903, 0.7103107143062395, 0.6935611893104119, 0.693157820997525, 0.6878506866923068, 0.6746068980094339, 0.6683132982909946, 0.6606873115876205, 0.6548606727608335, 0.6445426666156955, 0.6389258270433753, 0.6367491381963857, 0.627088694048477, 0.622138072494048, 0.615444071014112, 0.6083654190627567, 0.6023224503450186, 0.5989754494286773, 0.5931509968300928, 0.5854701590095661, 0.5780049960438212, 0.5740523496577165, 0.5726146909169333, 0.5595698281693596, 0.5598684560295412, 0.5522152199073244, 0.5473691316575326, 0.5415672779140455, 0.5367217919171352, 0.5310369921813618, 0.5237368920714293, 0.5233765256258058, 0.5163451775155309, 0.5137772627141486, 0.5068462798497041, 0.5013341519002036, 0.49975947641022145, 0.493243653796761, 0.490711661423923, 0.48370038034896096, 0.4783551514825604, 0.4750975464027964, 0.46546532033977794, 0.461696833901236, 0.46468211313374747, 0.45264510103928607, 0.44973864303860084, 0.4446759347923658, 0.4426859893042997, 0.43602505848240714, 0.43499095359446527, 0.42930814864558436, 0.42265881185186877, 0.41863268256301844, 0.4167385118359834, 0.41233683652551373, 0.4104771270194423, 0.40497532111049767, 0.4011151428338586, 0.3918242522885383, 0.3919487103571971, 0.38792696534176324, 0.38583980828180425, 0.38359810706044495, 0.3780342670382785, 0.3752790869059314, 0.36466160975754147, 0.3641288661072061, 0.35994037131106177, 0.35290766014971947, 0.35512571907718443, 0.3524166087972111, 0.34527890163015573, 0.34438566482904165, 0.3395686501962438, 0.33481875019802243, 0.33149291972033273, 0.32841633766965844, 0.32318134586817165, 0.3205143931028043, 0.31899070534771706, 0.3176182780703214, 0.3093807955873714, 0.3049116590449388, 0.3080038824812846, 0.2960485978408342, 0.2979429903477716, 0.2980136349249062, 0.2931996377176645, 0.28860518587270534, 0.28488495883008114, 0.28509939685273233, 0.2765782646934954, 0.27461882012461863, 0.27913750016195454, 0.270000508013381, 0.2664727756046879, 0.2628735792706944, 0.26268129031902615, 0.2586737670795664, 0.25826619922047, 0.25573261541338854, 0.2516091642609332, 0.24697853003104794, 0.2476234484931081, 0.23889241151759547, 0.24340247579624427, 0.24002641716868314, 0.2353177799784262, 0.23293526468754425, 0.22607750097564966, 0.22783103560217283, 0.22606717617449398, 0.21944251210712998, 0.22149064044825023, 0.2164868967236995, 0.21411947244617394, 0.21406016950939455, 0.21230602751218464, 0.2077999181308982, 0.2063528058856192, 0.20320027576365002, 0.20614413595779232, 0.19202874555959773, 0.20145814690526792, 0.1934302169710436, 0.20007887609143307, 0.1942041585959556, 0.19590003226460057, 0.19145583568745062, 0.19103732467727333, 0.18569279763363755, 0.18335435916422388, 0.18049741101046632, 0.18168002558587285, 0.18113633273234941, 0.17937263243927626, 0.17937709298699867, 0.17946069752553184, 0.17571200856430097, 0.1715297853807732, 0.17169872754130105, 0.17095137333172067, 0.17119106717952315, 0.16730182412153757, 0.17101243665049798, 0.16134362666309357, 0.169401367812853, 0.16687217578160804, 0.16709689389061008, 0.1647041455621492, 0.16560683107529114, 0.1572623599168111, 0.1622659703496169, 0.1598524498012601, 0.15868581484935304, 0.15752046549322127, 0.15777104880937248, 0.16157055191721909, 0.15649716805378291, 0.15791525539804444, 0.1559635553930863, 0.15676100690797287, 0.15771430382065318, 0.1587682799296126, 0.15699575135039828, 0.15747042992214838, 0.1565301902770939, 0.15385721187314028, 0.15725084181913127, 0.15402707926182985, 0.15689329472468763, 0.15695948451274788, 0.15597099259910452, 0.15853676279936454], "test_acc": [48.81, 54.74, 56.95, 59.21, 62.27, 61.55, 63.25, 65.08, 65.59, 66.67, 65.27, 66.61, 66.7, 67.84, 67.68, 68.46, 68.36, 69.58, 69.29, 68.92, 69.05, 68.99, 69.61, 69.26, 70.41, 69.43, 70.82, 70.6, 70.15, 70.71, 69.92, 71.07, 70.27, 70.83, 71.09, 71.16, 71.08, 70.88, 70.92, 71.26, 70.62, 71.59, 71.7, 71.58, 71.78, 71.77, 71.67, 71.76, 71.56, 71.4, 70.82, 71.8, 71.63, 71.98, 72.13, 72.72, 71.84, 72.0, 72.25, 72.18, 71.81, 72.2, 72.3, 71.44, 72.19, 72.32, 72.16, 71.64, 72.2, 72.63, 72.14, 72.44, 71.8, 72.42, 72.45, 72.26, 71.92, 72.16, 71.82, 72.38, 71.68, 71.68, 72.3, 72.92, 72.46, 71.94, 71.7, 71.84, 72.23, 71.99, 72.04, 71.72, 72.53, 71.81, 72.85, 72.61, 72.22, 72.1, 71.91, 72.32, 72.81, 72.83, 72.63, 71.9, 71.84, 72.14, 71.8, 71.98, 72.31, 72.21, 72.23, 72.14, 72.57, 72.28, 72.22, 72.26, 72.03, 72.54, 72.09, 72.16, 71.99, 71.99, 72.23, 72.62, 72.24, 71.92, 72.24, 72.45, 72.23, 71.94, 72.3, 72.09, 72.42, 72.22, 71.93, 71.99, 71.99, 72.49, 72.31, 72.14, 72.37, 71.69, 71.86, 72.43, 72.11, 71.97, 72.32, 72.34, 72.19, 72.19, 72.24, 72.51, 72.08, 72.37, 72.06, 72.3, 72.25, 72.3, 72.37, 72.41, 72.63, 72.14, 72.15, 72.22, 72.33, 72.16, 72.31, 72.48, 72.26, 72.29, 72.49, 72.47, 72.44, 72.65, 72.44, 72.43, 72.25, 72.37, 72.28, 72.35, 72.26, 72.35, 72.31, 72.36, 72.22, 72.37, 72.3, 72.48, 72.32, 72.38, 72.35, 72.28, 72.36, 72.35, 72.33, 72.3, 72.3, 72.32, 72.32, 72.32],