{"num_param": 483274, "latency": {"mean": 0.0009042503163456536, "std": 3.9074891842634884e-05}, "train_acc": [41.754, 53.362, 59.094, 61.682, 63.616, 65.476, 66.87, 68.058, 69.028, 69.858, 70.688, 71.482, 72.048, 72.826, 73.408, 74.096, 74.438, 75.202, 75.576, 76.26, 76.74, 76.802, 77.442, 77.864, 78.486, 78.602, 79.308, 79.83, 80.016, 80.208, 80.838, 81.224, 81.54, 81.88, 82.236, 82.338, 82.908, 83.486, 83.502, 83.986, 84.052, 84.614, 85.022, 85.066, 85.494, 86.22, 85.958, 86.35, 86.854, 87.196, 87.308, 87.518, 87.756, 88.18, 88.566, 88.662, 88.94, 89.432, 89.452, 89.754, 89.814, 90.084, 90.162, 90.36, 90.958, 90.992, 91.152, 91.278, 91.706, 91.764, 91.972, 92.124, 92.246, 92.674, 92.83, 92.838, 93.104, 93.384, 93.344, 93.348, 93.584, 93.81, 93.806, 94.276, 94.138, 94.466, 94.418, 94.714, 94.67, 94.912, 94.846, 95.36, 95.254, 95.312, 95.63, 95.492, 95.88, 96.034, 95.838, 96.048, 96.062, 96.25, 96.216, 96.498, 96.576, 96.498, 96.752, 96.788, 96.95, 97.086, 96.94, 97.084, 97.198, 97.254, 97.436, 97.472, 97.564, 97.644, 97.658, 97.748, 97.75, 97.89, 97.992, 97.98, 98.086, 98.052, 98.248, 98.21, 98.26, 98.298, 98.328, 98.412, 98.452, 98.554, 98.45, 98.57, 98.64, 98.714, 98.836, 98.722, 98.788, 98.908, 98.908, 98.986, 99.034, 99.076, 99.03, 99.142, 99.098, 99.204, 99.194, 99.21, 99.252, 99.28, 99.338, 99.308, 99.41, 99.36, 99.402, 99.47, 99.458, 99.502, 99.572, 99.54, 99.594, 99.558, 99.62, 99.64, 99.626, 99.552, 99.654, 99.714, 99.668, 99.736, 99.648, 99.752, 99.73, 99.728, 99.698, 99.724, 99.764, 99.78, 99.782, 99.778, 99.772, 99.806, 99.77, 99.81, 99.802, 99.774, 99.78, 99.826, 99.828, 99.78, 99.826, 99.854, 99.822, 99.81, 99.8, 99.786], "train_loss": [1.61313048720131, 1.2986769840569352, 1.1556268667686618, 1.0799102225291446, 1.0227882819952143, 0.9776848508277461, 0.938740889879655, 0.9092897088269888, 0.876272444361231, 0.8542096877014187, 0.833651354392217, 0.8107851318686113, 0.790524586854039, 0.7727604376262986, 0.7559140289127255, 0.7349053932662507, 0.7209356057952782, 0.7066951164700477, 0.692584194190519, 0.6722450379999646, 0.6635956174085633, 0.6526670316931382, 0.6385287436360514, 0.6305337621665352, 0.6118712577389664, 0.5981821898306628, 0.5883001492323588, 0.572799260522491, 0.5675886677993999, 0.5578014337513131, 0.5424917108800574, 0.5346994778512002, 0.5208072074410707, 0.5080625548320021, 0.4990948674317285, 0.4916054839345788, 0.4811969562240007, 0.46771102129307146, 0.46279888185872076, 0.450676063305662, 0.44227747822934743, 0.4299547209887648, 0.4206411027881631, 0.414071282337319, 0.4044101058683636, 0.38939792984144395, 0.3911394076618489, 0.3796226914235589, 0.36696724741411607, 0.3595089171789658, 0.3521864261580673, 0.3467007991253033, 0.34268866602381454, 0.3320574406999201, 0.3235513607084141, 0.3161891962062527, 0.30772596864376556, 0.30065185029920066, 0.29527430968527146, 0.285721822410002, 0.28528711330252854, 0.2774902420238814, 0.2719278905209409, 0.2679720939788312, 0.2532876758226649, 0.25165842225630924, 0.24700438184157175, 0.24257627808353646, 0.23121693166436405, 0.22959038722719127, 0.2247535501352332, 0.21798360083783694, 0.21355233057232256, 0.20357421305214107, 0.20220925083702104, 0.202446864254091, 0.1936979166895535, 0.1860934210975755, 0.18443123213422466, 0.18451439780710469, 0.17796279003120297, 0.1752655035270925, 0.17217784167773265, 0.16319990542884713, 0.16380974570657494, 0.1550092813704861, 0.1554551658146703, 0.14805291096160875, 0.14798550510252287, 0.1445620473982529, 0.14379700814074076, 0.13266513483826445, 0.13309183790272797, 0.1319140342485174, 0.12254168921950502, 0.12392816527121565, 0.11839619427398759, 0.11625894564200939, 0.11724801503575596, 0.1105379321879361, 0.11019350820496888, 0.10572633013499856, 0.1045645372392413, 0.09873061314414679, 0.09615563539256623, 0.09718468087598424, 0.09200420161932338, 0.09000170360195975, 0.08579366711464068, 0.0834559380971801, 0.08659397280192263, 0.08034811711554926, 0.079364964782656, 0.07704025761370165, 0.07412150101968572, 0.07296512247213971, 0.07072229331751191, 0.0679768713168658, 0.06754689741243923, 0.0650446194296903, 0.06375704074940396, 0.06124179742914763, 0.05715349544198994, 0.057633244009097556, 0.05600942045804968, 0.05615657575133761, 0.0497645192749212, 0.051277215703299225, 0.048837807339963804, 0.04859761824337626, 0.04722821583923117, 0.04368177345351024, 0.04371631331406641, 0.04128988176756744, 0.04371276325900181, 0.03933198621552569, 0.03842675445810415, 0.03567108598144143, 0.033828800566124216, 0.03651921469148058, 0.03412320539183411, 0.03158478461379428, 0.03142633113329665, 0.028811048807062967, 0.028698386902254586, 0.02720167777967937, 0.028183532227979605, 0.02581819416778405, 0.025547365261480433, 0.024371356518981833, 0.024387878441406906, 0.02313972772902645, 0.022552595296862585, 0.021132305588979276, 0.019098883102910715, 0.01987473291373998, 0.017637936409899076, 0.019400233112964408, 0.01758050439312169, 0.017090805272751766, 0.016585697980990844, 0.016563034034840367, 0.013452118459165774, 0.014452095342619887, 0.012893633458005684, 0.013466028493796215, 0.011589311621032758, 0.011410977927591976, 0.011079496453067971, 0.012768727711881768, 0.01077295365749861, 0.009102437150064624, 0.010773790459386853, 0.009159353425031954, 0.010781024843311589, 0.008464192075539967, 0.008735520382700647, 0.008295898914075549, 0.00899413181232597, 0.009242199352615738, 0.007584328824627284, 0.007585043574706192, 0.0070571942783174794, 0.00701693370578495, 0.006990496042733748, 0.0068810993182396385, 0.0073605602015244884, 0.006921038386375845, 0.006832300714093986, 0.0069837829422325455, 0.0068445297820359675, 0.00598563770302393, 0.006144448884283034, 0.007153033832711243, 0.006031031924039716, 0.005672902520199947, 0.006069962915257349, 0.00632149061083692, 0.006603432008360856, 0.0067742383165714576], "test_acc": [49.89, 56.19, 59.97, 61.22, 63.74, 63.74, 65.48, 66.91, 66.82, 67.11, 66.96, 68.07, 68.37, 68.81, 69.08, 69.03, 70.49, 70.66, 70.74, 69.96, 70.22, 70.52, 70.46, 71.21, 71.56, 70.85, 71.81, 71.31, 71.16, 71.43, 72.04, 71.43, 71.84, 72.69, 72.79, 71.79, 71.96, 72.7, 72.23, 72.02, 72.1, 71.83, 72.32, 72.21, 72.27, 72.13, 72.12, 71.98, 71.91, 72.3, 71.89, 71.33, 71.77, 71.72, 72.55, 71.45, 71.44, 71.85, 71.21, 72.17, 72.39, 72.16, 71.82, 72.73, 71.93, 71.91, 71.88, 71.59, 72.28, 72.15, 72.36, 71.22, 71.74, 71.87, 71.85, 71.59, 71.89, 71.47, 71.89, 71.46, 71.59, 71.38, 71.64, 71.5, 71.98, 71.35, 72.02, 71.73, 71.68, 71.33, 71.89, 71.71, 71.99, 72.04, 71.97, 72.05, 71.51, 72.01, 72.11, 72.36, 72.37, 71.8, 72.19, 71.99, 71.74, 72.36, 72.49, 71.57, 72.46, 71.97, 71.77, 71.79, 71.84, 72.24, 72.2, 71.84, 72.2, 72.11, 72.25, 71.87, 72.42, 72.07, 72.48, 72.8, 72.35, 72.56, 72.42, 72.38, 72.93, 72.79, 72.5, 72.18, 72.44, 72.86, 72.9, 72.66, 72.43, 72.64, 72.92, 72.2, 72.34, 72.44, 72.92, 72.72, 72.43, 72.57, 72.59, 72.51, 72.47, 72.64, 72.71, 72.32, 72.57, 72.39, 72.52, 72.97, 72.72, 73.03, 72.87, 72.94, 72.92, 73.03, 73.25, 73.2, 73.39, 73.2, 73.1, 73.11, 72.87, 72.99, 73.17, 73.35, 73.14, 73.1, 73.32, 73.25, 73.39, 73.59, 73.45, 73.59, 73.36, 73.5, 73.52, 73.35, 73.42, 73.38, 73.49, 73.41, 73.38, 73.34, 73.39, 73.4, 73.36, 73.33, 73.4, 73.41, 73.38, 73.38, 73.39, 73.39],