{"num_param": 185290, "latency": {"mean": 0.000290451602052195, "std": 2.297705887527676e-05}, "train_acc": [41.026, 50.866, 55.416, 57.85, 59.892, 61.734, 62.92, 63.832, 64.802, 65.698, 66.34, 67.246, 67.606, 68.392, 68.884, 69.076, 69.574, 70.068, 70.202, 70.71, 71.286, 71.346, 71.71, 72.256, 72.47, 72.698, 72.812, 73.492, 73.25, 73.65, 73.798, 74.356, 74.322, 74.884, 74.754, 75.014, 75.204, 75.334, 75.68, 75.822, 75.796, 75.892, 76.328, 76.516, 76.546, 76.744, 77.124, 77.122, 77.184, 77.482, 77.662, 77.698, 78.042, 78.112, 78.422, 78.32, 78.398, 78.798, 78.786, 78.794, 78.7, 79.33, 79.402, 79.468, 79.682, 79.696, 80.038, 80.206, 80.138, 80.192, 80.5, 80.7, 80.454, 80.794, 80.658, 80.936, 81.256, 81.15, 81.436, 81.414, 81.652, 81.596, 82.07, 81.778, 82.02, 81.94, 82.256, 82.486, 82.29, 82.552, 82.672, 82.756, 82.77, 82.944, 83.212, 83.06, 83.206, 83.49, 83.532, 83.932, 83.76, 83.926, 83.88, 84.008, 83.95, 84.222, 84.262, 84.31, 84.676, 84.812, 84.616, 84.732, 84.954, 84.942, 85.204, 85.21, 85.212, 85.316, 85.35, 85.348, 85.678, 85.8, 85.696, 85.992, 86.11, 86.242, 86.082, 86.222, 86.248, 86.664, 86.57, 86.678, 86.652, 86.744, 86.916, 86.756, 86.948, 87.008, 87.102, 87.272, 87.4, 87.348, 87.318, 87.458, 87.462, 87.554, 87.72, 87.64, 87.904, 87.92, 88.24, 88.088, 88.076, 88.236, 88.05, 88.034, 88.292, 88.196, 88.446, 88.486, 88.29, 88.626, 88.502, 88.614, 88.868, 88.896, 88.586, 88.864, 89.058, 88.866, 88.82, 89.144, 88.74, 89.092, 88.954, 89.144, 89.09, 89.07, 89.186, 89.15, 89.214, 89.228, 89.33, 89.052, 89.064, 89.406, 89.176, 89.402, 89.328, 89.432, 89.374, 89.444, 89.478, 89.566, 89.398, 89.412, 89.318, 89.402, 89.2, 89.41], "train_loss": [1.6327778592143238, 1.3713314014219429, 1.257171506578161, 1.1852122872057285, 1.1308031791650708, 1.0862945275511104, 1.0518364860167964, 1.0186023862981217, 0.9973607249581806, 0.9719140016147897, 0.9535314286853439, 0.9331996832531534, 0.9187544169367999, 0.9020607929273973, 0.8894975090820059, 0.8782189597857738, 0.8657135869437734, 0.8508290623482114, 0.8435724212317915, 0.8306248968446858, 0.8171146242800083, 0.8132259585082493, 0.804241134486592, 0.7933313119739428, 0.7847638680091364, 0.777577391112377, 0.770175355733852, 0.7604722994035891, 0.7610972538180483, 0.7516439875119478, 0.74267895880107, 0.7338048183643429, 0.7324961744015291, 0.7182692452378556, 0.716068430333586, 0.7104550439409163, 0.7072637865387775, 0.6986207822272202, 0.6952500680052769, 0.6927044097994355, 0.6841992298361589, 0.6801833923112408, 0.673546144835322, 0.667822238312878, 0.663509003203112, 0.6549994441003122, 0.6538759986521415, 0.6485801831946034, 0.6429190512029163, 0.6399568540120995, 0.6335675399595548, 0.6318928755138139, 0.6286684790636894, 0.6225156250266181, 0.6162005214643875, 0.6134449681046675, 0.6099123412591864, 0.6019239354919182, 0.6043292696820721, 0.5984216827424916, 0.59558682819627, 0.5841907628514564, 0.5821025298046746, 0.5830728546385573, 0.5764606152676041, 0.572583093772084, 0.5693627502471303, 0.5655507579283766, 0.5577522621979258, 0.5616284970167884, 0.5519871192049385, 0.5497116931187976, 0.5489577281688622, 0.5415229729102043, 0.5450802463811708, 0.5408189887239319, 0.5323674625699824, 0.5281792231671565, 0.5217915288794139, 0.522040591535283, 0.5194218378092186, 0.5159675848556495, 0.5133796520078328, 0.5081679687828722, 0.5057080298023429, 0.5067658840713788, 0.4995277711712849, 0.49663571507139076, 0.494737447175702, 0.4896091508583159, 0.4891639606156032, 0.4821969298782901, 0.4832470924548819, 0.478265939527075, 0.47301416669662993, 0.4724204293044042, 0.4696726260357611, 0.464046155470194, 0.4626483518155965, 0.4569809795836951, 0.45586078923364826, 0.45493862539129387, 0.4489785101710415, 0.44776589969698616, 0.4497552002736642, 0.4443273025773995, 0.4398112055140661, 0.43822217292211335, 0.42991014332608846, 0.42815140264867896, 0.42693378594695036, 0.42858635207074464, 0.4209376831210659, 0.4185771853141653, 0.41303119596549126, 0.41344971695029425, 0.41447868713929115, 0.4083791763372171, 0.41152611391062316, 0.40572195998747534, 0.3994572325606645, 0.3961556989339705, 0.39823377300208757, 0.3911202749712911, 0.39225680452085654, 0.38659477174301143, 0.38868713109102754, 0.3865180015468628, 0.3833796207340802, 0.3768885768592472, 0.37584409804601204, 0.37339780788561205, 0.3745759957144067, 0.3735838155676292, 0.36743737952646655, 0.3694156292976093, 0.36461967767066705, 0.36129746885442304, 0.3627469284735234, 0.3578442520988117, 0.3534631827013163, 0.35372403599631685, 0.3520074516072421, 0.3510815476663816, 0.3494120143539846, 0.3483840304492989, 0.343126777909882, 0.3440566594335259, 0.3391599781258283, 0.340224559968832, 0.3351634174003787, 0.33660385167191637, 0.33085668318197653, 0.3320000505197605, 0.33132616552552274, 0.3320930324451937, 0.3258528766852118, 0.3292882949333121, 0.3207306488347374, 0.3218919290569316, 0.32618902345984624, 0.320355064506742, 0.32035917833075644, 0.31921066843588153, 0.31535670506843605, 0.3118480823895943, 0.31709627033481214, 0.3114365276070794, 0.30994821275493234, 0.3083980343711544, 0.3105055764841866, 0.3039726748256941, 0.3138074740119188, 0.3082668684942556, 0.30821195030042703, 0.30481478419114366, 0.3066888709248104, 0.30361519693155664, 0.3020318916361834, 0.3049938272939839, 0.3011610629591168, 0.30207051232133014, 0.3011664159367158, 0.3064968841327968, 0.301702824602963, 0.29810160778162575, 0.29791691094655987, 0.2963836616189985, 0.29691305497252474, 0.29781498809083484, 0.29718025499670003, 0.297518076035489, 0.2965133439544505, 0.2949388082796423, 0.3028548651649566, 0.2989856257500819, 0.2988859946295495, 0.29754960127246355, 0.29812064950884115, 0.2961005933382575], "test_acc": [50.27, 54.48, 58.7, 59.9, 61.97, 62.68, 63.97, 65.03, 65.39, 66.56, 65.29, 67.1, 67.31, 67.88, 67.4, 68.31, 69.17, 68.78, 68.64, 69.04, 67.87, 69.09, 69.17, 70.16, 69.94, 69.4, 70.64, 70.71, 70.04, 70.76, 70.22, 70.27, 70.72, 71.56, 71.3, 71.47, 71.46, 71.69, 71.51, 71.34, 71.85, 71.91, 72.06, 72.8, 72.38, 72.29, 71.93, 72.57, 72.04, 72.79, 71.94, 71.95, 72.57, 72.44, 71.89, 72.87, 72.12, 72.61, 72.85, 72.67, 72.78, 72.44, 73.05, 72.91, 72.55, 72.97, 72.99, 73.02, 72.36, 73.52, 73.09, 72.86, 72.86, 72.93, 72.9, 73.53, 73.05, 73.09, 72.86, 72.64, 72.63, 72.56, 72.72, 73.63, 73.23, 72.9, 73.03, 73.17, 72.85, 72.64, 73.39, 73.4, 73.26, 73.63, 73.52, 73.2, 73.25, 72.8, 73.27, 73.12, 73.46, 73.07, 72.99, 73.21, 73.17, 73.32, 72.94, 73.02, 73.69, 73.23, 73.36, 72.7, 73.23, 73.76, 73.14, 73.05, 73.08, 72.97, 73.21, 73.48, 73.22, 73.47, 73.1, 73.14, 72.94, 73.54, 73.37, 73.41, 73.23, 73.15, 73.45, 73.42, 73.74, 73.64, 73.08, 73.42, 73.18, 73.45, 73.04, 73.27, 73.45, 73.16, 73.37, 73.53, 73.36, 73.41, 73.23, 73.59, 73.45, 73.41, 73.27, 73.24, 73.48, 73.5, 73.07, 73.47, 73.23, 73.56, 73.45, 73.16, 73.33, 73.41, 73.17, 73.33, 73.09, 73.47, 73.18, 73.18, 73.24, 73.44, 73.41, 73.3, 73.44, 73.33, 73.39, 73.41, 73.5, 73.39, 73.46, 73.46, 73.49, 73.56, 73.51, 73.58, 73.55, 73.4, 73.52, 73.5, 73.57, 73.5, 73.53, 73.4, 73.48, 73.52, 73.51, 73.58, 73.6, 73.6, 73.59, 73.59],