{"num_param": 335626, "latency": {"mean": 0.0011681092509065573, "std": 4.328966018980866e-05}, "train_acc": [41.748, 52.968, 58.02, 60.894, 62.976, 64.918, 66.204, 67.244, 68.366, 68.824, 69.692, 70.794, 71.238, 71.752, 72.374, 72.782, 73.482, 73.812, 74.766, 75.09, 75.208, 75.866, 76.15, 76.44, 77.026, 77.298, 77.558, 78.048, 78.412, 78.7, 79.008, 79.382, 79.608, 79.914, 80.65, 80.87, 80.85, 81.184, 81.396, 81.706, 81.854, 82.37, 82.7, 82.786, 83.2, 83.562, 83.522, 83.846, 84.32, 84.342, 84.832, 84.932, 84.988, 85.514, 85.67, 86.07, 86.136, 86.388, 86.87, 87.006, 87.452, 87.204, 87.296, 87.612, 88.26, 88.406, 88.332, 88.732, 88.814, 89.008, 89.13, 89.54, 89.64, 89.75, 90.154, 90.206, 90.654, 90.752, 90.85, 90.898, 91.088, 91.344, 91.582, 91.666, 91.96, 92.08, 92.034, 92.476, 92.446, 92.652, 92.644, 92.986, 93.124, 93.19, 93.354, 93.366, 93.712, 93.82, 93.968, 94.146, 94.124, 94.41, 94.636, 94.578, 94.632, 94.632, 94.92, 95.022, 95.166, 95.196, 95.372, 95.408, 95.636, 95.648, 95.868, 95.834, 95.95, 96.102, 96.116, 96.266, 96.494, 96.406, 96.538, 96.71, 96.794, 96.754, 96.896, 97.014, 97.102, 97.136, 97.3, 97.302, 97.344, 97.326, 97.568, 97.52, 97.678, 97.778, 97.716, 97.894, 97.978, 98.022, 98.086, 97.994, 98.27, 98.276, 98.274, 98.354, 98.372, 98.36, 98.338, 98.566, 98.498, 98.53, 98.636, 98.742, 98.744, 98.748, 98.776, 98.8, 98.958, 98.822, 98.964, 98.912, 99.038, 98.976, 98.992, 99.048, 99.07, 99.164, 99.16, 99.17, 99.188, 99.244, 99.194, 99.216, 99.304, 99.32, 99.308, 99.31, 99.35, 99.354, 99.404, 99.37, 99.418, 99.388, 99.422, 99.344, 99.342, 99.418, 99.408, 99.422, 99.414, 99.43, 99.392, 99.432, 99.408, 99.428, 99.456, 99.486], "train_loss": [1.6147815409335127, 1.316338358479132, 1.1802372617440886, 1.1019632330096385, 1.044905088570205, 0.9936391852333694, 0.9572828705884369, 0.9257322145591389, 0.8969928193992327, 0.8763365760416993, 0.8539882331838687, 0.8312012817298305, 0.8166026665816609, 0.799458064582206, 0.7839984745645249, 0.7688265792353368, 0.7503786576305226, 0.7377246002775694, 0.7227361030347517, 0.710071402410628, 0.6995596979874034, 0.6881505574408968, 0.6748393728842891, 0.6645662194440858, 0.6563217692453741, 0.6401630659287966, 0.6357285150982825, 0.6199424617369055, 0.6140600525924813, 0.6023866435559377, 0.592238721905499, 0.5852046162462051, 0.5739168291262, 0.5654059514088732, 0.5511094865437433, 0.543586074180963, 0.5413880514568499, 0.5305784191562057, 0.5235620500354223, 0.5161306581013644, 0.5072445922357793, 0.49478327058689453, 0.48714078045184994, 0.479330616258919, 0.4706061765294157, 0.4653170910054342, 0.4597723830398351, 0.4531681540631287, 0.43925344981658326, 0.43696154880451227, 0.42834193278068317, 0.42021330779922444, 0.41830730017796586, 0.4055785523847899, 0.3994426491526709, 0.3914467231921675, 0.38294127827089564, 0.3735524982986203, 0.37215165419698293, 0.3629120328318821, 0.35360833183073953, 0.35480234054079896, 0.3495725865403735, 0.3423208438136489, 0.3281543604977148, 0.3249388515391528, 0.3230583330715267, 0.3138991276079923, 0.31004444710190526, 0.304776802728154, 0.29905354299046866, 0.29219229223822757, 0.2878479423979804, 0.28227458468930927, 0.2745625074018539, 0.27293910391233095, 0.26380034902455407, 0.25745442064904434, 0.25253754917005466, 0.25235789408400816, 0.24697925518633307, 0.24496215942148322, 0.23613423674760037, 0.23563040776973113, 0.22461213465060226, 0.21888932762089558, 0.22123532817280128, 0.21030536370133826, 0.21071288699518964, 0.20715634696309526, 0.2051303139098241, 0.19529580184683365, 0.19139847611699798, 0.19185645907273563, 0.18391564452480846, 0.18195281863350823, 0.17927619781326062, 0.17323727966229635, 0.1687890825541696, 0.16404235567444708, 0.1636353966548219, 0.15842887922592333, 0.14907104009255928, 0.14925624883029984, 0.15005026725362164, 0.14841649415846186, 0.14258823065433987, 0.13950663668080276, 0.13493888275918295, 0.13256135615844922, 0.12909129080919743, 0.12662845070105014, 0.12353207681611686, 0.12090118411244373, 0.118312044791944, 0.116728986883822, 0.11382023659275554, 0.10872742344231434, 0.10909664981640393, 0.10685305963556377, 0.09815739023648751, 0.10255801987519067, 0.09587555160592248, 0.09429232958049984, 0.09135046376948325, 0.09132180827405686, 0.08868304404468226, 0.08432397004309267, 0.08146927204869106, 0.08173827458600116, 0.07818076651019323, 0.0767869997945893, 0.07529209302554339, 0.07554651869694665, 0.07044283909181977, 0.06978005343516043, 0.06854336574262214, 0.06520574931958029, 0.06519484965405377, 0.05982321855919412, 0.057522503814945426, 0.05717320895357706, 0.05479652085922473, 0.058363112592557234, 0.04998213291345182, 0.04963287685510523, 0.05004599635585069, 0.04872591632721253, 0.048513475293801935, 0.04848897067101682, 0.04780008310426556, 0.04280073079734895, 0.04348248329269208, 0.041184328313230496, 0.039861647608068485, 0.03812460374407442, 0.037240153580831166, 0.03655311818192466, 0.03725463432600315, 0.035305796586279026, 0.03200963998190098, 0.035168998907775285, 0.03171103561428296, 0.03229594122480757, 0.030131656612513585, 0.030384486357246703, 0.02814157783087779, 0.028865728011873645, 0.02863803895582543, 0.025943211984027208, 0.025241886334341365, 0.025709673048933148, 0.025542795282033477, 0.023524973907465354, 0.02420307010692939, 0.02377137601751267, 0.02257015119288197, 0.02237027126937139, 0.022606334863972052, 0.02219360609137693, 0.021372192139008577, 0.021503655015576714, 0.01995601500297552, 0.020831078078023306, 0.019341447926113385, 0.019856453219321255, 0.01920481514830234, 0.020400553903163643, 0.020914047325632304, 0.019099406393257374, 0.018658581124267094, 0.01911150318715414, 0.019682058936789523, 0.018520224753282598, 0.019193965019515574, 0.018032575643386617, 0.019210642181418512, 0.01844534950702295, 0.019425562239296795, 0.017944821176722713], "test_acc": [49.49, 54.56, 58.44, 61.71, 63.46, 63.14, 64.75, 65.9, 66.65, 67.71, 66.74, 68.72, 67.47, 69.58, 68.5, 69.18, 69.9, 70.05, 69.38, 70.13, 69.48, 69.57, 70.26, 71.04, 71.55, 70.32, 70.95, 70.66, 71.51, 71.41, 71.41, 72.19, 70.53, 72.06, 72.59, 72.32, 72.02, 73.16, 72.71, 72.03, 72.54, 72.15, 72.61, 71.87, 72.37, 71.84, 72.36, 72.16, 71.66, 72.79, 71.93, 72.13, 72.42, 72.61, 72.92, 72.09, 72.66, 72.86, 72.75, 72.14, 72.61, 72.98, 72.57, 72.22, 72.31, 72.9, 72.2, 72.17, 72.57, 72.79, 72.84, 72.64, 72.63, 72.55, 72.61, 73.31, 72.85, 73.15, 72.37, 72.53, 72.3, 72.51, 72.4, 72.57, 72.12, 72.36, 73.07, 72.25, 72.35, 72.28, 73.06, 72.76, 73.02, 72.07, 72.33, 72.31, 72.89, 72.81, 72.56, 72.38, 72.09, 72.58, 72.24, 72.98, 72.66, 72.88, 72.53, 72.87, 72.63, 72.92, 72.62, 72.83, 73.4, 73.06, 72.75, 73.27, 72.87, 73.28, 73.48, 72.99, 73.31, 73.58, 73.17, 72.72, 73.02, 72.74, 73.0, 72.96, 72.97, 73.14, 73.06, 73.18, 73.22, 73.19, 73.56, 73.2, 72.97, 73.09, 73.31, 73.24, 73.27, 73.36, 73.13, 73.66, 73.56, 73.47, 73.71, 73.15, 73.26, 73.22, 73.21, 72.9, 73.18, 73.2, 73.23, 73.07, 73.16, 73.44, 73.24, 73.42, 73.51, 73.16, 73.24, 73.44, 73.46, 73.09, 73.51, 73.56, 73.51, 73.4, 73.57, 73.7, 73.43, 73.6, 73.47, 73.53, 73.42, 73.34, 73.57, 73.45, 73.6, 73.43, 73.33, 73.5, 73.37, 73.32, 73.35, 73.39, 73.47, 73.46, 73.48, 73.52, 73.39, 73.43, 73.45, 73.39, 73.4, 73.4, 73.4, 73.4],