{"num_param": 334474, "latency": {"mean": 0.0006408426708306748, "std": 3.265650345653893e-05}, "train_acc": [41.642, 53.264, 58.148, 60.75, 62.93, 64.794, 66.148, 67.146, 68.324, 68.984, 69.976, 70.624, 71.126, 71.998, 72.528, 73.188, 73.628, 74.248, 74.894, 75.166, 75.704, 75.694, 76.276, 76.68, 77.106, 77.372, 77.558, 78.022, 78.542, 78.778, 79.164, 79.42, 79.85, 80.128, 80.394, 80.534, 80.732, 81.256, 81.55, 81.432, 82.114, 82.418, 82.366, 82.832, 83.122, 83.35, 83.46, 83.588, 84.104, 84.454, 84.498, 84.842, 84.864, 85.38, 85.566, 85.78, 86.142, 86.096, 86.536, 86.622, 86.82, 87.132, 87.0, 87.408, 87.566, 87.972, 87.942, 88.392, 88.536, 88.658, 88.916, 88.926, 89.246, 89.382, 89.446, 89.736, 90.026, 90.104, 90.178, 90.618, 90.594, 90.804, 90.928, 90.84, 91.352, 91.616, 91.644, 91.806, 91.802, 91.948, 92.262, 92.626, 92.776, 92.556, 92.694, 93.074, 92.98, 93.364, 93.512, 93.34, 93.612, 93.64, 93.902, 94.114, 94.044, 94.238, 94.258, 94.336, 94.55, 94.788, 94.894, 94.76, 95.208, 95.132, 95.18, 95.082, 95.526, 95.4, 95.61, 95.676, 95.75, 95.862, 96.02, 96.264, 96.142, 96.348, 96.352, 96.45, 96.45, 96.558, 96.766, 96.764, 96.754, 96.702, 96.926, 96.982, 97.218, 97.174, 97.13, 97.286, 97.46, 97.474, 97.604, 97.67, 97.594, 97.78, 97.908, 97.816, 97.958, 97.888, 97.812, 98.068, 98.112, 98.086, 98.18, 98.164, 98.252, 98.33, 98.452, 98.41, 98.414, 98.478, 98.43, 98.6, 98.6, 98.58, 98.582, 98.69, 98.738, 98.744, 98.718, 98.77, 98.782, 98.806, 98.786, 98.906, 98.906, 98.892, 98.928, 98.932, 99.066, 98.926, 99.016, 98.938, 99.098, 98.98, 98.998, 99.082, 99.086, 99.034, 98.996, 99.096, 98.996, 99.068, 98.96, 99.058, 99.064, 99.09, 99.048, 99.112], "train_loss": [1.6184775931516369, 1.3151708053840863, 1.1816746387356607, 1.1056289849415546, 1.051161218513225, 1.0015161580293512, 0.9619678516686916, 0.9331635147314078, 0.9026650038958358, 0.8794786704135719, 0.853334818581168, 0.8361445855461324, 0.8195280518695016, 0.7967989871270064, 0.7844423837792927, 0.763617115701839, 0.7509839296417212, 0.7346721057394568, 0.7196204964159699, 0.7082073171685616, 0.6953843548388643, 0.6850441220435132, 0.673763934572919, 0.6609228148589283, 0.6515220743642735, 0.6415806018383321, 0.6354829383750642, 0.6176431378110128, 0.6091034314091665, 0.6009926942873672, 0.5922048872411823, 0.5828215247324012, 0.5711443831504192, 0.5649005287801769, 0.5568492888203052, 0.5486779460636988, 0.543744254030254, 0.5338570255731362, 0.5244079470844202, 0.5210629707572938, 0.5075117914495908, 0.4975799119585001, 0.4944730267662767, 0.480973693374747, 0.4749782377674041, 0.47111311561582336, 0.46435392913494977, 0.4597407473741017, 0.4456003641069736, 0.44090623861883055, 0.4324062749772063, 0.4278425197149803, 0.42316992756310595, 0.41175128193482785, 0.4054622367377168, 0.39828846545953134, 0.39221175345076786, 0.3879876508260109, 0.3819157189510224, 0.3743910854199683, 0.36906756248303657, 0.36108369773977167, 0.3578723664404449, 0.3497066744391688, 0.3469888025028387, 0.33835406129749557, 0.3344190322286947, 0.32597657079526576, 0.32291801403719345, 0.31713971653410966, 0.31574293071319487, 0.30532373454343104, 0.30078165331808937, 0.29723409804743756, 0.2932439830561746, 0.284161044488484, 0.2813633633497447, 0.2744920995403427, 0.2713396436298267, 0.2604605164414633, 0.26080581065093333, 0.256979239030824, 0.25103031009464255, 0.2518445835225356, 0.24246921605398963, 0.2356209715045345, 0.2334746181433371, 0.22992087346016027, 0.22891262000139448, 0.22458764653645757, 0.21683360642431185, 0.20787504707926066, 0.20287633549913012, 0.20785241489973746, 0.2015473249792023, 0.19411858340566804, 0.1936583422912107, 0.1862196832614035, 0.18368164625588473, 0.18555394385155394, 0.18005812490598483, 0.17682848501025733, 0.17064233466992376, 0.16647608698538183, 0.16554560424266615, 0.16025829177244935, 0.161472902652913, 0.15691294127143324, 0.15208790333010852, 0.14751940680326928, 0.14336838231166385, 0.14477025878109795, 0.13566071143873173, 0.13593639938461088, 0.13544613100059202, 0.13788372655986061, 0.1266610392083915, 0.12568575009299646, 0.12335640705287128, 0.12063416126464217, 0.12049205448989109, 0.11358303810789781, 0.11148050473019795, 0.10794889447097539, 0.10764942502253465, 0.10586575375675025, 0.10523768168798411, 0.10040261610726911, 0.09912802545439871, 0.09689714234050897, 0.09314856658777865, 0.09210461838924941, 0.09050451182451645, 0.09043154229833199, 0.08548499683501534, 0.08430344013725743, 0.08102578179047086, 0.08130280138529665, 0.07946167778913754, 0.07618056524095679, 0.07374607624138407, 0.07096727339716054, 0.07052750954963385, 0.0667634008888984, 0.06595562735300747, 0.06450033777219709, 0.06229313162095268, 0.06302769227485636, 0.0596932138462169, 0.06140617514366176, 0.06140191508604539, 0.05710984257927852, 0.05506527777953384, 0.05567867075558901, 0.052008355496359945, 0.055224404592389954, 0.051055385220214314, 0.04845675070967015, 0.04547737538129311, 0.04649736176212366, 0.04690822607320563, 0.04596600093437425, 0.045194242747849264, 0.042326496843792624, 0.042179935057489626, 0.04093977866035315, 0.04234904561224048, 0.040803831398903596, 0.0378928137883563, 0.03873622352773531, 0.038072627646281304, 0.036644441399722026, 0.038635621267348236, 0.03593556852276858, 0.03717058619215574, 0.03345194758116464, 0.03473341853466372, 0.03359225625486944, 0.03230182558392294, 0.03128449728634457, 0.029699524224307376, 0.03235831225200548, 0.03099905092990391, 0.03164306949703881, 0.02914405659592135, 0.03176737033695525, 0.030601609205473775, 0.029231393834824707, 0.02949681395219558, 0.03002831037228904, 0.03125893191769388, 0.0289848912661194, 0.03141655298170749, 0.029730955239623186, 0.0317620806385878, 0.029407559239356725, 0.02995579529778066, 0.02858177036471827, 0.02942232318927569, 0.028656503310312664], "test_acc": [49.51, 54.43, 58.78, 60.5, 63.33, 62.91, 64.56, 65.7, 66.85, 66.77, 66.92, 67.61, 68.68, 68.9, 68.82, 69.21, 69.54, 69.69, 69.15, 70.36, 68.45, 69.67, 70.55, 70.95, 70.73, 69.3, 71.53, 71.27, 70.9, 70.75, 70.79, 70.92, 70.27, 70.88, 71.05, 71.6, 71.39, 72.37, 71.32, 71.1, 71.56, 71.39, 72.01, 70.97, 71.93, 72.02, 71.64, 71.67, 71.31, 72.05, 71.06, 71.83, 71.48, 71.64, 72.4, 71.97, 72.07, 71.55, 71.73, 71.25, 72.11, 71.87, 71.87, 71.46, 71.77, 72.06, 72.06, 71.98, 71.99, 71.87, 71.82, 71.78, 71.36, 70.9, 72.08, 72.12, 71.1, 71.52, 71.27, 71.18, 71.36, 71.42, 71.68, 71.47, 71.56, 71.88, 71.44, 71.31, 71.62, 71.28, 71.71, 71.91, 71.36, 71.58, 71.64, 71.65, 71.78, 71.76, 71.53, 71.54, 71.29, 71.42, 71.62, 71.59, 71.2, 71.5, 70.99, 71.68, 71.45, 71.27, 71.33, 71.56, 71.22, 71.06, 71.21, 71.78, 72.11, 71.72, 71.79, 71.39, 71.79, 72.1, 71.63, 71.09, 71.67, 71.3, 71.19, 71.82, 72.02, 71.46, 71.51, 71.98, 71.85, 71.53, 71.16, 71.97, 71.89, 71.9, 71.9, 72.1, 71.9, 71.98, 71.91, 71.72, 71.92, 71.81, 71.38, 72.04, 72.04, 71.65, 71.49, 71.9, 72.05, 72.1, 71.72, 71.8, 71.87, 72.13, 71.93, 71.8, 71.97, 71.76, 72.04, 71.79, 71.82, 71.91, 72.06, 72.05, 71.65, 71.67, 71.87, 71.89, 72.2, 71.91, 71.96, 71.89, 72.07, 72.03, 71.96, 71.95, 71.96, 72.08, 71.91, 72.01, 71.85, 71.93, 71.99, 72.12, 72.03, 72.06, 72.06, 72.14, 72.03, 72.06, 72.15, 72.17, 72.16, 72.13, 72.12, 72.13],