{"num_param": 632074, "latency": {"mean": 0.0011645751448865896, "std": 4.423275930370132e-05}, "train_acc": [41.37, 52.934, 58.428, 61.388, 63.952, 65.49, 66.946, 68.16, 69.194, 70.174, 71.276, 72.018, 72.714, 73.69, 74.514, 74.918, 75.518, 76.242, 76.962, 77.502, 77.81, 78.182, 78.718, 79.362, 80.082, 80.674, 80.926, 81.274, 81.696, 82.154, 82.708, 83.252, 83.494, 84.104, 84.694, 84.8, 85.536, 85.62, 86.06, 86.274, 86.902, 87.184, 87.586, 87.608, 87.99, 88.772, 88.836, 89.118, 89.474, 89.934, 90.144, 90.416, 90.612, 90.962, 91.04, 91.28, 91.708, 91.894, 91.994, 92.394, 92.192, 92.666, 92.802, 93.146, 93.244, 93.584, 93.6, 93.77, 94.008, 94.034, 94.142, 94.406, 94.518, 94.652, 94.942, 94.814, 95.072, 95.348, 95.392, 95.422, 95.526, 95.564, 95.844, 95.872, 96.056, 96.174, 96.262, 96.408, 96.522, 96.522, 96.466, 96.79, 96.7, 97.018, 96.896, 97.118, 97.062, 97.448, 97.31, 97.2, 97.406, 97.586, 97.656, 97.782, 97.796, 97.844, 97.832, 97.966, 98.13, 98.036, 98.152, 98.262, 98.234, 98.3, 98.362, 98.258, 98.538, 98.612, 98.56, 98.51, 98.666, 98.638, 98.812, 98.822, 98.84, 98.902, 98.87, 99.036, 98.98, 99.02, 99.01, 99.128, 99.156, 99.19, 99.162, 99.274, 99.202, 99.356, 99.316, 99.308, 99.36, 99.416, 99.412, 99.478, 99.446, 99.508, 99.514, 99.586, 99.55, 99.576, 99.596, 99.62, 99.684, 99.654, 99.704, 99.77, 99.652, 99.732, 99.756, 99.794, 99.786, 99.768, 99.8, 99.802, 99.818, 99.824, 99.814, 99.822, 99.854, 99.822, 99.884, 99.884, 99.88, 99.88, 99.912, 99.878, 99.876, 99.888, 99.896, 99.918, 99.904, 99.908, 99.924, 99.928, 99.94, 99.96, 99.938, 99.93, 99.93, 99.942, 99.928, 99.924, 99.93, 99.946, 99.942, 99.94, 99.936, 99.934, 99.958, 99.948], "train_loss": [1.620454893879454, 1.3117571222957556, 1.1670120366094057, 1.0844965905465915, 1.0264628806025724, 0.9725879762734043, 0.9347172492372631, 0.8972664110491234, 0.8685351430378278, 0.8413816833259659, 0.8129354620582387, 0.7930478168578767, 0.7695686410271199, 0.750818748887502, 0.7277040578811045, 0.7108071375488091, 0.6930682058145202, 0.67549106909614, 0.6583859568517786, 0.6406793204813681, 0.6309389587746776, 0.6147534347217356, 0.5956420098370035, 0.5824811017177689, 0.5650665003970808, 0.548352599325122, 0.5361328780060004, 0.5252212506319114, 0.5151416573837942, 0.5011824486551953, 0.48716145871601574, 0.4705555156512056, 0.46270947903871384, 0.4459804502850302, 0.43006577417588127, 0.4259925947232042, 0.4114122169374733, 0.40344814511918137, 0.39051210562569244, 0.38452395818226626, 0.36959021499884565, 0.354180277845395, 0.34945346568535324, 0.3408703640417952, 0.3348655916717063, 0.31564110348755475, 0.31220853102994667, 0.30340785918350943, 0.2940469357248822, 0.28227092375739293, 0.27656482232785806, 0.26994606118079606, 0.2621174414051662, 0.25700083660928297, 0.2513567389585483, 0.24112667664003654, 0.23244239056574673, 0.22754210011553322, 0.22174273103103756, 0.2145254712680537, 0.21493487971133515, 0.2044197392941322, 0.19958870142927096, 0.19295624179094648, 0.18718977862467331, 0.17854847532195908, 0.17821003521374895, 0.17273482241294205, 0.16938413006908387, 0.1684970484405365, 0.1641892945100163, 0.15732831795004532, 0.15458899965183243, 0.1483395402903668, 0.1455067374087484, 0.14613354860751943, 0.1380058048332917, 0.132094164499006, 0.1278272036039071, 0.12612614326443589, 0.12547836203736767, 0.12313652411803379, 0.11698382472385839, 0.11637096586684867, 0.11192813274594797, 0.10796605649316934, 0.10498961998862992, 0.10429762443229651, 0.09887847696655619, 0.09830081570523798, 0.09738898758436253, 0.08955465250196304, 0.09297313458618117, 0.08482666889103385, 0.0882360763719421, 0.08480539250479396, 0.08291041217783081, 0.07415873438940083, 0.07686871775293094, 0.07797285556468174, 0.07237675623751948, 0.06838202810903174, 0.067222465779645, 0.06347097850598929, 0.06280028743482478, 0.06214079710058537, 0.062446993899156866, 0.05913829894569421, 0.0529738156285756, 0.058273777584996675, 0.054282040354398466, 0.049149062796023636, 0.050332393495050025, 0.04888278900067544, 0.048091812379406775, 0.051348611638290326, 0.04248910642053839, 0.04010974187352897, 0.04091063046434685, 0.04176940238663189, 0.03738070263355504, 0.039436116901459324, 0.03486512518550696, 0.03577090327738041, 0.03342999560343495, 0.03185075629250581, 0.03260068839256386, 0.02745093166044158, 0.02952506482488307, 0.028118784448719732, 0.02886347032911702, 0.024999102750267517, 0.025208237007616086, 0.024011004606460516, 0.024166271434020687, 0.022248048491842316, 0.023009437701622514, 0.018642230594816303, 0.01988776423746558, 0.019229695992346914, 0.019011554013122944, 0.017221136359546557, 0.017109517406206066, 0.015827148608193602, 0.015286394682402584, 0.014759150966230235, 0.013707196776382088, 0.012715053779973277, 0.012980991851332188, 0.012280871336184397, 0.012191167214919998, 0.011538439219184836, 0.009770236205143832, 0.010524460516446298, 0.009448586369843196, 0.007961715099436443, 0.009752972955528679, 0.008595452568490567, 0.007880415871972234, 0.007170885122019941, 0.00729293542755674, 0.007137722743281897, 0.006319701544313416, 0.005981479018047571, 0.0060953513715545984, 0.005312797651068141, 0.006072455569431551, 0.005844964353332347, 0.005082140898238109, 0.005506969043470716, 0.003939235914356428, 0.003598411606975018, 0.004081710194400525, 0.004159719108275435, 0.003585189808480439, 0.0040172422703468064, 0.0036724542575169135, 0.003400478192943224, 0.0033325128748920812, 0.0026752523617754173, 0.0032565324507107182, 0.0029475846563307307, 0.0030395635216872627, 0.0024140396324516646, 0.002418315310854548, 0.0020359261897440833, 0.0022398049683422456, 0.00254479812550276, 0.0026978774421818545, 0.002177103242123679, 0.0026484815308383675, 0.0023795761964925705, 0.0023316285649903528, 0.0020439553713107565, 0.0018867407456239999, 0.0022088564108986805, 0.0022889473181924493, 0.0027096841642836136, 0.0018461565214024519, 0.001878839244838623], "test_acc": [49.46, 55.29, 59.17, 60.82, 64.22, 63.26, 65.36, 66.16, 67.25, 68.38, 67.77, 68.27, 69.39, 70.24, 69.61, 70.21, 70.34, 70.23, 70.34, 70.51, 69.9, 70.65, 71.26, 71.37, 72.13, 71.3, 71.7, 70.92, 71.58, 71.99, 71.13, 72.07, 71.4, 71.85, 71.71, 71.5, 71.72, 72.27, 71.23, 72.25, 71.58, 71.74, 71.78, 72.28, 71.68, 71.58, 71.68, 71.76, 71.72, 71.89, 71.02, 71.86, 71.98, 70.98, 72.05, 71.23, 72.13, 71.4, 72.02, 71.09, 72.19, 71.69, 71.61, 71.67, 71.37, 71.84, 71.74, 71.0, 71.18, 71.81, 71.94, 72.45, 72.09, 72.06, 71.85, 71.95, 72.41, 71.53, 71.68, 72.03, 72.33, 72.22, 72.37, 72.04, 72.09, 72.22, 72.37, 71.98, 72.42, 71.8, 72.0, 72.03, 72.27, 72.8, 72.5, 71.72, 72.37, 72.41, 71.9, 72.12, 72.76, 72.55, 72.18, 72.63, 72.56, 72.4, 72.39, 73.23, 72.59, 72.66, 72.64, 72.43, 72.49, 72.71, 72.49, 72.99, 72.84, 73.37, 72.75, 73.12, 72.72, 72.87, 72.6, 72.87, 72.63, 73.16, 73.13, 72.69, 72.79, 73.46, 73.23, 73.47, 73.5, 73.36, 73.16, 73.12, 73.65, 73.55, 73.34, 73.33, 73.64, 73.33, 73.41, 73.45, 73.31, 73.7, 73.5, 73.61, 73.63, 73.45, 73.34, 73.57, 73.49, 73.35, 73.4, 73.09, 73.74, 73.53, 73.84, 73.59, 73.29, 73.78, 73.75, 73.88, 73.9, 73.67, 73.85, 73.87, 73.83, 74.06, 74.03, 73.85, 73.96, 74.01, 74.06, 74.24, 74.11, 73.88, 73.94, 74.17, 74.16, 74.04, 74.14, 74.08, 73.98, 74.05, 74.17, 74.16, 74.18, 74.23, 74.17, 74.15, 74.17, 74.1, 74.13, 74.16, 74.15, 74.16, 74.16, 74.16],