{"num_param": 260938, "latency": {"mean": 0.0009033168885654535, "std": 3.7981669099791626e-05}, "train_acc": [41.61, 52.478, 57.446, 60.442, 62.318, 63.954, 65.852, 66.588, 67.74, 68.524, 69.204, 69.938, 70.514, 71.102, 71.814, 72.28, 72.912, 73.302, 73.882, 74.188, 74.688, 74.974, 75.582, 75.716, 76.038, 76.39, 76.672, 77.282, 77.37, 77.286, 78.192, 78.344, 78.706, 78.91, 79.246, 79.34, 79.662, 80.116, 80.396, 80.542, 80.796, 81.064, 81.124, 81.566, 81.794, 81.956, 82.282, 82.584, 82.598, 82.992, 83.242, 83.342, 83.616, 84.038, 84.07, 84.326, 84.526, 84.99, 84.922, 85.554, 85.396, 85.596, 85.798, 85.838, 86.168, 86.402, 86.436, 86.73, 87.152, 87.054, 87.37, 87.52, 87.586, 88.012, 87.962, 88.1, 88.198, 88.454, 88.612, 88.776, 89.018, 89.3, 89.384, 89.48, 89.844, 89.706, 90.168, 90.384, 90.428, 90.698, 90.764, 90.934, 90.966, 91.12, 91.28, 91.358, 91.67, 91.69, 91.95, 91.804, 92.314, 92.058, 92.476, 92.54, 92.762, 92.964, 93.084, 92.99, 93.258, 93.318, 93.582, 93.446, 93.782, 93.718, 93.882, 93.74, 94.272, 94.258, 94.244, 94.542, 94.59, 94.784, 94.812, 94.724, 95.052, 95.078, 95.202, 95.254, 95.362, 95.498, 95.594, 95.588, 95.75, 95.732, 96.044, 96.134, 96.12, 96.27, 96.156, 96.266, 96.41, 96.38, 96.536, 96.724, 96.64, 96.866, 96.818, 97.02, 97.062, 97.054, 97.036, 97.088, 97.242, 97.404, 97.204, 97.372, 97.454, 97.336, 97.486, 97.572, 97.718, 97.578, 97.814, 97.822, 97.802, 97.822, 97.952, 97.896, 97.896, 97.992, 97.974, 98.104, 97.94, 98.174, 98.124, 98.278, 98.098, 98.276, 98.364, 98.23, 98.278, 98.232, 98.326, 98.302, 98.266, 98.364, 98.338, 98.356, 98.396, 98.344, 98.29, 98.306, 98.372, 98.39, 98.472, 98.428, 98.3, 98.36, 98.452, 98.332], "train_loss": [1.6212697002419432, 1.3257595467323382, 1.1892805036564935, 1.1163132297100353, 1.0618322351500535, 1.0115688042006123, 0.9748648454078253, 0.9424501525921007, 0.9157377299748395, 0.8932930955654982, 0.8716942566713307, 0.849955481839958, 0.8357636326410339, 0.8165684862542595, 0.80236177090186, 0.7865183206033188, 0.7735286983479618, 0.7574937333491698, 0.7405971622741612, 0.732686369924765, 0.7188753696374228, 0.711507176407163, 0.6964354803565215, 0.6883496900094448, 0.6793323823239509, 0.6677151769876327, 0.6629433347030245, 0.6436168673857617, 0.6396259997738376, 0.6345689950257025, 0.6197409313017179, 0.6142361417689235, 0.6089329877707413, 0.5954699768271876, 0.588687229923003, 0.5829051416927397, 0.5742158960033821, 0.5651175718294529, 0.5579593359127459, 0.552833155822426, 0.5435334708129299, 0.5323643433126745, 0.5264709285166655, 0.5177682783604812, 0.5114287470997104, 0.5029611078186899, 0.498509256206143, 0.4948476813995754, 0.4852008010550943, 0.47860648626043334, 0.4752909815462064, 0.4658695907163376, 0.4611281729991514, 0.45319765553555275, 0.4478097202033472, 0.43688319765999006, 0.4330625700825731, 0.42650986384178535, 0.4215555172544676, 0.4098449197483993, 0.4094155514737924, 0.4019452680905736, 0.39885748767902357, 0.396206119086448, 0.38557825860539385, 0.37887928408218435, 0.3789780626522755, 0.3710151552934717, 0.36125297420637315, 0.36244486270904996, 0.35274709363349416, 0.34599703224048123, 0.34435077493751726, 0.335301088520772, 0.3344931623094637, 0.33268655830385285, 0.32773858415331125, 0.3181157610686025, 0.3166432967427367, 0.3111234532320015, 0.3060201653902033, 0.2998754391988938, 0.29638752353187564, 0.2888390877125016, 0.27999362606919886, 0.2857501656937241, 0.27294476938172363, 0.267862358083442, 0.26764408618173613, 0.2581105479840678, 0.25874633856370366, 0.253808791531692, 0.2509255010208028, 0.24633765718539175, 0.2400020703754399, 0.23600770504841306, 0.23345930208657617, 0.2319860340048984, 0.2251438099917165, 0.22312603994336405, 0.2119914744506928, 0.22002298137386372, 0.2098864334273752, 0.20586462296850583, 0.20215672465972007, 0.19836507196957037, 0.19523287926558036, 0.1963434374050469, 0.1867698214296311, 0.18683355767160692, 0.1798255424994215, 0.18275090124546262, 0.17656714735899456, 0.17183403563891286, 0.1711914083578994, 0.17188330880656447, 0.16052998993658985, 0.16195742201574875, 0.15982496996618145, 0.15150845652864442, 0.15225340393672787, 0.1500653697246887, 0.14573658572364495, 0.14531242997181182, 0.13863193895697584, 0.13766288272774305, 0.13516824061536037, 0.13273675324155765, 0.1299239352881141, 0.12619268802076253, 0.12354142690239497, 0.12360479043866969, 0.12000054365437494, 0.12026526257525343, 0.11256176298120735, 0.10956353163188746, 0.10948221616700807, 0.10758523425112358, 0.10859063880411421, 0.10519576906399374, 0.10260821993582508, 0.10223081199078679, 0.09633836718675366, 0.09323956835755788, 0.09428395034303806, 0.0892254632745136, 0.09023180326893186, 0.08802801313299402, 0.0834547214009528, 0.08481862301320334, 0.0850035302726503, 0.08215874949781794, 0.07964864784317784, 0.07495237822925656, 0.07799531688673275, 0.07411456085532672, 0.07430931002599374, 0.07578367145289026, 0.07064116973133779, 0.07180299997317496, 0.06625153496652908, 0.06864449526934085, 0.06241230183450525, 0.06465356099351964, 0.06374160460820892, 0.06366704032353887, 0.06129666309473322, 0.06389339642412424, 0.061243550190652925, 0.057561734105684985, 0.059356409412269766, 0.05703462470085697, 0.05967593404463828, 0.0539232547483118, 0.054057731076511024, 0.05270965670267333, 0.056102283620023806, 0.05250059212899099, 0.050613831009089255, 0.0534322274203358, 0.051292691010429436, 0.05174877651075112, 0.04963806698803974, 0.05093732391619192, 0.05012221567327196, 0.049972999334683604, 0.049715471910092304, 0.048988112269186306, 0.04864783424480985, 0.04954388400489332, 0.04983208526428777, 0.0501547638063664, 0.0475067543764125, 0.04824685614270957, 0.04654040579260723, 0.0471682408907238, 0.04999297274250843, 0.04825719181320559, 0.046883715303581666, 0.050617178914282274], "test_acc": [49.54, 54.39, 57.7, 59.56, 62.75, 62.34, 63.62, 65.47, 65.61, 66.78, 67.04, 67.06, 67.6, 68.74, 68.2, 69.41, 69.71, 69.52, 69.6, 69.79, 68.89, 69.57, 70.58, 70.16, 70.8, 69.7, 70.8, 71.12, 70.62, 70.83, 70.87, 71.28, 70.73, 71.31, 71.76, 71.3, 71.03, 71.6, 72.58, 71.2, 71.53, 71.62, 72.05, 71.49, 71.94, 72.51, 72.63, 72.1, 71.44, 71.94, 71.1, 72.09, 72.22, 72.86, 72.2, 71.75, 72.48, 72.29, 72.13, 71.75, 72.32, 72.12, 72.58, 72.79, 71.72, 72.6, 71.91, 72.02, 72.08, 72.3, 71.96, 72.03, 72.24, 71.72, 71.99, 72.09, 71.77, 71.89, 72.37, 71.92, 71.87, 72.26, 72.49, 71.82, 71.74, 71.59, 71.8, 72.25, 71.97, 72.18, 72.17, 71.78, 72.29, 71.82, 72.11, 71.49, 72.04, 71.85, 71.43, 72.53, 72.39, 72.15, 73.09, 72.6, 71.73, 72.24, 72.33, 72.1, 72.34, 72.13, 72.47, 72.14, 72.32, 72.33, 72.71, 72.56, 72.78, 72.24, 72.24, 72.27, 72.14, 72.24, 72.8, 72.14, 72.14, 71.7, 72.21, 71.84, 72.26, 72.18, 72.23, 72.44, 72.18, 72.21, 72.17, 72.59, 72.04, 72.03, 71.89, 71.96, 72.35, 72.12, 72.14, 72.12, 72.28, 72.6, 72.51, 72.3, 72.67, 72.5, 72.49, 72.24, 72.31, 73.02, 72.68, 72.56, 72.43, 72.57, 72.8, 72.29, 72.39, 72.44, 72.47, 72.6, 72.51, 72.54, 72.57, 72.55, 72.51, 72.55, 72.47, 72.49, 72.71, 72.45, 72.59, 72.43, 72.53, 72.36, 72.23, 72.32, 72.31, 72.45, 72.45, 72.27, 72.44, 72.45, 72.39, 72.41, 72.36, 72.39, 72.49, 72.49, 72.54, 72.57, 72.6, 72.58, 72.55, 72.54, 72.55, 72.55],