{"num_param": 245770, "latency": {"mean": 0.000368347137499922, "std": 6.214019479549744e-05}, "train_acc": [35.432, 43.178, 46.042, 48.152, 49.71, 50.964, 52.144, 52.904, 53.702, 54.366, 54.648, 55.258, 55.748, 56.372, 56.532, 56.76, 57.452, 57.62, 58.368, 58.474, 58.854, 58.884, 59.242, 59.332, 59.93, 59.812, 59.834, 60.36, 60.32, 60.352, 60.878, 60.796, 61.11, 61.126, 61.536, 61.452, 61.506, 61.698, 61.788, 61.93, 62.07, 62.156, 62.248, 62.53, 62.876, 62.726, 62.632, 62.932, 63.17, 62.966, 63.106, 63.062, 63.738, 63.606, 63.384, 63.406, 63.746, 63.528, 64.07, 64.236, 63.96, 64.368, 63.992, 64.318, 64.428, 64.676, 64.598, 64.674, 64.966, 64.716, 65.124, 64.702, 64.956, 65.194, 65.174, 65.246, 65.4, 65.654, 65.404, 65.636, 65.95, 65.502, 65.912, 65.85, 65.952, 66.096, 65.988, 66.126, 66.268, 66.172, 66.092, 66.574, 66.396, 66.592, 66.658, 66.528, 66.59, 66.97, 66.922, 67.158, 66.9, 67.256, 67.01, 67.19, 67.034, 67.152, 67.442, 67.312, 67.266, 67.612, 67.782, 67.856, 67.342, 67.794, 67.746, 67.798, 67.628, 67.94, 67.904, 67.73, 67.72, 67.966, 68.066, 68.504, 68.31, 68.378, 68.44, 68.276, 68.39, 68.236, 68.758, 68.544, 68.506, 68.492, 68.682, 68.776, 68.988, 68.766, 68.952, 68.91, 69.096, 68.926, 69.126, 69.074, 68.96, 69.124, 69.348, 69.144, 69.078, 69.436, 69.298, 69.39, 69.404, 69.466, 69.736, 69.65, 69.648, 69.584, 69.644, 69.57, 69.696, 69.854, 70.032, 69.954, 69.764, 69.716, 69.776, 69.654, 69.85, 69.702, 69.97, 69.978, 69.876, 69.97, 69.834, 69.936, 70.036, 69.786, 70.188, 70.256, 70.368, 70.014, 70.132, 69.994, 70.116, 70.03, 70.16, 70.028, 70.086, 70.028, 70.204, 70.24, 69.876, 69.998, 70.408, 70.15, 70.234, 70.286, 70.516, 70.314], "train_loss": [1.8271624833745828, 1.6026194275607684, 1.5212506001299189, 1.4580165860901562, 1.4217076788174365, 1.3833858187734052, 1.3566240341481839, 1.3377580039408141, 1.3128468992232667, 1.2998443245887756, 1.2836900349236877, 1.2698752908697513, 1.26015908555655, 1.245458342711741, 1.2365324964755176, 1.223203588927776, 1.2113112994134236, 1.203318123892188, 1.1888404917961042, 1.1812589509092075, 1.175321153586138, 1.1699390738954623, 1.1615023306753876, 1.1593440689875847, 1.1457686563828628, 1.1416122008422516, 1.1367474024065474, 1.1252293308728487, 1.1309755040679463, 1.1274770296924175, 1.1176575306738636, 1.1170268474827192, 1.1101352544602718, 1.1104060037351158, 1.0978508213927025, 1.0964262165553433, 1.094777054040766, 1.0872577492502815, 1.08899594756631, 1.082114540073861, 1.081137148905319, 1.0774565420696847, 1.0755684192716046, 1.0671693990799531, 1.0672982086642613, 1.0618963367803236, 1.0633038241590205, 1.0553624460655988, 1.051245624677386, 1.0542224499939805, 1.0504718422508361, 1.0474136078197531, 1.0407045107771018, 1.044894146331975, 1.0377083043791282, 1.0327207229111488, 1.0292205531019014, 1.0329000710373266, 1.0286973489261328, 1.0281075736649588, 1.0234680238322271, 1.0198454161294361, 1.0201298348124181, 1.0155613616499777, 1.011204145939321, 1.0091050191522026, 1.0097326530871755, 1.008493893301342, 1.0023869399222058, 1.0033038849069458, 0.9986692184411938, 1.0016751179920886, 0.9974400923371086, 0.995665257471308, 0.9955211025892124, 0.9929429628264805, 0.986665545235211, 0.982975249937232, 0.9862635499074989, 0.9834515903519272, 0.9771430686316426, 0.9762134882630404, 0.9750722802112443, 0.9758736136168604, 0.9728448446256109, 0.9704130695404644, 0.968019725284131, 0.9690544033614932, 0.9682907242463784, 0.9635921450509373, 0.9614552644415689, 0.9606679423032323, 0.9588273509869725, 0.959806377431634, 0.9543256665641348, 0.9527848384659487, 0.9567226158146361, 0.950759469909845, 0.9464159056267827, 0.9407969731515748, 0.949602995079752, 0.9404588870832878, 0.9422533371779527, 0.9407029015203355, 0.9397278355240288, 0.938854188794748, 0.9337412258103652, 0.9304821013222119, 0.9332987544098803, 0.9256658022478461, 0.9243841404840112, 0.9192682584736946, 0.9299233693269606, 0.9226948238303855, 0.9241659595313472, 0.9243192602942863, 0.9235475393189732, 0.9184345773642291, 0.9227819864900922, 0.9245574574629161, 0.9177898589762372, 0.9144611151380105, 0.9102980487062926, 0.9078087323343457, 0.9061092249262584, 0.9069250697366564, 0.9054885327205853, 0.9073686231540246, 0.9046547063557826, 0.9050195505431426, 0.8999177885604682, 0.9030132809092583, 0.9026880204219965, 0.9005152227515527, 0.8971940748827318, 0.8935785659291542, 0.8927027710683058, 0.8941676032062684, 0.8883955153187955, 0.8895600022067646, 0.8872492816763967, 0.8879354956130224, 0.8839457838182944, 0.889211498710946, 0.8864065736665683, 0.8828413705755638, 0.8794857238777464, 0.8828982628467216, 0.880657991326473, 0.8808855585997026, 0.8843579068064918, 0.876883643182973, 0.8787056215093141, 0.8733128866780209, 0.8747375352178257, 0.8733621476860437, 0.8734563116987623, 0.871744128426755, 0.8707645736057943, 0.869165477143292, 0.8696429587791001, 0.8635067942618408, 0.8634845649326602, 0.8636937589502, 0.868987502745917, 0.8674301769172085, 0.8652791593483603, 0.8660228957713451, 0.8631094719687868, 0.8650728442199095, 0.8648388082410613, 0.8634285163170088, 0.866135669932942, 0.8645230838868073, 0.8606624103133982, 0.862556667775583, 0.861156702537378, 0.8618215691257728, 0.8564939339307357, 0.8580930466767847, 0.8550827556783697, 0.8604452949415318, 0.8603743023393403, 0.860939228107589, 0.8579959546764615, 0.860725316990665, 0.8584480815908502, 0.859490594742623, 0.8568729640998218, 0.8568207550453056, 0.8564121371953821, 0.8551594423736736, 0.8586387771371841, 0.8589594360543457, 0.8587010222143343, 0.8555546569961504, 0.8559854516064747, 0.8533420534905759, 0.8498802882162181, 0.8593772185092848], "test_acc": [42.28, 44.88, 48.11, 49.39, 50.22, 52.44, 53.14, 54.3, 53.96, 54.83, 54.67, 55.06, 55.08, 56.24, 57.08, 56.74, 57.16, 57.92, 56.75, 57.76, 57.26, 58.17, 58.79, 58.9, 59.09, 57.36, 59.19, 59.03, 58.97, 59.46, 59.3, 58.81, 60.02, 60.64, 60.19, 60.44, 59.78, 60.4, 61.09, 61.71, 60.41, 61.39, 61.81, 61.11, 61.0, 61.48, 61.1, 61.54, 61.51, 60.79, 61.68, 61.38, 61.02, 60.73, 62.38, 62.59, 61.43, 62.04, 63.14, 61.7, 62.87, 62.15, 62.51, 63.02, 62.15, 62.2, 62.34, 62.97, 62.81, 63.1, 62.61, 63.14, 62.67, 62.95, 63.31, 62.74, 62.85, 63.31, 63.62, 63.31, 63.19, 63.46, 63.51, 62.9, 62.71, 63.33, 62.85, 63.12, 64.22, 63.39, 63.77, 63.33, 63.53, 63.87, 64.06, 63.89, 64.37, 64.02, 63.81, 63.96, 64.23, 63.62, 63.77, 64.7, 64.22, 64.06, 63.57, 64.01, 64.26, 63.89, 63.98, 63.96, 63.9, 64.37, 64.38, 64.18, 64.5, 64.54, 64.76, 64.13, 63.52, 64.53, 64.49, 64.68, 64.19, 64.61, 65.0, 64.6, 65.02, 64.84, 65.05, 65.05, 64.64, 64.72, 65.09, 64.66, 64.62, 65.3, 65.11, 64.89, 65.17, 64.9, 64.76, 65.09, 65.06, 65.4, 65.06, 65.19, 65.37, 65.11, 65.22, 65.24, 65.55, 65.56, 65.06, 65.26, 65.55, 65.14, 65.38, 65.36, 65.49, 65.43, 65.66, 65.55, 65.72, 65.58, 65.6, 65.58, 65.45, 65.37, 65.3, 65.32, 65.35, 65.6, 65.79, 65.49, 65.71, 65.82, 65.75, 65.61, 65.68, 65.68, 65.7, 65.67, 65.68, 65.66, 65.66, 65.7, 65.65, 65.71, 65.63, 65.65, 65.67, 65.65, 65.64, 65.74, 65.7, 65.72, 65.72, 65.71],