{"num_param": 3612682, "latency": {"mean": 0.0008225049226047894, "std": 3.183743017376607e-05}, "train_acc": [37.438, 46.068, 48.81, 50.166, 51.64, 53.102, 53.872, 54.682, 55.68, 56.316, 56.712, 57.486, 57.816, 58.528, 58.796, 59.248, 59.646, 60.178, 60.558, 60.916, 61.22, 61.816, 61.966, 62.1, 62.538, 62.778, 62.848, 63.094, 63.226, 63.606, 63.842, 64.024, 64.248, 64.382, 64.722, 64.926, 65.094, 65.496, 65.444, 65.534, 65.88, 65.836, 66.026, 66.318, 66.542, 66.682, 66.704, 66.992, 67.078, 66.862, 67.508, 67.654, 67.89, 67.732, 67.918, 68.058, 68.416, 68.628, 68.89, 69.012, 68.878, 69.192, 69.388, 69.344, 69.666, 69.412, 69.738, 69.906, 70.094, 70.156, 70.122, 70.438, 70.206, 70.542, 70.786, 70.538, 70.92, 71.184, 70.922, 71.248, 71.504, 71.178, 71.522, 71.672, 71.778, 71.65, 71.998, 72.256, 72.192, 72.318, 72.556, 72.384, 72.654, 72.616, 72.92, 72.846, 73.236, 73.188, 73.276, 73.396, 73.648, 73.724, 73.768, 73.732, 73.954, 73.966, 74.048, 74.068, 74.244, 74.448, 74.502, 74.696, 74.778, 74.75, 74.764, 74.914, 75.07, 74.98, 75.106, 75.102, 75.072, 75.288, 75.72, 75.632, 75.884, 75.854, 76.07, 75.89, 76.196, 76.058, 76.342, 76.198, 76.528, 76.41, 76.702, 76.46, 76.628, 76.644, 76.844, 76.842, 77.09, 76.984, 77.198, 77.014, 76.97, 77.14, 77.306, 77.652, 77.562, 77.464, 77.298, 77.58, 77.952, 77.928, 77.898, 77.762, 78.14, 77.918, 78.338, 77.892, 78.016, 78.1, 78.354, 78.158, 78.458, 78.09, 78.432, 78.576, 78.35, 78.346, 78.624, 78.518, 78.396, 78.54, 78.648, 78.934, 78.916, 78.754, 78.972, 78.846, 79.016, 78.96, 78.842, 78.706, 78.742, 78.692, 78.744, 78.738, 78.776, 78.724, 78.864, 78.886, 78.918, 78.992, 79.07, 78.858, 78.936, 78.918, 78.978, 79.052], "train_loss": [1.7335182646490868, 1.5089098671957688, 1.434952618064441, 1.3835435331592327, 1.346308358571351, 1.3115599945959797, 1.287504576599453, 1.2640951579378266, 1.238327156826234, 1.2206236233104137, 1.206521025736669, 1.191774644419999, 1.1797059971174215, 1.1626294460040365, 1.1513877260097691, 1.1388291706279234, 1.1288941472444638, 1.1155579941286464, 1.1077146701376481, 1.0967957966234618, 1.0892890280092364, 1.0801465108618855, 1.0691327975487297, 1.0661923061634437, 1.0580436007303835, 1.0456898659944383, 1.0464208454027133, 1.0341255031597592, 1.0359086597949667, 1.027815643252277, 1.0176551946065246, 1.0127447732579455, 1.0077240860813028, 0.9987695608395304, 0.9975075328571249, 0.9865673213186588, 0.9858331685827393, 0.9753730478610126, 0.9752983183755527, 0.9686959009672386, 0.9607503766519323, 0.9622760343765191, 0.9527407253467343, 0.9504935642083486, 0.9425297201785687, 0.9362679158199771, 0.9358397150413393, 0.933628619232013, 0.9258897721729291, 0.9291532114386483, 0.9203800598894718, 0.9111750514478312, 0.9070437272542269, 0.9062764691909917, 0.8964264115231662, 0.8982645469984029, 0.8902474005521297, 0.8865261084554444, 0.8805720690192127, 0.8804729567341368, 0.8773168217502797, 0.8753518731984585, 0.8687483432082435, 0.8686152780696664, 0.8613585836789734, 0.8621381095450273, 0.8542977039126044, 0.8503125766608018, 0.8450614709123464, 0.8452594444317766, 0.8425756569139026, 0.8391344454413565, 0.8358802598634746, 0.8334464790610572, 0.8306820772621621, 0.8243708101816842, 0.8233273786302567, 0.8165793199990701, 0.8151052750537431, 0.8127753470505344, 0.8087513558352062, 0.8084871881448986, 0.805154932475746, 0.8029524104685183, 0.7990924290602435, 0.7944834130510487, 0.7868863374509647, 0.7902822321374983, 0.7850887299117871, 0.7874030904440413, 0.7743653409845617, 0.7773007999531214, 0.7740067553993074, 0.7729519357569921, 0.7662133984339214, 0.7647331143638223, 0.7598774796178992, 0.7572557938667116, 0.7557920682376879, 0.7476511653214788, 0.7471060518530493, 0.7434227597957533, 0.741807394773626, 0.7407271844106688, 0.7361936148396685, 0.7357639510015304, 0.7350206544440447, 0.7304107329438149, 0.7271925712043631, 0.7231190832318668, 0.7209993508940542, 0.7172525992816027, 0.713570464176012, 0.7156236553832803, 0.7091671945914502, 0.7095609322447695, 0.7067811865018715, 0.7057256441103367, 0.7044846507710519, 0.6976872998517977, 0.6996364191374714, 0.6955871949459754, 0.6881528740232752, 0.6881358311848235, 0.6867848764950086, 0.6838116268088096, 0.6840492162808194, 0.6811203134418373, 0.6729474154349252, 0.6775766114012522, 0.6684344194672158, 0.675118875671333, 0.6687211207449627, 0.6660241262793007, 0.6595903547029044, 0.6625800864653029, 0.6624388916993553, 0.6595202012563164, 0.6528419769313651, 0.6516835525946516, 0.6505635588674765, 0.6521066358683587, 0.6462324204939874, 0.6490857736353529, 0.6463545793268213, 0.6416944543749418, 0.6402129119432514, 0.6405312092313382, 0.6365667049578193, 0.6382339912599581, 0.6418353108664163, 0.6380730187061576, 0.6268470303434939, 0.6276485734236065, 0.6247553914327768, 0.6280684354151965, 0.6190294764092239, 0.6232621000027397, 0.6170320633944226, 0.6251689784815124, 0.6209620154121329, 0.6195096960642822, 0.6110831282065224, 0.6145063816967181, 0.6104478579317234, 0.6159371779617864, 0.608439301584519, 0.6111573955700783, 0.611506493367679, 0.6120968556182932, 0.6053304022806086, 0.6071644290013719, 0.6107672928943897, 0.6078065920928618, 0.6101635128774479, 0.5989573905274262, 0.5964838335682624, 0.6009283763280833, 0.5962210056763464, 0.5996951190367465, 0.5955629173048932, 0.6023557906683179, 0.6017399319684131, 0.602535922015926, 0.6017609988830827, 0.604869289565605, 0.5995984111393559, 0.5975778573743823, 0.6034846218327872, 0.5996677067157021, 0.6004987766707622, 0.5966423480882908, 0.5949368445978512, 0.5912265730586788, 0.598669038376439, 0.5965143805101599, 0.5956189311130338, 0.5921038230755965, 0.5957877404096412, 0.5928703594192509], "test_acc": [45.04, 50.1, 51.42, 53.55, 54.51, 55.16, 56.38, 58.28, 58.64, 58.12, 57.91, 60.17, 58.9, 60.43, 60.67, 60.75, 61.78, 62.12, 61.37, 62.37, 62.2, 62.57, 63.13, 62.67, 63.94, 63.07, 64.33, 64.75, 63.36, 64.52, 64.18, 64.95, 65.49, 66.27, 65.47, 65.01, 66.0, 65.76, 66.12, 65.89, 65.99, 66.61, 66.49, 66.66, 66.4, 66.97, 66.65, 66.49, 66.18, 66.89, 66.58, 66.72, 66.97, 67.53, 66.96, 67.61, 66.73, 67.18, 67.89, 67.86, 68.49, 67.54, 68.42, 67.4, 67.95, 68.28, 68.25, 67.66, 68.11, 68.74, 68.63, 69.45, 68.4, 68.28, 68.97, 69.5, 68.67, 69.56, 69.39, 69.09, 69.28, 69.18, 69.64, 69.26, 68.5, 69.37, 69.35, 69.91, 69.64, 69.07, 69.82, 70.08, 69.74, 69.94, 69.54, 69.93, 69.69, 69.6, 70.21, 70.02, 70.07, 70.12, 69.95, 70.57, 70.15, 69.99, 69.6, 69.9, 70.31, 70.26, 69.79, 70.03, 70.36, 70.23, 69.92, 70.63, 70.64, 70.43, 70.37, 70.73, 70.64, 70.44, 70.59, 70.52, 70.55, 70.98, 70.67, 70.9, 70.71, 71.13, 70.8, 70.79, 70.97, 70.87, 70.71, 71.09, 70.28, 71.23, 70.91, 71.02, 70.99, 71.09, 70.8, 71.12, 71.0, 71.18, 71.02, 71.6, 71.5, 71.25, 71.58, 71.19, 71.53, 71.29, 71.55, 71.5, 71.55, 71.52, 71.8, 71.29, 71.59, 71.57, 71.3, 71.38, 71.42, 71.55, 71.7, 71.54, 71.61, 71.62, 71.74, 71.62, 71.57, 71.66, 71.63, 71.71, 71.7, 71.63, 71.6, 71.59, 71.7, 71.75, 71.62, 71.65, 71.7, 71.73, 71.54, 71.62, 71.71, 71.7, 71.74, 71.74, 71.82, 71.7, 71.69, 71.68, 71.71, 71.72, 71.71, 71.71],