{"num_param": 147466, "latency": {"mean": 0.0005156744516695651, "std": 0.0003617319952259765}, "train_acc": [33.486, 41.764, 44.78, 46.952, 48.302, 49.92, 50.826, 51.614, 52.382, 53.074, 53.26, 53.832, 54.25, 54.99, 55.11, 55.436, 55.928, 56.068, 56.416, 56.84, 56.948, 57.162, 57.478, 57.764, 57.894, 58.358, 58.012, 58.588, 58.456, 58.674, 59.024, 59.208, 59.402, 59.282, 59.654, 59.876, 59.73, 60.294, 60.052, 60.03, 60.17, 60.408, 60.414, 60.774, 61.036, 61.004, 60.822, 61.204, 61.256, 61.202, 61.418, 61.13, 61.998, 61.596, 61.542, 61.972, 62.098, 61.934, 62.078, 62.4, 62.168, 62.426, 62.05, 62.456, 62.558, 62.664, 62.452, 62.712, 63.048, 62.832, 63.17, 62.858, 63.24, 63.022, 63.276, 63.204, 63.222, 63.404, 63.51, 63.566, 63.592, 63.778, 63.534, 63.792, 63.824, 64.124, 63.768, 64.028, 64.204, 64.452, 64.032, 64.214, 64.398, 64.4, 64.456, 64.276, 64.496, 64.826, 64.784, 64.792, 64.668, 64.808, 64.816, 64.872, 64.982, 64.764, 65.264, 64.998, 65.236, 65.422, 65.19, 65.412, 65.31, 65.386, 65.63, 65.428, 65.554, 65.498, 65.756, 65.48, 65.718, 65.718, 65.73, 65.868, 66.002, 65.926, 66.108, 66.1, 66.042, 65.94, 66.11, 65.99, 65.934, 66.166, 66.416, 66.306, 66.61, 66.418, 66.45, 66.646, 66.282, 66.282, 66.444, 66.7, 66.662, 66.708, 66.956, 66.44, 66.816, 66.752, 66.872, 66.934, 66.708, 66.826, 66.87, 66.97, 67.042, 67.176, 67.18, 66.834, 67.256, 66.956, 67.212, 67.18, 67.362, 66.87, 67.226, 67.304, 67.072, 67.48, 67.466, 67.092, 67.152, 67.356, 67.318, 67.288, 67.408, 67.644, 67.64, 67.52, 67.536, 67.392, 67.386, 67.372, 67.508, 67.646, 67.494, 67.448, 67.302, 67.674, 67.4, 67.522, 67.516, 67.544, 67.446, 67.498, 67.732, 67.364, 67.61, 67.592], "train_loss": [1.8801916255755677, 1.640624009029879, 1.5554227478902307, 1.4962143629922824, 1.4585503311929073, 1.4213972971825286, 1.3954750729613936, 1.3719297148292062, 1.351040794463472, 1.336894877965223, 1.3201464158712255, 1.3056932678988402, 1.2980374733530704, 1.283580740788619, 1.275169070188006, 1.2638806992437468, 1.2563275537731857, 1.248542289129832, 1.2362222531935532, 1.2289688437319077, 1.2277088310958022, 1.2184035141195002, 1.2139122010192578, 1.210902476646316, 1.1984704260023755, 1.19018844580391, 1.1909779589372953, 1.1787859231557742, 1.1854755801034904, 1.1782819751509472, 1.1651720482038521, 1.1645298404565472, 1.1589504679425435, 1.1596679959019558, 1.1510123396179117, 1.1465751082563125, 1.1484483878961833, 1.1374261199627178, 1.1380667303970664, 1.134537433250852, 1.1352517398518778, 1.1273713845971756, 1.1256610532067788, 1.118488069230444, 1.1179854824080806, 1.1099968896755712, 1.1118607887532264, 1.109517629033697, 1.1043427914514499, 1.106974432541633, 1.097791814148159, 1.0997466303107835, 1.0893420809290002, 1.0930875092840164, 1.0890265889680317, 1.086749090838722, 1.0834576014288708, 1.0832204456445276, 1.080044787889555, 1.0754965163924644, 1.0767962357132999, 1.0740574004935364, 1.0739202147024378, 1.069642612892927, 1.0661687567992157, 1.0615918927862336, 1.0641144903249184, 1.0551363442162254, 1.0552904822852318, 1.0549012577007462, 1.0560446676350677, 1.0525778766938378, 1.053291524764596, 1.0496198483102228, 1.047803085657243, 1.0515605952979201, 1.042611260408022, 1.0396544269964776, 1.0424153221317078, 1.0391356310856625, 1.0396511986784955, 1.0331606453073687, 1.0344711231712493, 1.029688826716259, 1.0291180002788511, 1.02666129863041, 1.0239219811011488, 1.0273346633615208, 1.0257104317385344, 1.019879476599257, 1.0234151299916545, 1.020697772445697, 1.0165661020265202, 1.018449891151256, 1.012138796516206, 1.0191910661952432, 1.0087737748429169, 1.0087591765289954, 1.0061925401576268, 1.0065623292996193, 1.0076843498993286, 1.0044131967514962, 1.001545991221835, 1.0041957496262024, 1.0028649768955953, 1.0021761310306483, 0.9964389841448247, 0.9978460377977204, 0.9936342696997117, 0.9898252428455072, 0.9943131219288209, 0.9856713083373074, 0.9912560690463695, 0.9871498981272648, 0.9854560593954661, 0.9904888927059454, 0.9881483453897353, 0.982404677801535, 0.9836775962923554, 0.9876108716789607, 0.9799613196805587, 0.9779636996416273, 0.9759718748292172, 0.9764117711793896, 0.9727665680536306, 0.9720814261235111, 0.969496981749074, 0.9704175798921957, 0.9719224383414592, 0.9721534128991443, 0.9673609812329842, 0.9678189257018015, 0.9708554194817083, 0.9626862295567798, 0.9619157394574227, 0.962318789344984, 0.9606268979842588, 0.9594820467463229, 0.9589180844911611, 0.9567638324455656, 0.9573046589271426, 0.9595643911160343, 0.9599336660678617, 0.9558373226695387, 0.9558719035836267, 0.9527728380832013, 0.9508663489890267, 0.9538615588873377, 0.9521808420818583, 0.9511977950121757, 0.9536064995151259, 0.9469099935628021, 0.9494860915137039, 0.9453649233909883, 0.9477934937445078, 0.947989171903559, 0.9453635813903137, 0.9425557304557439, 0.9412321224856361, 0.9432203035780198, 0.9416475095240946, 0.9422334807276039, 0.9342154209726679, 0.9390378885938812, 0.9414749302623063, 0.9421923543235391, 0.9374749294779503, 0.9382706410177076, 0.9377066674555866, 0.9330198506819309, 0.9336516554357147, 0.9410923545702252, 0.9370568653405361, 0.9357469654472227, 0.9359391480970292, 0.9377830574623836, 0.931670080543861, 0.9271344145329732, 0.9292524590830885, 0.9317487066400715, 0.9314559204831615, 0.9322940884152057, 0.9325414981814584, 0.9329357721526426, 0.9303854878560442, 0.9297000568071696, 0.9326725885681975, 0.9333758405478276, 0.9335285341671012, 0.9309777126088024, 0.9323594857314726, 0.9319437854540172, 0.9333557996395987, 0.9306218286812954, 0.9335590489995228, 0.9341026136528889, 0.9271618041447623, 0.9311581232459287, 0.9229441023719517, 0.9298522478101807], "test_acc": [40.01, 43.61, 46.83, 47.35, 48.94, 50.86, 50.77, 52.42, 53.11, 53.14, 52.48, 54.07, 53.43, 55.57, 55.78, 55.34, 55.8, 57.37, 55.63, 55.71, 56.4, 56.91, 57.24, 58.05, 57.81, 57.16, 58.48, 58.59, 58.28, 58.14, 59.1, 57.95, 59.72, 59.81, 59.85, 59.48, 59.72, 59.88, 60.28, 60.44, 59.51, 60.55, 61.25, 60.35, 60.37, 60.76, 60.74, 60.54, 60.71, 60.36, 60.26, 60.78, 60.18, 60.02, 61.79, 61.3, 61.35, 61.51, 61.91, 61.21, 62.26, 61.33, 61.82, 62.38, 61.46, 62.29, 61.48, 61.86, 62.14, 62.08, 62.17, 62.41, 61.92, 62.32, 62.3, 62.89, 62.87, 62.54, 62.73, 62.35, 62.5, 62.85, 62.14, 63.64, 62.51, 62.4, 62.41, 63.04, 63.68, 62.35, 62.84, 62.75, 62.38, 62.92, 63.63, 63.31, 63.77, 63.63, 63.13, 62.93, 63.35, 63.21, 62.32, 63.57, 62.93, 63.88, 63.28, 63.67, 63.17, 63.55, 63.12, 63.22, 63.72, 63.46, 63.08, 63.89, 63.52, 63.83, 64.23, 64.25, 63.59, 64.56, 64.55, 64.13, 64.43, 64.58, 64.52, 64.46, 64.24, 64.3, 64.8, 64.33, 63.91, 64.26, 64.59, 64.65, 64.47, 64.64, 64.44, 64.65, 64.89, 64.44, 64.48, 64.44, 64.61, 64.83, 64.55, 64.8, 64.8, 64.93, 64.79, 65.1, 65.18, 65.01, 64.61, 64.77, 65.15, 64.86, 64.98, 65.26, 65.14, 64.76, 64.91, 65.1, 65.16, 65.14, 65.15, 65.05, 64.95, 64.68, 65.02, 65.0, 65.34, 65.22, 65.1, 64.97, 65.22, 65.15, 65.29, 65.18, 65.32, 65.22, 65.26, 65.33, 65.28, 65.22, 65.2, 65.21, 65.24, 65.29, 65.29, 65.33, 65.35, 65.34, 65.3, 65.3, 65.3, 65.3, 65.32, 65.32],