{"num_param": 258058, "latency": {"mean": 0.0005257895617439343, "std": 2.6007396240027758e-05}, "train_acc": [34.802, 42.682, 45.04, 47.42, 49.258, 50.434, 51.854, 52.616, 53.634, 54.618, 54.75, 55.402, 55.85, 56.554, 56.752, 57.13, 57.426, 57.968, 57.864, 58.468, 58.67, 58.94, 59.316, 59.494, 59.434, 60.036, 59.958, 60.298, 60.288, 60.792, 60.696, 61.084, 61.1, 61.36, 61.268, 61.626, 61.788, 61.856, 61.586, 61.978, 62.37, 62.442, 62.816, 62.544, 62.814, 62.86, 62.48, 63.194, 63.226, 63.278, 63.376, 63.758, 63.718, 63.69, 63.6, 63.864, 64.104, 64.076, 64.292, 64.558, 64.262, 64.554, 64.454, 64.576, 64.898, 65.226, 65.192, 65.252, 65.104, 65.138, 65.57, 65.228, 65.272, 65.446, 65.534, 65.54, 65.716, 65.852, 65.72, 65.918, 66.516, 65.882, 66.476, 66.18, 66.216, 66.302, 66.656, 66.622, 66.964, 66.89, 66.802, 66.952, 67.116, 67.006, 67.354, 67.224, 67.46, 67.624, 67.348, 67.816, 67.392, 67.976, 67.664, 67.768, 67.608, 67.998, 67.796, 68.096, 68.312, 68.276, 68.382, 68.304, 68.468, 68.486, 68.488, 68.51, 68.54, 68.778, 68.58, 68.668, 68.722, 68.952, 68.978, 69.104, 69.144, 69.13, 69.316, 69.148, 69.438, 69.186, 69.702, 69.158, 69.46, 69.688, 69.372, 69.59, 69.7, 69.872, 70.088, 69.972, 69.98, 69.728, 70.15, 69.926, 70.214, 70.084, 70.254, 70.122, 70.294, 70.358, 70.294, 70.522, 70.542, 70.6, 70.608, 70.344, 70.492, 70.488, 70.314, 70.696, 70.9, 70.86, 70.826, 71.092, 70.84, 70.854, 70.864, 71.06, 70.976, 70.894, 70.96, 71.014, 71.03, 71.16, 71.064, 71.226, 71.192, 71.148, 71.284, 71.096, 71.212, 71.36, 71.034, 70.856, 71.308, 71.264, 71.366, 71.112, 71.068, 71.026, 71.124, 71.096, 71.254, 71.174, 71.526, 71.326, 71.43, 71.286, 71.442, 71.402], "train_loss": [1.8920052420688758, 1.6210969267788409, 1.5436138178550198, 1.4795900396788189, 1.4279863372569044, 1.3919244773557227, 1.364276836868745, 1.3335235899484699, 1.3105106780869185, 1.2873251975459772, 1.2707247664283197, 1.259228453717015, 1.248514996304088, 1.233014254065103, 1.2251932325457733, 1.2097989761211594, 1.204925523533397, 1.190958856201599, 1.1875540264432276, 1.1736388397918476, 1.1730820300177893, 1.162500873675197, 1.1512289383208532, 1.151315835715103, 1.1449844330568308, 1.131947845582846, 1.140753797629058, 1.1232469293145286, 1.1272955611967843, 1.1213592087619975, 1.1148266833101568, 1.1102862949944885, 1.1027684094657215, 1.1028393163409511, 1.0907775401611475, 1.0904784547314, 1.0879562874291848, 1.0814304882642634, 1.0811898137466005, 1.0779414125840328, 1.0749583389617203, 1.065668402348126, 1.0641736340919368, 1.061677275391168, 1.0530477785103152, 1.0550252064557237, 1.057782969906478, 1.0450276055171257, 1.0428330677293922, 1.0412703820206917, 1.041174502076816, 1.038693806164858, 1.0271904992126764, 1.0327943690831434, 1.0282587800663554, 1.0220421760873923, 1.0182248573233055, 1.0156611561088782, 1.0155855776290441, 1.0113132759232744, 1.0134027688189036, 1.0077662125506313, 1.003890637854163, 1.002096535434192, 1.001346111030664, 0.9948185798035778, 0.9910270477706472, 0.9890836428848506, 0.9900688107053363, 0.9895683119332112, 0.981725636328632, 0.9841817647924197, 0.9810895068631749, 0.9853996430080972, 0.9777659692218192, 0.9726178621109373, 0.9713408491471145, 0.9678200066699787, 0.966601764953678, 0.9653494624052762, 0.9590261334688024, 0.9623424667467007, 0.9603699129396575, 0.9586425445740298, 0.9556037826715031, 0.9541348020998393, 0.947727539279258, 0.9519674247529974, 0.9458777756166244, 0.9408899002439763, 0.9421969105132635, 0.9426725512693421, 0.9373110961204756, 0.9387716057013794, 0.9335647154067925, 0.9320416960171684, 0.9317226673804715, 0.92609009703458, 0.9262656390628827, 0.9190187466236085, 0.9249220574924142, 0.9170228291114629, 0.9195033216125601, 0.9175169072849813, 0.917035540707662, 0.9124968265846457, 0.9124134232695867, 0.9075688099487424, 0.9069245354304005, 0.9036429316396524, 0.9002996226456862, 0.9018547184293421, 0.8999233668954877, 0.8941626457243643, 0.8970151159790793, 0.894575387925882, 0.8941992298006936, 0.8913501113062094, 0.8917472637279324, 0.8929291270477834, 0.8893163147944331, 0.8821800054454376, 0.8829264261748496, 0.8804852923787105, 0.8788759250405959, 0.8768252446265535, 0.873779220262248, 0.8806039593155691, 0.8748885662946194, 0.8779659554200224, 0.8692412875587942, 0.8764899913614862, 0.8708101406321644, 0.8677886105354062, 0.8705461622428528, 0.8647702708888039, 0.8649664465159235, 0.8609589291968868, 0.8599188209762195, 0.8605032719943436, 0.8558720828094165, 0.860300500424947, 0.8530432405146894, 0.8584742983106002, 0.8527129755253526, 0.8520562122704047, 0.8512907419842325, 0.850285876239635, 0.8524875362294649, 0.8476637422809674, 0.8481528568710186, 0.8414626452530796, 0.8463742249262157, 0.8422465024471893, 0.8401843990108102, 0.8425500969320859, 0.8420207928711225, 0.845511718221147, 0.8410938411703189, 0.8363860081917036, 0.8323571495306622, 0.8381632035044013, 0.831176102237677, 0.8299653045427929, 0.835757042152029, 0.8333728844472711, 0.8332053960628106, 0.8290601465386301, 0.8309178714064246, 0.8324271160024752, 0.8272280211793408, 0.8251741449572074, 0.8278305783953639, 0.8256911488007981, 0.8279895439448451, 0.827754877312246, 0.8272979509083034, 0.8287127160789566, 0.822346119871524, 0.8221771009290211, 0.8248638771927211, 0.8201519070873639, 0.8239621467797785, 0.8319182165029029, 0.8212783084759252, 0.8229758984678004, 0.8231969966731313, 0.8220396147312755, 0.8273432646816691, 0.8234873456178532, 0.8218072106917547, 0.8266028062281362, 0.8195009169407709, 0.8208746173712815, 0.8223378992164585, 0.8213797395647296, 0.8198778937622591, 0.8239973303948315, 0.8166793931659337, 0.8193114363300594], "test_acc": [40.77, 42.88, 45.84, 48.28, 48.28, 48.6, 51.44, 52.66, 52.43, 52.18, 53.27, 53.86, 54.86, 55.13, 55.98, 55.25, 56.03, 56.36, 56.3, 56.85, 56.48, 56.31, 57.41, 57.21, 57.56, 56.98, 57.89, 57.23, 58.13, 58.64, 59.59, 58.84, 59.29, 60.05, 59.15, 59.88, 59.13, 60.35, 60.74, 60.62, 60.06, 60.41, 61.33, 60.21, 60.64, 61.17, 61.38, 61.89, 61.44, 61.85, 61.47, 62.05, 61.6, 61.48, 62.78, 63.06, 62.23, 62.94, 63.52, 62.8, 63.24, 62.35, 61.93, 63.24, 62.67, 62.73, 62.33, 62.54, 63.4, 63.3, 63.51, 63.64, 63.09, 63.5, 63.71, 63.48, 63.35, 63.85, 64.08, 63.37, 63.78, 64.0, 63.07, 64.06, 63.81, 63.97, 63.6, 63.93, 64.78, 63.9, 64.51, 64.97, 64.05, 64.6, 64.81, 64.27, 65.0, 64.76, 64.64, 64.61, 64.72, 65.08, 64.89, 65.13, 65.15, 65.01, 65.18, 65.44, 65.25, 65.24, 64.88, 65.6, 65.51, 65.35, 65.2, 65.56, 65.24, 65.69, 65.35, 65.29, 65.34, 65.8, 65.59, 65.8, 65.78, 65.85, 66.01, 65.9, 65.71, 65.72, 65.99, 65.9, 65.76, 66.01, 66.13, 65.74, 65.53, 66.22, 66.29, 65.74, 66.42, 65.97, 66.36, 66.42, 66.26, 66.03, 65.94, 66.36, 66.32, 66.2, 66.37, 66.39, 66.31, 66.39, 66.29, 66.5, 66.43, 66.53, 66.62, 66.55, 66.4, 66.75, 66.64, 66.66, 66.63, 66.58, 66.65, 66.72, 66.74, 66.53, 66.64, 66.72, 66.71, 67.0, 66.91, 66.81, 66.81, 66.99, 66.75, 66.81, 66.9, 66.93, 66.87, 66.93, 67.01, 67.06, 66.99, 67.01, 66.97, 66.93, 66.96, 66.97, 66.92, 66.96, 66.92, 66.93, 66.99, 66.97, 66.97, 66.97],