{"num_param": 4284426, "latency": {"mean": 0.00037925878271889, "std": 2.4964951201485935e-05}, "train_acc": [36.88, 44.156, 46.848, 48.38, 50.082, 51.15, 52.108, 52.878, 54.032, 54.618, 55.294, 55.67, 56.44, 57.176, 57.472, 58.24, 58.596, 59.042, 59.648, 60.324, 60.226, 60.714, 61.374, 61.538, 62.322, 62.378, 62.524, 63.138, 63.01, 63.57, 63.884, 64.306, 64.418, 64.666, 65.126, 65.162, 65.512, 65.714, 65.944, 66.612, 66.536, 66.986, 67.04, 67.55, 67.824, 67.978, 68.242, 68.302, 68.448, 68.758, 69.178, 69.316, 69.656, 69.708, 70.264, 70.184, 70.308, 70.932, 70.886, 71.272, 71.356, 71.444, 71.396, 71.644, 72.362, 72.156, 72.498, 72.734, 72.698, 73.14, 73.296, 73.496, 73.34, 73.742, 74.04, 74.384, 74.2, 74.626, 74.724, 75.044, 75.008, 75.398, 75.306, 75.334, 76.114, 75.918, 76.396, 76.398, 76.432, 76.788, 77.134, 77.28, 76.99, 77.408, 77.48, 77.714, 78.0, 78.112, 78.384, 78.598, 79.01, 78.892, 78.876, 79.224, 79.092, 79.476, 79.436, 79.514, 79.738, 80.196, 80.03, 80.49, 80.598, 80.374, 80.602, 80.762, 81.176, 81.086, 81.196, 81.394, 81.408, 81.804, 81.862, 81.96, 82.162, 82.122, 82.238, 82.308, 82.672, 82.632, 82.79, 82.876, 82.848, 83.024, 83.534, 83.52, 83.564, 83.63, 83.71, 84.026, 84.022, 83.95, 84.448, 84.534, 84.106, 84.516, 84.266, 84.536, 84.78, 84.452, 84.812, 84.896, 84.864, 85.046, 85.46, 85.334, 85.552, 85.646, 85.45, 85.8, 85.618, 85.744, 85.836, 85.848, 85.83, 86.158, 86.084, 85.994, 86.152, 86.076, 86.228, 86.304, 86.008, 86.262, 86.312, 86.6, 86.5, 86.42, 86.672, 86.432, 86.578, 86.484, 86.606, 86.64, 86.712, 86.31, 86.64, 86.804, 86.752, 86.552, 86.778, 86.808, 86.604, 86.85, 86.85, 86.732, 86.592, 87.068, 86.694, 86.662], "train_loss": [1.769493527391059, 1.5571380522643155, 1.485176665273448, 1.4342359824205009, 1.3988764195280508, 1.3636454775481368, 1.3357397833468436, 1.3161927626747698, 1.2872903143375711, 1.2677733832952387, 1.248687483184397, 1.2333786533722417, 1.2218454704022301, 1.1993207516230915, 1.187732544299203, 1.1725913583660308, 1.156788599086891, 1.1447537238218048, 1.1361784530006307, 1.1183473387743827, 1.1134284172238103, 1.0997668330820416, 1.0903756443461163, 1.0827678436662476, 1.0666197935740154, 1.0589653364527478, 1.0512824960420015, 1.0406467496242877, 1.0361298353566775, 1.0279426543055172, 1.0167046254709295, 1.0086747888411305, 1.0012905051024847, 0.993872288302283, 0.9825350299372707, 0.9763205041125731, 0.9699981208611816, 0.9637794448676509, 0.954105883722342, 0.9473429505670978, 0.9395099525945887, 0.9291468965114879, 0.9268021454852282, 0.9168677229150625, 0.9098344610352129, 0.9007706932165801, 0.8997866237918613, 0.8905044668237903, 0.8868983872830677, 0.880473799340937, 0.8735916764592789, 0.8660761349794579, 0.8565440084677969, 0.8574247139238502, 0.841071848257642, 0.8413695683101012, 0.8349990467573691, 0.8271496709119183, 0.8226245835433004, 0.8135478998023733, 0.8114091211301885, 0.8041955165312371, 0.8041744241711427, 0.795640890806513, 0.7860206535475726, 0.7843197231977626, 0.7771274494156194, 0.7692234477818355, 0.7654219627837988, 0.7620829403476691, 0.756810829891887, 0.7482041124533325, 0.7466492083540958, 0.739628313913684, 0.7350844979781946, 0.7240338168194564, 0.7217009525152634, 0.7167747822790975, 0.7111291102469158, 0.7075559179598295, 0.7052419596254559, 0.6958015725464678, 0.6915168516428442, 0.6874668528007073, 0.6759063189066303, 0.6769161729650931, 0.6652830635803446, 0.6691165870950532, 0.6600437248298471, 0.6565008243630501, 0.6490152836875586, 0.6440941630478326, 0.6456649861824643, 0.6422573561688989, 0.6324338437995313, 0.6257388713511609, 0.6210149959139692, 0.6157594993281502, 0.6152035912125826, 0.6051392457039785, 0.605198557502325, 0.5967596418588343, 0.594978448811511, 0.586382375635631, 0.587576324483636, 0.5799103841538317, 0.5757607517433868, 0.5774557550443111, 0.5695462910147409, 0.5633220980450349, 0.5633682468840501, 0.5503638633744349, 0.5503550876582652, 0.5500363813652416, 0.547103812831072, 0.5430005992585776, 0.5361302595058848, 0.5307701984354875, 0.5302677957659262, 0.5268696559997071, 0.5218964362480056, 0.5151988922672552, 0.5088993516713095, 0.5070941025535418, 0.509629664088165, 0.501152454109735, 0.5016156809210244, 0.5003544642701412, 0.4902074603424649, 0.49352104926120755, 0.484458154514289, 0.4853355589960907, 0.48361261930705185, 0.4792727288418829, 0.4665539010939732, 0.46511118769912635, 0.4635455375078467, 0.46068739858161006, 0.4584477597839239, 0.45252692829567276, 0.45402845468608066, 0.45419293384634374, 0.44398840533012923, 0.4422813882039513, 0.4459522153016702, 0.44046373676773226, 0.4394881399783353, 0.4355290803822354, 0.43083226685522463, 0.43650019696543635, 0.4318004209841396, 0.42874933221995337, 0.42847754407771793, 0.421818599672136, 0.41640821963510527, 0.4156442268043089, 0.4121922082717573, 0.41341870067902126, 0.4138838573432243, 0.4056305072901345, 0.4125831133172974, 0.40492564053182334, 0.40207209526748894, 0.4030076605783238, 0.39762033986419876, 0.3992584029108915, 0.3931543058116926, 0.39964513420124353, 0.3946671577471994, 0.3939367549890749, 0.3893262378380456, 0.392892829034661, 0.396241886071713, 0.3919562573996936, 0.38802369488063565, 0.3865569994730669, 0.3839738788089154, 0.38676236883539916, 0.3823552679077449, 0.38438449297588906, 0.38419950262465236, 0.3806739083812432, 0.37995390888119995, 0.3825385192801231, 0.3795650504286367, 0.3853211914614005, 0.3787920259353982, 0.37849957485917435, 0.3808167914806919, 0.3814919851076809, 0.37930624274464275, 0.3795191295330561, 0.3796092155112415, 0.37749009623275076, 0.3794170858830652, 0.3754013555120827, 0.3793036502858079, 0.3756346786948861, 0.3768500779884714, 0.3769608997785732], "test_acc": [44.14, 46.81, 48.91, 50.33, 51.5, 52.33, 53.87, 54.57, 54.91, 55.89, 56.32, 56.69, 57.13, 57.33, 57.3, 58.22, 58.92, 59.95, 58.01, 59.45, 57.7, 59.98, 61.1, 60.28, 61.53, 60.81, 61.97, 62.19, 61.62, 61.25, 62.02, 61.84, 63.21, 63.18, 63.23, 62.85, 63.09, 63.07, 63.96, 63.69, 64.1, 64.31, 64.64, 64.77, 64.59, 63.77, 64.29, 64.99, 64.85, 65.04, 65.16, 65.09, 64.14, 65.43, 65.04, 65.94, 65.48, 65.87, 66.51, 65.19, 66.33, 65.4, 65.84, 66.01, 65.91, 66.21, 65.79, 65.7, 65.23, 66.54, 66.6, 66.61, 66.62, 65.7, 66.76, 66.46, 66.28, 66.84, 66.31, 66.68, 66.23, 66.97, 66.51, 67.21, 66.21, 67.06, 66.57, 66.89, 67.07, 66.96, 67.64, 67.08, 67.37, 67.55, 67.57, 67.04, 67.55, 67.39, 66.93, 67.27, 67.05, 67.19, 67.01, 67.43, 67.46, 67.02, 66.71, 67.4, 67.51, 67.44, 67.09, 67.57, 67.35, 67.44, 67.52, 67.91, 67.48, 67.66, 67.44, 67.61, 67.55, 67.56, 67.44, 67.56, 67.61, 67.56, 67.51, 67.3, 67.75, 68.31, 67.6, 67.49, 67.83, 67.47, 68.0, 67.91, 67.21, 68.01, 67.76, 67.69, 67.88, 67.87, 67.27, 67.45, 67.39, 67.69, 67.53, 67.95, 68.1, 67.86, 68.15, 67.76, 68.28, 68.12, 67.93, 67.98, 67.8, 68.13, 68.08, 67.95, 68.06, 67.75, 68.17, 67.94, 67.99, 68.09, 68.1, 67.95, 67.93, 67.79, 67.82, 67.9, 67.82, 67.88, 67.91, 68.0, 68.1, 67.89, 67.81, 67.79, 67.94, 67.97, 67.94, 68.06, 67.89, 67.78, 67.84, 67.89, 67.83, 67.95, 67.86, 67.87, 67.91, 67.95, 67.91, 67.98, 67.97, 67.97, 67.96, 67.96],