{"num_param": 684042, "latency": {"mean": 0.000309443915613924, "std": 2.875979351382849e-05}, "train_acc": [36.674, 44.14, 46.67, 48.86, 50.33, 51.276, 52.564, 53.324, 54.006, 54.762, 55.082, 55.588, 56.31, 56.904, 57.072, 57.474, 57.912, 58.11, 58.544, 59.13, 59.366, 59.522, 60.004, 60.114, 60.222, 60.784, 60.82, 60.972, 60.846, 61.404, 61.474, 61.796, 61.698, 62.214, 62.068, 62.386, 62.658, 63.044, 62.602, 62.944, 63.144, 63.692, 63.73, 63.892, 63.882, 63.926, 64.152, 64.524, 64.568, 64.712, 64.632, 64.976, 65.04, 64.94, 65.516, 65.412, 65.612, 65.784, 66.15, 65.948, 65.638, 66.322, 66.138, 66.238, 66.66, 66.702, 66.568, 66.746, 67.088, 66.952, 67.166, 67.384, 67.48, 67.46, 67.648, 67.642, 67.532, 68.104, 67.876, 68.372, 68.088, 68.076, 68.472, 68.302, 68.546, 68.616, 68.644, 68.898, 68.938, 69.352, 69.168, 69.282, 69.344, 69.534, 69.756, 69.522, 69.728, 70.084, 69.586, 69.988, 69.85, 70.406, 70.454, 70.438, 70.256, 70.45, 70.57, 70.696, 70.84, 70.846, 70.85, 70.892, 70.88, 71.314, 71.396, 71.406, 71.108, 71.494, 71.642, 71.474, 71.622, 71.678, 71.738, 71.766, 72.082, 72.246, 72.254, 72.062, 72.202, 72.558, 72.502, 72.216, 72.494, 72.434, 72.726, 72.806, 73.086, 73.118, 72.718, 73.052, 73.122, 73.432, 73.128, 73.276, 73.12, 73.24, 73.558, 73.642, 73.522, 73.418, 73.434, 73.636, 73.858, 73.904, 74.006, 74.124, 74.114, 74.02, 74.216, 74.12, 74.106, 74.412, 74.35, 74.632, 74.398, 74.164, 74.434, 74.568, 74.53, 74.46, 74.76, 74.728, 74.716, 74.846, 74.604, 74.582, 74.554, 74.856, 74.878, 74.874, 74.746, 74.846, 74.85, 74.672, 75.188, 74.89, 74.974, 74.884, 74.754, 75.062, 74.872, 75.058, 74.854, 75.056, 75.036, 74.578, 74.972, 75.182, 75.276, 75.01], "train_loss": [1.8258547435871546, 1.5743838398027938, 1.4965025098828726, 1.4352630229234238, 1.4005488561500896, 1.3674721601904773, 1.3367746100163354, 1.3181807476209664, 1.2950024462554672, 1.2768013970026661, 1.2624613350198883, 1.2454178873652155, 1.2360158710241775, 1.2240823835649326, 1.2119017680028425, 1.1994412968880233, 1.1868654533753544, 1.184505438392771, 1.167594406594089, 1.1546558428481841, 1.154021379242932, 1.1427774037677205, 1.1428721427002246, 1.1342903785955731, 1.1239398575828232, 1.112469135456488, 1.1139980779957177, 1.1012169336059958, 1.1006751533356982, 1.0949458444034603, 1.085886800567538, 1.0838061197019127, 1.0799830659642407, 1.0728310695155188, 1.069427945449119, 1.062169292609202, 1.0582986378700248, 1.047388369275909, 1.049796152728838, 1.047354852970182, 1.0423353659138035, 1.0354114030312058, 1.0316977673666032, 1.0232866975220822, 1.0209092662949175, 1.0135690079845836, 1.0137685448102896, 1.0082759993890884, 1.0046982666047353, 1.0038450744696634, 1.0014944486486859, 0.9957306958015195, 0.9870868526394369, 0.9931454288601036, 0.9837624063609276, 0.9769658225511635, 0.9735586237274373, 0.9722695527592303, 0.966357673293722, 0.9650287474109359, 0.9700811946155624, 0.9590239713417744, 0.9566910356302255, 0.9592742645732882, 0.9458605041316284, 0.9463978224050823, 0.9457072460986984, 0.9425799829679198, 0.9355439738592732, 0.9356154576372963, 0.9312732577590856, 0.9317630847066317, 0.9237438526316781, 0.927217094812802, 0.9244428996046765, 0.9208892098963452, 0.9164281997898795, 0.9112063020906308, 0.9089602507884428, 0.9033844412059564, 0.9052337295186879, 0.9045515578104301, 0.8992389715297513, 0.8973282745879045, 0.8909324220145123, 0.890427113189502, 0.8881078332719785, 0.8835389531924797, 0.8837502588656798, 0.8782419731086137, 0.8778307862718061, 0.8729157732681669, 0.8740642697896549, 0.8680591594883058, 0.8627169178375738, 0.8631913939577909, 0.8638699470768353, 0.8581525757384468, 0.8595319126213657, 0.8527425239845796, 0.8568243756747291, 0.8471540725353202, 0.8434460165023193, 0.8402054202686269, 0.843129760148963, 0.8363467151929534, 0.8379621069666215, 0.8343029992556008, 0.8314927629530621, 0.8284934730729612, 0.8248258867632938, 0.8218995690040686, 0.8246750433858357, 0.8149244535907445, 0.8147773707591793, 0.8168696537661537, 0.8154028628548216, 0.8104682144680926, 0.8082319078198321, 0.813498653094889, 0.8064773091313477, 0.8043880984139458, 0.8004404011820648, 0.7991981429315422, 0.7954933905326931, 0.795378384114227, 0.7887913418060225, 0.787645708252357, 0.7896973553256049, 0.7842400990574313, 0.7833082515195784, 0.7872352487218739, 0.7862044321903416, 0.7824350445032577, 0.7778579846110316, 0.7714798384496819, 0.7681677425929696, 0.769126645910839, 0.7743686679190577, 0.7657556897809852, 0.7648534248901802, 0.7578915764487713, 0.7650598099005962, 0.7621663809203979, 0.7633203375019176, 0.7596421804438779, 0.7503792933180633, 0.7545436566942255, 0.7509424437983862, 0.754093912383035, 0.7516307660920148, 0.7523043210393561, 0.746099792301693, 0.7423807349978391, 0.7479509624890311, 0.7414510417121843, 0.7411818779571195, 0.7395863668207777, 0.737792040664114, 0.7386502482936081, 0.7349430590162503, 0.7324102384038865, 0.7318013605786224, 0.7297643565418471, 0.730260776028142, 0.732646459619433, 0.7275132431826833, 0.7265060194699489, 0.7281152739672804, 0.7298827315475113, 0.7213329891897666, 0.7208150958908115, 0.7238775054880693, 0.7224954107462864, 0.7232906697979358, 0.725921682551055, 0.7229347560109043, 0.7238936342742301, 0.7201263083339271, 0.7178601008897704, 0.7229234424448898, 0.7187311983764438, 0.7173612126061646, 0.7239719368064549, 0.7144654201187541, 0.7178944515937883, 0.7186403414300063, 0.7161189014531829, 0.7209461516130451, 0.7125252671944965, 0.7160914235117339, 0.7168519314061504, 0.7146571648097999, 0.7124583046652153, 0.7174045158096101, 0.7217494884478458, 0.7142685827866473, 0.7111905680126818, 0.7117695399415241, 0.7149218088415137], "test_acc": [41.57, 45.58, 48.33, 49.46, 50.62, 50.3, 53.61, 53.66, 53.07, 54.32, 54.78, 55.17, 55.34, 55.86, 57.19, 56.6, 57.03, 57.8, 58.16, 57.43, 56.67, 57.95, 58.17, 58.16, 59.1, 57.49, 58.72, 59.99, 58.5, 59.48, 59.27, 58.96, 60.42, 60.12, 59.66, 59.72, 59.94, 60.26, 61.18, 60.64, 60.45, 61.09, 62.22, 60.13, 60.68, 61.13, 61.05, 61.85, 61.34, 60.43, 61.36, 60.28, 60.64, 61.36, 61.9, 62.44, 62.08, 62.69, 62.73, 62.14, 63.11, 62.03, 62.48, 61.97, 62.04, 62.46, 62.67, 62.38, 62.85, 62.85, 63.04, 63.08, 62.49, 62.99, 63.28, 63.75, 62.74, 62.76, 63.25, 62.95, 63.02, 63.28, 63.57, 63.81, 63.77, 63.63, 63.71, 63.5, 63.66, 63.24, 64.1, 63.93, 63.74, 63.93, 64.04, 63.71, 64.01, 64.37, 63.77, 63.68, 63.76, 64.2, 63.48, 64.06, 64.26, 64.15, 63.85, 64.21, 64.25, 64.4, 64.19, 63.99, 64.16, 64.33, 63.95, 64.56, 64.35, 64.59, 64.06, 64.43, 64.05, 64.52, 65.01, 64.76, 65.0, 64.31, 64.94, 64.75, 64.89, 64.99, 65.16, 64.74, 65.18, 65.5, 65.76, 65.38, 64.98, 65.48, 65.28, 65.27, 65.44, 65.16, 64.72, 65.13, 65.14, 65.14, 65.0, 64.95, 65.01, 65.3, 65.17, 65.05, 65.29, 65.27, 65.12, 65.4, 65.18, 65.22, 65.41, 65.2, 65.01, 65.0, 65.33, 65.21, 65.05, 64.88, 64.82, 64.98, 65.14, 65.05, 65.08, 65.22, 64.93, 65.06, 64.97, 64.96, 64.92, 65.08, 64.9, 65.07, 64.95, 64.99, 65.19, 65.07, 65.15, 65.06, 65.04, 65.02, 65.02, 65.01, 65.04, 64.98, 65.01, 65.02, 65.02, 65.03, 65.06, 65.06, 65.04, 65.04],