{"num_param": 2170890, "latency": {"mean": 0.0003811129403952212, "std": 2.4756688051413033e-05}, "train_acc": [36.252, 43.824, 46.182, 47.704, 49.364, 50.316, 51.49, 52.232, 53.24, 53.706, 53.982, 54.928, 55.324, 56.196, 56.288, 56.826, 57.434, 58.056, 58.478, 58.75, 58.978, 59.244, 59.588, 60.088, 60.692, 60.64, 61.09, 61.384, 61.784, 61.916, 62.32, 62.514, 62.756, 62.99, 63.36, 63.522, 63.602, 63.98, 63.984, 64.218, 64.572, 64.824, 65.088, 65.316, 65.852, 65.776, 65.878, 66.268, 66.342, 66.768, 66.75, 66.988, 67.528, 67.322, 67.776, 67.95, 67.962, 68.356, 68.608, 68.288, 68.732, 68.802, 68.792, 68.852, 69.394, 69.59, 69.728, 69.878, 69.826, 70.264, 70.348, 70.09, 70.454, 70.474, 70.76, 71.186, 71.434, 71.36, 71.522, 71.442, 71.636, 71.754, 72.252, 72.12, 72.524, 72.388, 72.736, 72.796, 72.786, 73.394, 73.198, 73.548, 73.492, 73.53, 73.86, 74.138, 74.302, 74.068, 74.438, 74.422, 74.756, 74.842, 74.59, 75.034, 75.56, 75.226, 75.304, 75.222, 75.666, 75.724, 75.99, 76.196, 76.068, 75.914, 76.23, 76.532, 76.502, 76.352, 76.718, 76.812, 76.986, 76.98, 77.216, 77.37, 77.51, 77.636, 77.474, 77.578, 77.852, 77.932, 78.222, 78.044, 78.0, 78.282, 78.342, 78.342, 78.22, 78.728, 78.714, 78.792, 79.092, 78.834, 78.856, 79.362, 79.186, 79.56, 79.296, 79.346, 79.464, 79.606, 79.484, 79.584, 79.624, 79.836, 79.632, 79.768, 80.012, 80.062, 80.236, 80.364, 80.182, 80.138, 80.432, 80.428, 80.546, 80.5, 80.352, 80.682, 80.716, 80.342, 80.716, 80.636, 80.586, 80.644, 80.952, 80.698, 80.728, 80.934, 80.874, 80.82, 80.95, 80.966, 80.85, 80.918, 81.138, 80.614, 81.188, 80.87, 81.06, 80.878, 81.124, 81.18, 81.05, 81.008, 81.212, 81.176, 81.028, 81.288, 81.312, 81.226], "train_loss": [1.7842528870375738, 1.573459853175658, 1.5034898943574628, 1.452324355136715, 1.4163983564154123, 1.3840064690498992, 1.3552237525629982, 1.3329839147746525, 1.3094716480124553, 1.293179447957513, 1.2774588887079816, 1.258358204624093, 1.248437264868638, 1.2297282014912088, 1.218195876172164, 1.2061119101326663, 1.1905657867171104, 1.1777468185278368, 1.169906028706678, 1.1550346981312172, 1.147624599803966, 1.136745984555816, 1.1302722028944634, 1.1203233600806823, 1.1081077571069287, 1.0988550545005409, 1.092628811462827, 1.0845859879419275, 1.0753236318046437, 1.0722869372833104, 1.0612013835939016, 1.0532858555925555, 1.0510184029051683, 1.041432089155024, 1.0359484135570698, 1.026388178250001, 1.024783192082086, 1.0143468281395986, 1.00661143925582, 1.0031213624425523, 0.9948009566969392, 0.9902913025458197, 0.979225655129836, 0.9758940488576736, 0.9660050370375926, 0.96086116345815, 0.9609970896768784, 0.9532038514726984, 0.9440811828055293, 0.9430485688679049, 0.9366473618677924, 0.929153661543333, 0.9168521677997733, 0.921975602687206, 0.912292735189943, 0.90469398202228, 0.9018868601863688, 0.8969497513824446, 0.8906605848500306, 0.891602356237093, 0.8854506247064965, 0.8775670286065405, 0.8764688352591246, 0.871668327983495, 0.8630016664625816, 0.8607318696118439, 0.8586650523556705, 0.847548187465448, 0.8496011211295503, 0.8404039397540187, 0.833225282525223, 0.8335536601676136, 0.8312423572049107, 0.827703499614773, 0.8253041860085607, 0.8142182843584475, 0.807893877695252, 0.8065077415735997, 0.8053456040925119, 0.7997146657812847, 0.7968328234597192, 0.7931738575337716, 0.783916513086967, 0.7846160237215607, 0.7764192350346998, 0.775358615217877, 0.7677138798220068, 0.7667391554369655, 0.7629735044043413, 0.7562933722064042, 0.7534039259071313, 0.7505941895132864, 0.745618878136212, 0.746780956508407, 0.7388306426185869, 0.7330228333776758, 0.7261788369235669, 0.7291147922256858, 0.7215200446388772, 0.7173466509969587, 0.7161869028212546, 0.7126616040293559, 0.7096724863797521, 0.7073182789316866, 0.6981621586544271, 0.6996365957300554, 0.6946340176209531, 0.6910213190473506, 0.6899972880451022, 0.6843310660817878, 0.6806427004889503, 0.6777896649911476, 0.6757778992026721, 0.6753131783378483, 0.66853644276039, 0.6683805887697601, 0.6632240697198089, 0.6614503298843815, 0.6545339661077743, 0.6565133455714124, 0.6499255839937861, 0.6515765339994156, 0.643497347650586, 0.6402886922132184, 0.6404046567677689, 0.6356135356220312, 0.6343417253848154, 0.6347151246787033, 0.6282060453507355, 0.628938995907113, 0.6179593911993908, 0.621376322483452, 0.6223910083602197, 0.615169362606563, 0.6076085199950524, 0.6106214652306288, 0.6082374501022405, 0.6055202253892188, 0.6006184972808366, 0.5979748061659698, 0.594521409728858, 0.5982247865112332, 0.593425894252627, 0.5888562418773093, 0.5915849907079417, 0.5815343311674993, 0.5835834556162091, 0.5851095267884333, 0.5797847158734949, 0.5845401954055977, 0.5831736002930142, 0.5779221277548118, 0.5797146711682023, 0.5663766227162045, 0.573890512579157, 0.5725257312706168, 0.567369120992763, 0.5652015025960431, 0.5629502345717876, 0.5606250739867917, 0.5663556884628644, 0.5588799622851309, 0.5566788605215911, 0.5532843829802955, 0.5574815883822573, 0.5515928951998361, 0.5550733955621109, 0.554163304034213, 0.5510246155596435, 0.5530880137048161, 0.5451495779948744, 0.5517601844159289, 0.5539752414935076, 0.550974815035202, 0.542715146546553, 0.5471447356812709, 0.5423767543323362, 0.5436107992401354, 0.5441075748861103, 0.5425341763579533, 0.5396450953611714, 0.5429733170009315, 0.5449033841366807, 0.5413202645348877, 0.5370981974225737, 0.543529074160014, 0.5389023404699522, 0.5417387708115867, 0.5392185144045379, 0.5384458141664779, 0.5390851365894518, 0.536835725556866, 0.5370511811605571, 0.5364733588806117, 0.5344429478402025, 0.5374638199691809, 0.5357382072425392, 0.5323358063734425, 0.5354714350809444, 0.5352214311064243], "test_acc": [43.53, 45.59, 47.91, 48.99, 50.6, 51.36, 52.99, 54.19, 53.76, 54.73, 54.52, 55.53, 56.01, 56.17, 56.73, 57.02, 57.95, 58.44, 57.93, 58.29, 56.82, 58.63, 59.47, 59.05, 60.37, 59.08, 60.01, 61.05, 60.62, 59.58, 60.67, 61.09, 61.67, 62.02, 61.86, 61.29, 61.6, 62.28, 62.15, 63.01, 62.41, 62.5, 63.07, 63.19, 63.14, 62.36, 62.64, 63.71, 63.71, 63.28, 63.37, 63.56, 63.4, 63.9, 63.88, 64.27, 64.35, 64.33, 64.53, 64.53, 65.43, 65.03, 65.15, 64.64, 64.7, 65.16, 65.29, 64.63, 64.61, 65.26, 65.27, 65.37, 65.45, 65.22, 65.13, 65.75, 65.77, 65.63, 66.01, 65.86, 65.25, 65.78, 65.82, 65.87, 65.76, 65.85, 65.94, 66.41, 66.33, 65.66, 66.71, 66.49, 66.91, 66.57, 66.83, 66.25, 65.7, 66.44, 66.8, 66.62, 66.22, 65.87, 66.78, 66.61, 66.93, 66.76, 66.47, 66.54, 67.19, 66.64, 67.02, 66.7, 66.52, 66.87, 66.71, 67.36, 66.98, 66.67, 66.72, 66.97, 66.54, 66.92, 66.76, 66.3, 67.16, 67.21, 66.9, 67.18, 67.29, 67.13, 67.19, 66.91, 67.24, 66.82, 67.52, 67.14, 66.9, 67.05, 66.91, 67.0, 67.15, 67.1, 67.06, 67.22, 67.02, 67.47, 67.52, 67.49, 67.52, 67.26, 67.34, 67.16, 67.19, 67.07, 67.26, 67.7, 67.47, 67.67, 67.45, 67.11, 67.44, 67.28, 67.41, 67.2, 67.1, 67.16, 67.15, 67.09, 67.22, 67.22, 67.28, 66.96, 67.11, 67.29, 67.23, 67.11, 67.27, 67.02, 67.08, 67.15, 67.06, 67.05, 67.06, 67.2, 67.08, 67.23, 66.97, 67.2, 67.16, 67.3, 67.15, 67.18, 67.12, 67.07, 67.14, 67.17, 67.18, 67.18, 67.19, 67.19],