{"num_param": 16830474, "latency": {"mean": 0.00016879770321587024, "std": 1.7036118618942306e-05}, "train_acc": [33.904, 41.532, 43.822, 45.438, 47.004, 48.018, 49.338, 50.03, 51.022, 51.462, 52.06, 52.766, 53.398, 53.9, 54.124, 54.408, 54.954, 55.076, 55.362, 56.032, 56.21, 56.396, 56.494, 56.496, 56.926, 57.392, 57.396, 57.818, 57.878, 58.036, 58.1, 58.322, 58.61, 58.818, 58.736, 59.254, 59.386, 59.302, 59.442, 59.588, 59.658, 60.266, 60.0, 60.262, 60.622, 60.412, 60.138, 60.932, 60.916, 60.826, 61.076, 61.298, 61.436, 61.29, 61.72, 61.466, 61.752, 61.838, 61.994, 62.172, 61.854, 62.152, 62.244, 62.54, 62.424, 62.306, 62.922, 62.626, 62.892, 63.138, 63.056, 63.03, 63.394, 63.302, 63.186, 63.762, 63.522, 63.726, 63.784, 63.864, 63.846, 64.176, 64.058, 64.026, 64.332, 64.3, 64.428, 64.346, 64.408, 64.738, 64.564, 64.716, 64.626, 64.982, 65.05, 65.018, 65.094, 65.162, 65.218, 65.284, 65.368, 65.598, 65.634, 65.806, 65.624, 65.702, 65.692, 65.724, 66.064, 66.056, 66.046, 66.476, 66.03, 66.37, 66.468, 66.402, 66.614, 66.372, 66.328, 66.38, 66.456, 66.642, 67.17, 66.79, 66.984, 67.318, 67.262, 66.806, 67.286, 67.316, 67.25, 67.278, 67.228, 67.222, 67.62, 67.552, 67.612, 67.454, 67.528, 67.768, 67.946, 67.472, 67.748, 67.758, 68.02, 67.794, 68.05, 68.172, 68.178, 67.938, 68.054, 68.238, 68.062, 68.596, 68.38, 68.42, 68.704, 68.616, 68.29, 68.346, 68.572, 68.58, 68.714, 68.44, 68.558, 68.644, 68.714, 69.032, 68.762, 68.548, 68.756, 68.746, 68.828, 68.78, 68.854, 68.892, 68.932, 68.974, 69.114, 69.182, 69.046, 69.034, 69.074, 69.056, 69.0, 69.1, 69.136, 69.188, 68.91, 69.046, 69.028, 69.278, 68.972, 69.026, 69.136, 69.114, 69.252, 69.124, 69.044, 68.96], "train_loss": [1.8748878242110718, 1.6368445747568299, 1.566658452582222, 1.5181933949562654, 1.4819809403163229, 1.4439874086254922, 1.4154183515279017, 1.3962331882899035, 1.3726860296627077, 1.3572227178821943, 1.3363710689148076, 1.3231393133915166, 1.3120370036657238, 1.2979055002798885, 1.2875249882729787, 1.2782350637481064, 1.265987895653176, 1.2578328483316734, 1.2500353920025011, 1.23756360748374, 1.2362687455410386, 1.2266855125463856, 1.2236112852319265, 1.2164793414941448, 1.2091355550693383, 1.2001163227696947, 1.1990228438331618, 1.1915708533556737, 1.187847149006007, 1.1834993370053712, 1.1767628873988596, 1.1743579998431264, 1.1697525180309, 1.1672733203005654, 1.1595612700673454, 1.1537009336516708, 1.1520285494649403, 1.1479102182067973, 1.1427629397644572, 1.140458044110394, 1.13562071700929, 1.129802175004438, 1.129244044680513, 1.1219097757217447, 1.1152652563456915, 1.1149045118748646, 1.1169202032183807, 1.1064324835440476, 1.1044064343967122, 1.1065147214414826, 1.1005806848549797, 1.0953652342770699, 1.0907599672017307, 1.094654302679417, 1.0869696108637448, 1.084528531695663, 1.0807905600609415, 1.0817043277520213, 1.0755811251285208, 1.070230567256991, 1.0735567464556972, 1.0673606324409417, 1.064764089410456, 1.063032901504447, 1.0604308268159, 1.059329818245393, 1.0521215544399816, 1.0523972126130332, 1.0494339418807856, 1.0496372111279921, 1.044509161723705, 1.0471276606570736, 1.0416988199213264, 1.0397299614306528, 1.0416550237401814, 1.0324903031952932, 1.0310059186554992, 1.0300357666674593, 1.0246488785636936, 1.0258144772708684, 1.0232752157340657, 1.0200303900493541, 1.0172862731068086, 1.0165511350637815, 1.0122896252689801, 1.0119038180746638, 1.0101937066456177, 1.0091837557248404, 1.0075832866966457, 1.0025317540781968, 1.0035344739411782, 0.9976592018904781, 1.0003698742778653, 0.992573622606995, 0.995341981936935, 0.9900054953758791, 0.9910972859336258, 0.9870656495359718, 0.9845370344069243, 0.9820496971151116, 0.9860636942179174, 0.9767591167510662, 0.9758592352833568, 0.9722477019748395, 0.9719123081450117, 0.9739445766347079, 0.9705545029537996, 0.9664915477474454, 0.9644728565132168, 0.96495483921494, 0.9636520571000898, 0.9562566945054023, 0.9595050708041005, 0.95570672448827, 0.9548870281805537, 0.9567127246850587, 0.9531068596524149, 0.952456517263017, 0.9501014031894072, 0.9503991291336882, 0.9480844600530137, 0.9477260829314771, 0.9388465581036346, 0.9409736087897308, 0.94043081058803, 0.9358013670793803, 0.9331895397476714, 0.9398693830937968, 0.9351578779847517, 0.9331749872145406, 0.9312721396285757, 0.9311082892248589, 0.9321335330271827, 0.9283400210942203, 0.9226396096606935, 0.9230069954732406, 0.9206884309258586, 0.922960739103709, 0.9218342480221697, 0.9162582639921802, 0.9146597223524398, 0.9217920108094707, 0.9163004540321694, 0.9149747159491727, 0.9108595197313654, 0.912430219023333, 0.908806525452047, 0.9069272194126823, 0.9082058262191975, 0.9115657808684571, 0.9091127978367296, 0.9064216876136746, 0.9084992464810553, 0.8983681453052271, 0.904637506754827, 0.8990729085276391, 0.8952328005015507, 0.8969883461144973, 0.8975350220121029, 0.8961318020094532, 0.8958788401067677, 0.8883267016229306, 0.8915275370777225, 0.8919102990581527, 0.8920207371981725, 0.8910460497275882, 0.8904693223159433, 0.8878023623848145, 0.8928149105720008, 0.8908926717036059, 0.8887940455497417, 0.8886362435683484, 0.8905573104980735, 0.8897047117972176, 0.8833274875629886, 0.8859943918364215, 0.886042812411326, 0.885043134902123, 0.880474646104427, 0.882283581653163, 0.8819367941266363, 0.8811787056068694, 0.8811896065260765, 0.8826641936524892, 0.8838264458429638, 0.8814531956356607, 0.8791380741240806, 0.882284635412182, 0.8818467923524055, 0.8793024204323403, 0.878362190338258, 0.8780931683587326, 0.8838980740182917, 0.8793790205998522, 0.8837591190980324, 0.8824916554046455, 0.8769894968944716, 0.8800307295105813, 0.8814373748735671, 0.8815510867500793], "test_acc": [40.06, 42.17, 43.89, 45.04, 45.87, 47.8, 49.45, 49.24, 49.6, 49.9, 50.38, 51.58, 51.55, 51.76, 51.89, 51.88, 52.18, 53.36, 52.24, 53.26, 52.86, 53.85, 53.69, 54.22, 53.28, 53.28, 54.23, 55.12, 54.77, 54.96, 55.27, 55.06, 55.63, 56.13, 55.91, 55.18, 56.1, 56.46, 56.95, 56.45, 56.25, 56.92, 57.29, 56.68, 56.64, 56.78, 56.51, 56.53, 56.21, 57.11, 57.46, 57.12, 57.43, 56.36, 57.67, 57.8, 56.95, 57.77, 58.1, 57.67, 58.52, 58.46, 58.52, 58.25, 58.68, 58.29, 57.21, 57.78, 57.94, 58.55, 58.09, 58.76, 57.36, 58.73, 58.57, 59.14, 58.88, 58.06, 59.21, 58.62, 58.42, 59.14, 58.56, 58.62, 58.91, 58.82, 59.16, 58.83, 59.36, 59.0, 59.12, 59.17, 58.88, 59.84, 59.28, 59.06, 59.55, 59.98, 59.77, 59.27, 59.35, 59.5, 59.21, 59.53, 59.94, 60.31, 59.35, 59.77, 59.57, 59.3, 59.63, 59.96, 59.69, 59.51, 59.58, 60.29, 59.76, 60.06, 60.23, 59.99, 60.21, 60.47, 60.33, 60.28, 60.05, 59.93, 60.34, 60.41, 60.18, 60.48, 60.93, 60.43, 60.69, 60.33, 60.69, 60.63, 59.93, 60.57, 61.01, 61.09, 60.95, 60.9, 60.58, 61.01, 60.72, 60.64, 60.94, 60.78, 60.98, 60.77, 61.03, 60.73, 60.86, 61.12, 60.85, 61.11, 61.06, 61.14, 60.81, 61.06, 61.22, 60.89, 61.21, 61.0, 61.15, 60.95, 61.12, 61.24, 61.1, 60.84, 60.7, 60.96, 61.14, 61.31, 61.38, 61.08, 61.07, 61.23, 61.27, 61.3, 61.43, 61.18, 61.34, 61.37, 61.31, 61.36, 61.24, 61.26, 61.3, 61.34, 61.3, 61.3, 61.29, 61.27, 61.29, 61.29, 61.32, 61.34, 61.33, 61.33],