{"num_param": 1179658, "latency": {"mean": 0.0006504452038115968, "std": 0.0001122028486238679}, "train_acc": [36.72, 45.1, 47.874, 49.604, 51.012, 52.304, 53.312, 54.064, 55.16, 55.432, 55.93, 56.918, 57.078, 58.038, 58.288, 58.462, 58.87, 59.288, 59.878, 60.45, 60.502, 60.76, 61.27, 61.624, 61.994, 62.074, 62.11, 62.684, 62.72, 62.998, 63.194, 63.59, 63.772, 63.954, 64.352, 64.414, 64.36, 64.704, 64.848, 65.312, 65.372, 65.458, 65.742, 65.816, 66.254, 66.328, 66.558, 66.728, 66.746, 66.606, 66.976, 67.28, 67.672, 67.562, 67.812, 67.878, 68.064, 68.056, 68.49, 68.542, 68.354, 68.842, 69.01, 68.914, 69.232, 69.194, 69.506, 69.552, 69.6, 69.814, 69.846, 70.03, 70.264, 70.184, 70.484, 70.308, 70.808, 70.808, 70.872, 70.872, 70.668, 71.244, 71.384, 71.122, 71.682, 71.612, 71.984, 72.058, 72.222, 72.002, 72.208, 72.15, 72.068, 72.448, 72.522, 72.848, 72.93, 73.072, 73.24, 73.008, 73.272, 73.478, 73.248, 73.35, 73.572, 73.722, 73.994, 73.576, 74.114, 74.268, 74.156, 74.154, 74.456, 74.438, 74.65, 74.486, 74.81, 74.802, 75.08, 75.242, 74.852, 75.26, 75.328, 75.37, 75.602, 75.55, 75.512, 75.192, 75.874, 75.818, 75.918, 76.138, 75.748, 76.226, 76.26, 76.13, 76.328, 76.326, 76.32, 76.544, 76.49, 76.526, 76.56, 76.568, 76.696, 76.82, 76.992, 76.786, 76.876, 76.91, 76.804, 77.16, 77.198, 77.112, 77.3, 77.34, 77.554, 77.612, 77.78, 77.386, 77.488, 77.556, 77.606, 77.614, 77.854, 77.738, 77.832, 78.028, 78.286, 77.802, 77.93, 77.962, 77.9, 77.974, 78.002, 78.1, 78.11, 78.2, 78.386, 78.284, 78.5, 77.928, 78.4, 78.252, 77.948, 78.088, 78.186, 78.35, 78.222, 78.436, 78.066, 78.422, 78.228, 78.452, 78.442, 78.318, 78.192, 78.248, 78.468, 78.338], "train_loss": [1.755624793617678, 1.5372764885768782, 1.4607567921023452, 1.4096115321512033, 1.371141195335376, 1.3394750975220155, 1.3091831784254453, 1.2891805104086662, 1.2640477866220383, 1.2441384741608636, 1.2341646679074658, 1.2121003350613595, 1.2050535863817158, 1.1856720917741992, 1.1739055894157937, 1.1642884862247522, 1.1509198393489182, 1.1356276974263133, 1.1311845834333014, 1.1146891872164384, 1.1098541875184535, 1.100667408774163, 1.0892399211228847, 1.085922759195512, 1.07401366038957, 1.0626252453371414, 1.06170023707953, 1.0553356189988625, 1.0507500161174315, 1.043837105358402, 1.0353488560982873, 1.0295910913823738, 1.0237715087368637, 1.0172182407351693, 1.008841536572097, 1.0036562160086495, 0.9991878624230871, 0.9965739091161117, 0.9894941388721734, 0.9831074082309896, 0.9745971160635152, 0.9720076756147872, 0.9665599491301822, 0.9639373522726146, 0.9568706575449811, 0.9506551108715706, 0.9484107582826914, 0.9420027442452851, 0.9367895561460494, 0.9414786730373966, 0.9317258192191731, 0.9264380042170075, 0.9163693592896159, 0.916921437701886, 0.9105776149305257, 0.9086433879206445, 0.9032187154868133, 0.8962926212328791, 0.8929221773292495, 0.8908471270623454, 0.8919893837440341, 0.883645958917231, 0.8788307583721037, 0.8770917734311166, 0.8716554126332222, 0.8706855839326911, 0.8630951807732317, 0.8589091537209252, 0.8619871359945335, 0.8528834940985999, 0.8507976812654325, 0.8476721748890819, 0.8436761043122085, 0.8430438495109421, 0.8369189356659287, 0.8374089746427933, 0.8302855567335701, 0.8249802440690903, 0.826513158916588, 0.822681728342902, 0.8224863616686483, 0.8112035603265463, 0.8121356767431255, 0.8140847337261196, 0.8033266279534201, 0.8022034036678454, 0.7971767770199156, 0.7964576275129007, 0.7876130499980118, 0.79005182607389, 0.786710363984947, 0.7842403226320513, 0.7854072333183032, 0.7775619985846778, 0.7746003537473966, 0.7707827744084296, 0.7697991947485557, 0.764885252473908, 0.7616384649841128, 0.76024865272788, 0.7598149284901561, 0.7538470494503099, 0.753368682982978, 0.7506106166182156, 0.7469113679246421, 0.7473783693821554, 0.7405063724639853, 0.7442297702482398, 0.7357133724562877, 0.7293865405552218, 0.7345223142524141, 0.7290270306880247, 0.7269416565095775, 0.7212947683786629, 0.7206580339527557, 0.7233212702143139, 0.7144188273719543, 0.7126282965877616, 0.7105778111853969, 0.7071363892756588, 0.7097591886765211, 0.7035892184678363, 0.7039994070412483, 0.6970250186101031, 0.6972729553130675, 0.6914841961246687, 0.693994553632181, 0.6944735913381924, 0.6913052005353678, 0.6856244668621935, 0.6819590289701045, 0.6795588412387052, 0.6836285445546005, 0.6784973217082649, 0.6688251153387782, 0.6752095043239728, 0.6725352467898749, 0.6708013634325523, 0.6682807803153992, 0.6620174438257059, 0.6638563199258354, 0.6606141113731545, 0.6620001647614243, 0.6616151676258825, 0.6602490809927822, 0.6572929097819771, 0.6534631004794164, 0.6542474983292211, 0.6490626092225561, 0.6517715054163167, 0.6508132647758711, 0.6485347953635153, 0.6447932277916336, 0.6443338480349619, 0.6434459878764546, 0.6426936582312398, 0.63615474752219, 0.636330431917121, 0.6337037248178239, 0.6358814158465568, 0.6365602412859904, 0.632907118216891, 0.6327827733846635, 0.6318674022123284, 0.6272001071134136, 0.6276181858564445, 0.6274004209827172, 0.6275292000878109, 0.6199273311092697, 0.6274241449469873, 0.6249079664052486, 0.6247905546647955, 0.625360994110562, 0.6249615578546939, 0.6260015325369319, 0.6178708410442295, 0.6192282392516475, 0.6195226018427277, 0.6179127910163108, 0.6201266646194519, 0.6161530448489668, 0.6189084368795442, 0.6146832931255273, 0.6186690684586706, 0.6224715067592097, 0.618243105857325, 0.6184544349929422, 0.6127112738535485, 0.6172911080121232, 0.6129953783250969, 0.6206553414015913, 0.6095891789564778, 0.6176083070665159, 0.6148410946779044, 0.6124388480121633, 0.614876499617626, 0.6156329271775061, 0.6130151523090065, 0.6099870744437189, 0.61297033009282], "test_acc": [44.79, 49.08, 51.14, 52.41, 53.04, 54.19, 55.43, 56.7, 56.06, 56.87, 57.28, 58.46, 58.55, 59.22, 59.06, 59.17, 60.42, 60.39, 60.02, 60.75, 59.85, 61.99, 62.16, 61.74, 62.31, 61.65, 63.33, 63.27, 62.34, 62.68, 63.05, 62.96, 63.21, 64.35, 64.05, 64.35, 63.05, 64.08, 64.29, 64.09, 64.54, 64.79, 65.33, 64.98, 64.48, 64.72, 64.61, 65.2, 64.65, 65.8, 65.1, 65.42, 64.64, 65.46, 65.0, 65.45, 65.9, 65.03, 65.78, 66.04, 66.7, 66.21, 66.49, 66.89, 66.68, 66.14, 66.46, 66.39, 66.21, 66.37, 66.66, 66.74, 66.74, 66.64, 66.41, 67.32, 66.92, 67.54, 67.44, 67.36, 67.04, 67.31, 67.42, 68.06, 67.17, 67.7, 67.29, 67.46, 67.01, 66.86, 67.74, 67.89, 67.28, 68.17, 67.53, 67.06, 67.73, 67.71, 67.9, 67.39, 68.1, 67.98, 67.49, 68.37, 67.97, 68.05, 66.95, 68.01, 68.62, 68.1, 68.2, 67.81, 68.14, 67.94, 68.47, 68.62, 68.53, 68.75, 68.36, 68.73, 68.25, 68.85, 68.56, 68.53, 68.45, 68.82, 68.84, 69.23, 68.43, 69.14, 68.97, 68.98, 68.64, 68.9, 68.67, 68.81, 68.27, 68.56, 68.63, 68.65, 69.0, 68.6, 68.67, 68.85, 68.98, 68.57, 68.96, 69.09, 69.1, 68.93, 68.97, 69.4, 68.8, 69.45, 69.02, 69.26, 69.23, 69.3, 69.31, 68.99, 68.96, 69.06, 69.04, 68.91, 68.94, 68.74, 69.01, 69.12, 68.88, 69.02, 69.16, 69.08, 68.9, 69.0, 69.07, 69.05, 69.24, 69.2, 69.11, 69.08, 69.0, 69.47, 69.25, 69.21, 69.16, 69.17, 69.03, 69.22, 69.35, 69.19, 69.19, 69.17, 69.21, 69.24, 69.27, 69.28, 69.29, 69.27, 69.26, 69.26],