{"num_param": 1081354, "latency": {"mean": 0.001444267213535004, "std": 4.191167122687731e-05}, "train_acc": [34.758, 42.652, 45.356, 46.994, 48.264, 49.488, 49.918, 50.47, 51.282, 51.84, 52.39, 52.598, 52.868, 53.492, 53.784, 53.994, 54.296, 54.638, 55.28, 55.5, 55.504, 55.942, 56.314, 56.19, 56.648, 56.968, 57.15, 57.188, 57.378, 57.598, 57.832, 58.056, 57.968, 58.428, 58.7, 58.788, 58.72, 58.766, 58.596, 59.09, 59.574, 59.396, 59.52, 59.62, 59.55, 59.796, 60.13, 59.844, 60.254, 60.2, 60.782, 60.582, 60.438, 60.748, 60.884, 61.144, 61.258, 61.326, 61.556, 61.734, 61.498, 61.986, 61.692, 61.77, 62.014, 62.2, 62.224, 62.202, 62.798, 62.602, 62.244, 62.818, 62.884, 62.894, 63.032, 62.878, 63.098, 63.162, 63.44, 63.568, 63.288, 63.648, 63.85, 63.816, 64.152, 63.856, 64.186, 64.034, 64.336, 64.452, 64.332, 64.688, 64.592, 64.746, 64.534, 65.008, 65.142, 65.224, 65.362, 65.17, 65.418, 65.334, 65.618, 65.694, 65.746, 65.776, 65.664, 65.678, 65.988, 66.172, 66.176, 66.152, 66.122, 66.63, 66.41, 66.302, 66.512, 66.556, 66.592, 66.804, 66.65, 66.82, 66.88, 66.654, 67.132, 67.342, 67.058, 67.21, 67.268, 67.072, 67.854, 67.45, 67.494, 67.83, 67.692, 67.72, 67.596, 67.892, 67.852, 67.966, 67.994, 67.752, 68.08, 68.156, 68.294, 68.144, 68.464, 68.206, 68.422, 68.342, 68.498, 68.652, 68.678, 68.782, 68.764, 68.666, 68.824, 68.932, 68.96, 68.77, 68.722, 68.712, 68.872, 68.91, 69.064, 69.084, 69.18, 69.244, 69.242, 69.508, 69.36, 69.264, 69.346, 69.324, 69.168, 69.492, 69.496, 69.222, 69.75, 69.626, 69.374, 69.524, 69.226, 69.572, 69.516, 69.092, 69.462, 69.232, 69.386, 69.664, 69.434, 69.812, 69.654, 69.932, 69.488, 69.364, 69.676, 69.784, 69.916, 69.46], "train_loss": [1.798448429150377, 1.6002961625216943, 1.5275673303402775, 1.4801473050871037, 1.4412789103394505, 1.4141317365723243, 1.3968602519575328, 1.3776749971198181, 1.360381671883552, 1.3429329058564174, 1.332311277235462, 1.3224008965019378, 1.3123746612326732, 1.3009925137249536, 1.2906919395931242, 1.28126964813917, 1.274484953739974, 1.2622319194497165, 1.2585121593029929, 1.2482230088989932, 1.2450731003886983, 1.234935057597975, 1.2266238868732293, 1.2261149067567543, 1.2186100117228233, 1.2056790742062637, 1.2031612729156773, 1.19836663143496, 1.1953040591738426, 1.1906096447909862, 1.1869394033289231, 1.176069167929434, 1.1747572348046136, 1.1702665740377385, 1.1641062853127355, 1.1572078188794284, 1.1586431500168848, 1.1548158398287767, 1.1553794642098805, 1.146615298833133, 1.139979999185905, 1.143086924281398, 1.13624683409567, 1.133154995153138, 1.128544261420452, 1.1240889242423016, 1.1266939757500256, 1.1217311269491053, 1.1127950340528483, 1.1157772200883997, 1.1093093762776063, 1.1104977371520288, 1.103096713069457, 1.100773741019817, 1.0975737987003948, 1.0925983067361194, 1.089211904308541, 1.087022685958877, 1.0813480949676426, 1.0765144659286117, 1.079233973245932, 1.0766956026708172, 1.0736534011264833, 1.0712511843011994, 1.0630590852376214, 1.0634419196741136, 1.0578383312573132, 1.052471621709227, 1.0525422387602081, 1.0535955541956066, 1.0514425914102994, 1.0481116016248213, 1.0455439685249817, 1.039725170921837, 1.0402110117181935, 1.0388618082627987, 1.0341667824079803, 1.0298717653644596, 1.0296314779909772, 1.0278331135719614, 1.0271175066324967, 1.0232081424137451, 1.018657342257289, 1.0171484707146217, 1.0122781475995186, 1.0148135559038711, 1.0047215047320417, 1.0082268916447041, 1.0031829119415063, 1.0023455234078817, 0.9997347349435644, 0.998001636237726, 0.9974092160252066, 0.9915559307284181, 0.9927437619108919, 0.9881261937220128, 0.9841435295377721, 0.9818392330190728, 0.9830531535893011, 0.981959628795708, 0.9783046238901366, 0.975559859686148, 0.971139725914996, 0.968755400054972, 0.9682613609505248, 0.9667770555213103, 0.9669927041727384, 0.9634664621554501, 0.9598281487050303, 0.9572292197345543, 0.9529770600322874, 0.9510955583263648, 0.9501596393298432, 0.9465684194024832, 0.9472204599331681, 0.9503210373437336, 0.9482947029292546, 0.9418165975286651, 0.9425932334084124, 0.9397093280911522, 0.9419755341910584, 0.938759202825207, 0.9318984477510837, 0.9333484803570133, 0.9276388632091893, 0.9220060571713549, 0.9270513499500045, 0.9276528593560327, 0.9246304484223679, 0.921006870418501, 0.9163852732912211, 0.9232279749268991, 0.9180812358818067, 0.9160048293708916, 0.9113258133694215, 0.9125817670550624, 0.9091229645281516, 0.9076738418940924, 0.9082611947203018, 0.9042352530449839, 0.9012754157004415, 0.9059849277720265, 0.9008264623997079, 0.8981984340831857, 0.8974906466972805, 0.8941682279300629, 0.8929644003176795, 0.895832938600334, 0.8892977401108904, 0.8964852944292934, 0.8947759192110405, 0.8841118137766288, 0.8841777614729571, 0.8858637590287819, 0.8840085830699155, 0.8844061735838709, 0.878057126349085, 0.8826513823148003, 0.8808325589542121, 0.8810059778864233, 0.8800526647825541, 0.8786852393711674, 0.8744062131898799, 0.8777994859394017, 0.8718129512368298, 0.8767919068106153, 0.8739674854797197, 0.8734343033224363, 0.8698943267246888, 0.8680526164198867, 0.8661665202369312, 0.8666444930676382, 0.8664570946916127, 0.8686064723509669, 0.8707744134250391, 0.8621784484088992, 0.8642535104975819, 0.8612329523988969, 0.8621198450306327, 0.863697892416004, 0.8648526083179872, 0.8627456998642027, 0.8659556660984696, 0.863373311776346, 0.8640009912251664, 0.8664605468034897, 0.8641421842941167, 0.8657621708308285, 0.8635025774143631, 0.8588316242281474, 0.8646065211418112, 0.8567813387377782, 0.8607693987821663, 0.8583437514396638, 0.8624965433157642, 0.8622090149520684, 0.8604596669446637, 0.8588906536480592, 0.8567206993823012, 0.8589480989115099], "test_acc": [42.27, 45.91, 48.39, 51.42, 51.88, 52.33, 53.31, 53.36, 54.68, 54.78, 54.54, 55.45, 54.85, 56.01, 56.13, 55.82, 56.82, 56.55, 57.29, 57.52, 56.73, 58.32, 59.01, 58.83, 59.29, 58.67, 59.33, 60.04, 58.53, 59.86, 59.52, 59.65, 59.84, 60.63, 60.19, 60.58, 60.14, 60.95, 60.81, 61.26, 61.45, 61.1, 61.41, 61.3, 61.74, 62.04, 61.31, 62.13, 62.06, 62.11, 61.65, 61.6, 62.06, 62.4, 61.69, 63.2, 62.43, 62.24, 63.28, 62.95, 63.06, 62.6, 63.69, 62.82, 63.66, 63.93, 63.24, 63.28, 63.8, 63.45, 63.77, 64.49, 63.47, 64.18, 64.07, 64.29, 63.99, 64.21, 64.13, 64.09, 63.96, 64.25, 64.05, 64.92, 63.94, 64.28, 64.61, 64.66, 64.52, 63.72, 65.21, 64.64, 64.58, 65.15, 65.27, 65.28, 65.44, 65.81, 65.44, 65.14, 65.72, 65.16, 65.42, 66.15, 65.45, 65.26, 65.17, 65.24, 65.91, 65.84, 65.28, 65.59, 66.55, 65.66, 65.8, 66.36, 66.36, 66.13, 65.96, 65.98, 66.31, 66.61, 66.09, 66.05, 66.06, 66.34, 66.72, 66.29, 66.22, 66.53, 66.75, 65.99, 66.59, 66.82, 66.93, 67.1, 66.69, 67.34, 67.25, 67.41, 67.17, 67.3, 66.64, 67.39, 67.24, 67.55, 67.51, 67.66, 67.4, 67.4, 67.72, 67.49, 67.4, 67.76, 67.9, 67.79, 67.61, 67.71, 67.6, 67.86, 67.66, 67.88, 68.01, 67.75, 67.84, 67.86, 68.04, 67.83, 67.94, 67.95, 67.85, 68.08, 67.94, 68.11, 68.19, 68.0, 68.13, 68.11, 68.02, 68.16, 68.04, 68.25, 68.22, 68.23, 68.07, 68.12, 68.21, 68.1, 68.13, 68.11, 68.15, 68.14, 68.16, 68.11, 68.14, 68.14, 68.15, 68.15, 68.15, 68.15],