{"num_param": 2293770, "latency": {"mean": 0.0005942610277535435, "std": 2.647188520005639e-05}, "train_acc": [37.724, 45.946, 48.556, 50.282, 51.82, 53.242, 54.238, 54.88, 56.424, 56.6, 57.1, 57.832, 58.516, 59.164, 59.324, 59.89, 60.218, 61.096, 61.452, 61.6, 62.182, 62.278, 62.89, 63.138, 63.542, 63.914, 63.65, 64.152, 64.32, 64.852, 64.844, 65.056, 65.266, 65.87, 66.044, 66.082, 66.154, 66.496, 66.842, 66.732, 67.026, 67.478, 67.748, 67.738, 68.018, 68.258, 67.908, 68.262, 68.778, 68.66, 69.05, 69.044, 69.368, 69.026, 70.004, 70.004, 69.878, 70.182, 70.252, 70.782, 70.43, 70.808, 70.554, 71.072, 71.468, 71.39, 71.228, 71.442, 71.412, 71.974, 72.006, 72.172, 72.206, 72.246, 72.472, 72.522, 72.894, 72.842, 73.006, 72.97, 73.108, 73.138, 73.402, 73.81, 73.396, 73.944, 74.036, 74.08, 74.09, 74.542, 74.65, 74.51, 74.718, 74.796, 74.792, 75.048, 75.178, 75.174, 75.684, 75.652, 75.84, 75.882, 75.916, 76.012, 76.032, 76.334, 76.414, 76.248, 76.536, 76.586, 76.836, 77.096, 76.828, 77.002, 77.06, 77.138, 77.354, 77.268, 77.296, 77.658, 77.436, 77.926, 77.818, 78.144, 78.23, 78.206, 78.234, 78.396, 78.388, 78.542, 78.628, 78.706, 78.636, 78.918, 79.314, 79.126, 79.226, 79.272, 79.102, 79.466, 79.364, 79.398, 79.73, 79.876, 79.646, 79.718, 79.878, 79.772, 80.256, 80.03, 80.034, 80.1, 80.474, 80.334, 80.424, 80.368, 80.608, 80.432, 80.84, 80.564, 80.824, 80.87, 80.97, 80.846, 81.162, 80.962, 80.9, 80.78, 81.31, 81.04, 81.426, 81.014, 81.172, 81.228, 80.988, 81.452, 81.522, 81.508, 81.584, 81.498, 81.644, 81.32, 81.534, 81.51, 81.506, 81.51, 81.54, 81.322, 81.262, 81.476, 81.51, 81.784, 81.422, 81.744, 81.834, 81.358, 81.59, 81.594, 81.748, 81.534], "train_loss": [1.7336486057829414, 1.5116632676475412, 1.4391269461130836, 1.3838203640908517, 1.346949666338095, 1.308405689985723, 1.2816297463781927, 1.259063805743661, 1.2283465424868363, 1.2144795026980526, 1.1986552757936186, 1.179294789287423, 1.1670010896043295, 1.1508743126500667, 1.1409395107914833, 1.1248442171021142, 1.1142566143055415, 1.101310529391581, 1.090966913841965, 1.0782878893503225, 1.0682499219573467, 1.0602536838899723, 1.0515558318075886, 1.0449825275119726, 1.0353746400074706, 1.0223823828111454, 1.0223762421980167, 1.0072486366854978, 1.0079451651811142, 0.9981989132541917, 0.9919731558818353, 0.9858937870975648, 0.9807757119375853, 0.9679042344968897, 0.9617425475605619, 0.9577529041796102, 0.9541047184000546, 0.9455399010437693, 0.9403697122806017, 0.937777568820342, 0.9299198937812678, 0.9248642047208162, 0.9165888882110459, 0.9111688856085522, 0.9060492095128131, 0.8965529411440085, 0.9025137509890878, 0.8959024677998121, 0.884115609368375, 0.8878633129390783, 0.8796451101872071, 0.8740806364319069, 0.8636559439597798, 0.8683425826821964, 0.8529401573323319, 0.8537581731551592, 0.8501239095219266, 0.8429404443376581, 0.8386838663981957, 0.8347985278469434, 0.8400072160433747, 0.8262330202513296, 0.8284302888317743, 0.8226087696645326, 0.8145050444018742, 0.8093903496604048, 0.8092614405443481, 0.8021991619946327, 0.8008521391806965, 0.7988914582718661, 0.7902320181415848, 0.7889083528930533, 0.7862837092661354, 0.7838257268423922, 0.7789733790275918, 0.7741258967517662, 0.7689357651439296, 0.7669115338619901, 0.7596533281713133, 0.7630689714058652, 0.7600328162055098, 0.7533961471768427, 0.7538337203568551, 0.7445546714583041, 0.7451013647358309, 0.7412360634318698, 0.7346914718529389, 0.734444390083839, 0.7309602733918359, 0.722326535934145, 0.7197252276686621, 0.7211802977251076, 0.7195983943711163, 0.7134152021228085, 0.7082229248621642, 0.7066363342015772, 0.7030418895313698, 0.7027882591547755, 0.6941458179030904, 0.6887198926658106, 0.6868557681258641, 0.6873138494508356, 0.6844906792168578, 0.6770063186980789, 0.6767861792961909, 0.6717359331351248, 0.6697125235049296, 0.6652319818086831, 0.6649480618712845, 0.6614364864958912, 0.6604778187746279, 0.6525004887077492, 0.653038908942571, 0.6468328971627882, 0.647169428428853, 0.6464976822803665, 0.6438449301535856, 0.6393158058573326, 0.6406625758663478, 0.6318588101818099, 0.6339237071521299, 0.6274625036248166, 0.6243386032466163, 0.6203598344814144, 0.6171562312145837, 0.616101139290014, 0.6201034452830533, 0.6111515315150651, 0.6131993142538779, 0.6065042408341714, 0.6037069258404633, 0.6049459629042059, 0.6067728354373347, 0.5962861641545518, 0.5927059633546508, 0.5917839440907413, 0.588935999146121, 0.5877874921947737, 0.5863124304811541, 0.5844010891570393, 0.5855187959897541, 0.5811998944012157, 0.5735845782878074, 0.5706018763746272, 0.5730109126691397, 0.5716984315286138, 0.5705888277052003, 0.5714996377684257, 0.5585072665968082, 0.5684906494918727, 0.5677611598088356, 0.5651661571751629, 0.5546866298503625, 0.5567171050239205, 0.5558652736041612, 0.5540098814116177, 0.550455891773324, 0.5562482740413052, 0.5476170442497891, 0.5497855626270699, 0.5436143796469108, 0.5441859576872581, 0.5412828058328525, 0.5432478848341864, 0.540917387593273, 0.537757384485338, 0.5393139613662403, 0.5408741986797319, 0.5351252273745211, 0.5366710793853797, 0.5321873241483746, 0.5358089593764077, 0.5327178563395907, 0.5329484217588671, 0.5321333096127288, 0.528522229297605, 0.5260261496766133, 0.5283953153164205, 0.5247562046300427, 0.5247992169414661, 0.5209985888507682, 0.5279236586903885, 0.5225600447036178, 0.525566280698517, 0.5223617934867959, 0.5203568306647275, 0.5267172379994804, 0.5205826837609994, 0.529017684336511, 0.5221804462978646, 0.5213255947997992, 0.5201602213022729, 0.5255308821702034, 0.5181803487322304, 0.5195566145601901, 0.5251564132675328, 0.5234754193319164, 0.5204105973720398, 0.5188761489872207, 0.5232419502597853], "test_acc": [45.09, 49.11, 50.84, 53.84, 54.27, 55.65, 55.7, 58.16, 57.3, 57.92, 58.62, 59.36, 59.17, 59.91, 60.28, 60.21, 61.84, 61.4, 61.41, 62.21, 60.96, 62.44, 63.37, 62.89, 63.95, 63.51, 63.69, 64.38, 63.36, 63.92, 63.52, 64.3, 64.62, 65.09, 65.35, 65.18, 65.74, 65.92, 66.11, 65.38, 66.11, 66.21, 66.83, 66.53, 66.55, 66.64, 66.39, 66.22, 66.26, 67.85, 66.88, 67.45, 66.46, 67.35, 66.88, 67.32, 67.39, 67.54, 68.14, 67.33, 68.3, 67.45, 68.65, 67.68, 68.25, 68.01, 68.23, 68.0, 68.12, 68.64, 68.51, 68.53, 68.08, 67.42, 68.67, 68.74, 68.47, 68.81, 68.98, 69.4, 68.47, 68.65, 68.83, 69.04, 68.56, 68.54, 68.99, 69.33, 69.34, 68.6, 69.38, 69.12, 69.14, 69.37, 69.33, 69.29, 69.59, 69.68, 69.35, 69.18, 69.82, 69.85, 69.7, 69.81, 69.78, 69.18, 69.03, 69.34, 69.89, 69.45, 69.48, 69.87, 69.5, 69.28, 69.32, 69.72, 69.98, 69.85, 69.67, 69.89, 69.39, 70.18, 69.68, 69.61, 69.82, 70.32, 70.02, 70.13, 70.21, 70.43, 70.33, 70.14, 70.4, 70.16, 70.24, 70.16, 70.04, 70.04, 70.18, 69.95, 70.09, 70.08, 69.82, 70.53, 70.09, 70.09, 70.16, 70.21, 70.41, 70.56, 70.6, 70.22, 70.37, 70.49, 70.71, 70.74, 70.72, 70.98, 71.05, 70.91, 71.01, 70.94, 70.76, 70.63, 70.97, 70.65, 70.81, 70.9, 70.71, 70.79, 70.87, 70.47, 70.8, 70.85, 70.73, 70.68, 70.73, 70.66, 70.78, 70.71, 70.81, 70.69, 70.84, 70.89, 70.65, 70.81, 70.71, 70.69, 70.82, 70.91, 70.69, 70.75, 70.66, 70.85, 70.82, 70.85, 70.81, 70.82, 70.82, 70.82],