{"num_param": 2170890, "latency": {"mean": 0.0003950511114285015, "std": 0.00024372810063025486}, "train_acc": [36.632, 43.662, 46.414, 47.948, 49.588, 50.544, 51.592, 52.398, 53.366, 53.792, 54.248, 55.03, 55.704, 56.514, 56.48, 56.938, 57.806, 58.298, 58.682, 59.166, 59.224, 59.678, 60.246, 60.248, 60.812, 60.968, 61.27, 61.64, 61.632, 62.248, 62.568, 62.758, 63.006, 63.184, 63.534, 63.772, 63.994, 64.166, 64.224, 64.45, 64.892, 65.156, 65.37, 65.494, 65.648, 66.104, 66.292, 66.238, 66.486, 66.834, 67.054, 67.082, 67.478, 67.582, 67.972, 68.044, 67.96, 68.46, 68.646, 68.724, 68.824, 69.192, 68.692, 69.58, 69.566, 69.734, 69.786, 69.966, 70.256, 70.144, 70.49, 70.66, 70.854, 70.992, 70.982, 71.536, 71.618, 71.734, 71.586, 71.958, 72.004, 72.134, 72.532, 72.348, 72.522, 72.656, 72.916, 72.878, 73.102, 73.568, 73.596, 73.438, 73.74, 73.664, 74.138, 74.064, 74.442, 74.448, 74.632, 74.896, 74.708, 75.048, 74.994, 75.102, 75.352, 75.388, 75.17, 75.476, 75.814, 75.836, 76.212, 76.076, 76.238, 76.22, 76.424, 76.608, 76.744, 76.746, 76.92, 77.078, 76.992, 77.352, 77.35, 77.356, 77.612, 77.58, 77.682, 77.9, 78.022, 78.002, 78.114, 78.16, 77.938, 78.19, 78.522, 78.728, 78.62, 78.76, 78.86, 78.854, 79.136, 79.002, 79.252, 79.166, 79.422, 79.406, 79.472, 79.3, 79.446, 79.406, 79.636, 79.714, 79.756, 80.074, 80.178, 80.168, 80.046, 80.038, 80.088, 80.412, 80.104, 80.43, 80.692, 80.278, 80.6, 80.568, 80.58, 80.482, 80.674, 80.418, 80.774, 80.816, 80.804, 80.76, 80.794, 80.928, 80.826, 80.728, 80.854, 81.204, 80.886, 80.998, 81.138, 81.128, 81.122, 80.87, 81.052, 80.94, 80.872, 81.242, 81.184, 81.104, 80.982, 81.366, 81.038, 81.19, 81.174, 81.51, 81.148, 81.078], "train_loss": [1.7796619459366996, 1.5716885586083889, 1.50052891869005, 1.4485023516687308, 1.410935480016512, 1.3789476216487677, 1.35447429573391, 1.332960503992177, 1.3080462714989676, 1.2864548592558291, 1.271471113786435, 1.2547621854741224, 1.2432908642696252, 1.2261099594186988, 1.2126483930964844, 1.1995559546402914, 1.1856858455364474, 1.172873001486082, 1.1620248056190257, 1.1477083031443245, 1.1441499505070487, 1.129204674477922, 1.122705239595241, 1.1166733136103844, 1.101269251287403, 1.0925535787700158, 1.0893196680953086, 1.0775961425353224, 1.0717516224581083, 1.063715367594058, 1.055525514840012, 1.0509574824392376, 1.0435339519783844, 1.0346675091497577, 1.0274902400647077, 1.0198673182622942, 1.018009178221264, 1.0109802194306734, 1.0018216976735048, 0.9993269615309099, 0.9886735958963041, 0.9813404823066482, 0.9729083135809871, 0.9673432537896162, 0.9654736566337652, 0.9549827972094523, 0.9538989133813484, 0.9496291607561129, 0.9408346998600036, 0.9378146961455306, 0.9325251042156439, 0.9256879048933223, 0.9145541246015142, 0.9150834263553241, 0.9020822904503506, 0.9017674102854897, 0.8987287174259633, 0.8913721598384476, 0.8826615926133312, 0.884570985040982, 0.8815014218757797, 0.873688717073, 0.8734182840116651, 0.8619124081488687, 0.8564445543998491, 0.8538145192410804, 0.8523866501627866, 0.8438053502726844, 0.8403436412280443, 0.8395175050636628, 0.8307979955211025, 0.8299000275989259, 0.8251067040367761, 0.819639043726375, 0.8176594946297483, 0.806846623323853, 0.8039479012567113, 0.7975999158083135, 0.7976488060510395, 0.791607751231581, 0.7916114882483211, 0.7856023704212443, 0.7802728321677359, 0.7786503176390172, 0.7718862396207896, 0.772322709275909, 0.7591613110295489, 0.7633904109608265, 0.75771230832934, 0.7468669215552104, 0.7479146047520927, 0.7470453347407773, 0.7425753528768255, 0.7396060751556817, 0.7309465373241207, 0.7305026327045926, 0.7259687304458631, 0.7192460620204989, 0.7158650712980648, 0.7130780103530018, 0.7158650783148623, 0.7068455816459289, 0.7094507299969003, 0.7029336918948632, 0.6995938611827596, 0.6975036174516531, 0.6944215096824076, 0.6926194877767136, 0.6826690183910741, 0.6836712638193876, 0.6751694350729215, 0.6727770226396815, 0.6717104504048176, 0.6725450996416773, 0.6649350483049129, 0.662815952369668, 0.6591199846391257, 0.6540937153711887, 0.6535015146814701, 0.6518409500424097, 0.6468532556192431, 0.6423548875961712, 0.63999287963333, 0.637799248938292, 0.6341151341614781, 0.631343169284416, 0.6303769723295937, 0.6291457346365837, 0.6230169909166664, 0.6235301494979736, 0.6177509799742653, 0.6171258974651153, 0.6199089389959361, 0.6152574110511626, 0.6038283005270986, 0.6013017707597882, 0.60545412845247, 0.6034184872188861, 0.5984187024911855, 0.5943458169241098, 0.5924437236057515, 0.5966512704755508, 0.5884526200254072, 0.5862883340164552, 0.5863050991575152, 0.582489203840437, 0.5812911724222446, 0.5832349517962448, 0.5798830871237293, 0.5821678463133649, 0.5773548151790067, 0.5741402649070998, 0.5730724641225007, 0.5644774197368994, 0.5653993740954311, 0.5611645390189617, 0.5657491329592615, 0.5661012166807152, 0.5659715849679781, 0.5577745414455197, 0.559536489123575, 0.5522966903901909, 0.5504415783642654, 0.5535905173361797, 0.5500978417051045, 0.5474342280714007, 0.5457619118884978, 0.5535271040671007, 0.5477198778400799, 0.5513580442666626, 0.5431699668148429, 0.544624000883072, 0.5447737685454174, 0.5433468473258876, 0.5440398973680352, 0.5406231492548056, 0.5410601342632003, 0.5428545742712185, 0.5401808896738981, 0.5362446441130995, 0.5390220199230765, 0.536286053887103, 0.5390431710297834, 0.5400128820464158, 0.5361136040261214, 0.5413345107314149, 0.5388394148492386, 0.5351713465446856, 0.5388008624277127, 0.5348575241954298, 0.5315108605096223, 0.5353915048804866, 0.5382162990645575, 0.530807403860684, 0.5382210791721149, 0.5322012561811367, 0.5338158395262917, 0.5301695225125158, 0.5335930260905302, 0.5334953668355102], "test_acc": [43.88, 46.31, 48.21, 49.5, 50.9, 51.45, 53.19, 54.2, 53.96, 54.9, 55.19, 56.24, 56.08, 56.65, 57.08, 57.58, 57.91, 58.84, 57.75, 58.54, 57.12, 58.74, 60.04, 58.92, 60.67, 59.31, 60.63, 61.13, 60.4, 60.38, 60.51, 60.58, 61.52, 62.4, 62.29, 62.31, 62.28, 62.66, 62.01, 62.36, 62.86, 63.02, 63.26, 63.55, 62.73, 62.66, 62.88, 63.69, 63.66, 63.78, 63.68, 63.57, 63.47, 64.38, 63.89, 64.6, 64.46, 64.86, 65.23, 64.69, 65.28, 64.56, 65.04, 64.25, 64.97, 65.41, 65.14, 65.12, 64.27, 64.47, 65.5, 65.66, 65.8, 65.4, 65.56, 66.03, 65.79, 65.87, 66.24, 66.06, 66.15, 66.25, 65.31, 66.16, 66.53, 65.61, 65.46, 66.33, 66.06, 65.63, 66.89, 66.37, 66.57, 67.15, 66.46, 65.73, 66.56, 66.71, 66.42, 66.68, 66.21, 66.68, 67.39, 66.89, 66.83, 66.76, 66.38, 66.7, 66.89, 67.05, 67.38, 66.69, 66.51, 67.13, 66.03, 67.31, 67.1, 66.83, 66.75, 66.76, 67.14, 67.16, 66.97, 66.78, 67.13, 66.91, 67.2, 67.41, 67.34, 67.43, 67.54, 67.53, 66.78, 67.0, 67.54, 67.13, 67.14, 67.44, 67.44, 67.32, 67.41, 67.31, 67.18, 67.49, 67.37, 67.55, 67.42, 67.75, 67.56, 67.63, 67.74, 67.61, 67.71, 67.64, 67.43, 67.69, 67.88, 67.76, 67.83, 68.02, 67.84, 67.7, 67.74, 67.89, 67.73, 67.55, 67.65, 67.75, 67.55, 67.75, 67.83, 67.94, 67.69, 67.65, 67.64, 67.76, 67.51, 67.68, 67.74, 67.69, 67.75, 67.78, 67.63, 67.71, 67.69, 67.65, 67.78, 67.7, 67.88, 67.84, 67.82, 67.79, 67.74, 67.71, 67.76, 67.75, 67.78, 67.79, 67.79, 67.8],