{"num_param": 573450, "latency": {"mean": 0.00027980553837249073, "std": 0.00016854217966209004}, "train_acc": [36.776, 44.308, 47.34, 49.396, 51.106, 51.934, 53.17, 53.472, 54.588, 55.228, 55.79, 56.262, 56.646, 57.42, 57.42, 57.974, 58.52, 58.73, 58.892, 59.692, 59.688, 59.648, 59.98, 60.11, 60.516, 60.732, 60.986, 61.016, 61.106, 61.204, 61.658, 61.714, 61.988, 62.058, 62.366, 62.386, 62.36, 62.564, 62.656, 62.76, 63.058, 63.564, 63.444, 63.408, 63.602, 63.706, 63.652, 63.724, 64.034, 64.238, 64.282, 64.066, 64.52, 64.33, 64.718, 64.66, 64.948, 65.036, 65.232, 65.23, 65.204, 65.584, 65.42, 65.528, 65.546, 65.484, 65.722, 65.754, 66.062, 65.868, 66.086, 65.946, 66.114, 66.418, 66.368, 66.366, 66.574, 66.72, 66.766, 66.856, 66.958, 66.836, 66.946, 67.0, 67.236, 67.116, 67.392, 67.338, 67.564, 67.426, 67.506, 67.852, 67.832, 67.786, 68.276, 67.936, 68.104, 68.35, 68.006, 68.35, 68.654, 68.294, 68.262, 68.41, 68.564, 68.626, 68.538, 68.634, 68.886, 68.81, 68.902, 69.388, 68.992, 68.978, 69.276, 69.194, 69.338, 69.176, 69.298, 69.39, 69.718, 69.316, 69.848, 69.634, 69.936, 69.936, 70.042, 69.85, 69.982, 69.992, 70.146, 69.956, 69.946, 70.33, 70.324, 70.306, 70.442, 70.586, 70.454, 70.452, 70.908, 70.594, 70.69, 70.56, 70.92, 70.68, 71.058, 70.792, 70.854, 70.798, 71.092, 70.986, 71.062, 71.126, 71.31, 71.256, 71.166, 71.142, 71.262, 71.45, 71.248, 71.252, 71.552, 71.672, 71.688, 71.508, 71.286, 71.58, 71.788, 71.654, 71.89, 71.704, 71.65, 71.598, 71.55, 71.91, 71.984, 71.698, 71.842, 71.784, 71.8, 71.81, 72.002, 71.734, 71.996, 71.812, 72.136, 71.828, 71.846, 71.862, 72.058, 71.96, 71.808, 72.238, 72.198, 71.89, 71.878, 71.916, 72.358, 71.912], "train_loss": [1.7816989434047608, 1.5689681954896382, 1.4895398756745375, 1.4276325304540243, 1.3901078987792754, 1.3543208490482752, 1.3280750261387304, 1.310114365125877, 1.2863972693471977, 1.2691402791100135, 1.254026643297875, 1.2380764353603257, 1.2301378431643573, 1.2156105451834027, 1.2037327616014926, 1.19192665716203, 1.1826339867812123, 1.1705742783448823, 1.161552186585815, 1.1513604216673248, 1.1461449673903423, 1.1416323758132627, 1.1322673329236181, 1.1312644427507563, 1.1192412124332982, 1.1142087207340843, 1.1091271180108961, 1.1030209393586703, 1.1051489416788727, 1.0994395526723075, 1.0902071846500088, 1.089360770989288, 1.0829016282553865, 1.0811500964413372, 1.0718653550990025, 1.0684662475581361, 1.0699063248155365, 1.0575275388728025, 1.0573304428630201, 1.0556911625926189, 1.0519746185798182, 1.0412952236387871, 1.0416375165632423, 1.040905645144573, 1.0344134880157136, 1.0322977874573422, 1.0288722501759031, 1.0298479533088718, 1.0211566030330865, 1.0222536459879774, 1.0223651896358985, 1.0154951005811808, 1.009390771408075, 1.0169237299905094, 1.0060200157527044, 1.0005370859183034, 1.001449139775638, 0.9970497993689199, 0.9925027533898503, 0.9930434086653794, 0.9902791691871309, 0.9866575112879772, 0.9846343341464044, 0.9833812090500913, 0.9775641896140477, 0.9752816188548974, 0.9769353055831949, 0.9724579799350682, 0.9714492340920754, 0.9676248547516797, 0.9657328267243911, 0.9670335313523342, 0.9602615123022388, 0.9588270163925047, 0.9569043436076347, 0.9577252024919347, 0.9485467546503283, 0.9527123111680922, 0.9492199929646781, 0.9481594933963173, 0.9456562921547844, 0.9418923847200927, 0.9414190229169085, 0.9399538428754435, 0.9374334359695267, 0.9338100316886023, 0.928390730613329, 0.9300781210797457, 0.9258785075052228, 0.9264250316836479, 0.9231307411796377, 0.9196414384068545, 0.9175665196667706, 0.9198640206267418, 0.9125190490305004, 0.9144925184342927, 0.9114818427704575, 0.9105015016677512, 0.9099894829156379, 0.9043535101093395, 0.9070999009519224, 0.9043569589225589, 0.9043568806509443, 0.8998005471012948, 0.9000076316940578, 0.8964731657611813, 0.893704686688065, 0.8936986107515054, 0.8879516558508345, 0.8896988293183438, 0.8867203250613185, 0.8777388668144199, 0.8847856217672332, 0.8849211869640985, 0.8772150880811463, 0.8808415626305003, 0.8768868967080375, 0.8760590489598626, 0.8805241264064421, 0.8746137685373053, 0.8695730261137603, 0.8732308803730414, 0.8668720770248296, 0.8639484138078439, 0.8603299639580422, 0.8592671535561196, 0.8603745607405386, 0.861785019408871, 0.85865079429923, 0.8612167517763639, 0.8561743795109039, 0.8591443914407656, 0.8549431812206446, 0.8531323836655168, 0.8441316992216056, 0.84938727144774, 0.8437122504679118, 0.8467821839789282, 0.845812609789849, 0.8406545197971341, 0.8360282915834426, 0.8388176869865571, 0.8403855561638062, 0.8408851180218461, 0.8368931391722715, 0.8384211593839654, 0.831694359418603, 0.8357677576218517, 0.8307824686636776, 0.8320912377848049, 0.8342810545834073, 0.8324727871749009, 0.8329388902153789, 0.8255587160034357, 0.82639583466683, 0.8232766694734284, 0.8222342170131413, 0.8231345211666361, 0.824860079312889, 0.8200309905041813, 0.8232626808963368, 0.8149143562283336, 0.8161080627966141, 0.8124687109173526, 0.8134623016787887, 0.8162153451509836, 0.820573102013087, 0.8122485104235638, 0.8117596567134711, 0.8132485244530405, 0.8101585485465391, 0.8083084261501285, 0.812163845324318, 0.8112147009418473, 0.8142631354807892, 0.8086257330401159, 0.8094631614817768, 0.8092570766110643, 0.8060301302033056, 0.8085237513996437, 0.8079373283944523, 0.8071565948383822, 0.8037299836818331, 0.8085966676149472, 0.8010432230152538, 0.8067174521075253, 0.8042650371313248, 0.8062392459492308, 0.8060842050204884, 0.8042696027022024, 0.8004613093130877, 0.8092989695811988, 0.809282897663513, 0.8004039723047139, 0.8051168715351298, 0.8056804700036577, 0.8034434667094273, 0.8016081634081866, 0.7983610471776107, 0.8053337186670273], "test_acc": [43.44, 46.13, 48.55, 50.13, 51.09, 51.92, 52.86, 54.6, 53.39, 53.27, 53.5, 55.38, 55.4, 56.78, 56.5, 56.54, 56.6, 57.42, 56.64, 56.47, 56.6, 57.55, 58.49, 58.14, 58.11, 56.46, 58.45, 58.36, 58.83, 58.63, 58.82, 59.13, 60.31, 60.02, 59.74, 59.86, 59.37, 60.44, 60.15, 60.98, 60.22, 60.94, 61.37, 60.81, 59.93, 59.92, 60.9, 60.8, 60.7, 60.4, 61.24, 61.52, 60.58, 61.25, 62.19, 61.91, 61.98, 61.26, 62.68, 61.74, 62.55, 62.15, 62.01, 62.73, 61.84, 62.5, 61.27, 62.1, 62.36, 62.64, 62.22, 62.66, 62.19, 62.77, 63.35, 63.01, 63.03, 62.75, 63.37, 62.5, 62.4, 62.24, 62.94, 62.87, 62.87, 62.82, 62.61, 62.89, 63.12, 62.82, 63.12, 62.89, 62.95, 63.45, 63.61, 63.03, 63.73, 63.62, 63.43, 62.97, 63.88, 63.59, 63.15, 64.02, 63.52, 63.86, 63.62, 63.85, 63.19, 63.56, 63.87, 64.24, 63.93, 64.13, 63.42, 64.29, 63.96, 64.25, 64.1, 63.74, 63.97, 63.9, 64.57, 64.18, 63.94, 64.31, 64.58, 64.64, 64.13, 64.33, 64.58, 64.4, 64.42, 64.64, 65.23, 64.75, 64.51, 65.19, 64.73, 64.8, 64.81, 64.39, 64.49, 64.14, 64.5, 64.44, 64.78, 64.65, 65.11, 64.79, 64.89, 64.75, 65.13, 65.15, 64.82, 65.03, 65.26, 65.05, 65.07, 65.23, 65.12, 64.92, 65.0, 65.14, 64.88, 65.04, 64.92, 65.21, 65.1, 65.08, 65.02, 65.01, 65.08, 65.2, 65.1, 65.18, 65.31, 65.15, 65.31, 65.25, 65.29, 65.21, 65.23, 65.35, 65.19, 65.22, 65.29, 65.26, 65.28, 65.28, 65.22, 65.27, 65.3, 65.35, 65.31, 65.26, 65.26, 65.25, 65.25, 65.25],