{"num_param": 872458, "latency": {"mean": 0.0005129520504619367, "std": 0.00032331616816388904}, "train_acc": [36.158, 43.68, 46.588, 48.432, 49.748, 50.664, 51.906, 52.57, 53.722, 53.892, 54.284, 55.104, 55.578, 55.892, 56.482, 56.74, 57.474, 58.134, 58.456, 58.592, 58.934, 59.062, 59.65, 59.692, 60.254, 60.572, 60.496, 60.998, 60.998, 61.498, 61.738, 62.124, 62.016, 62.344, 62.62, 62.73, 62.928, 63.074, 63.154, 63.636, 63.548, 63.702, 64.126, 64.356, 64.614, 64.51, 64.62, 64.848, 65.118, 65.098, 65.432, 65.422, 65.936, 65.806, 66.05, 66.07, 66.258, 66.596, 66.714, 66.67, 66.762, 67.04, 67.102, 67.172, 67.228, 67.68, 67.526, 67.736, 68.144, 67.954, 67.878, 68.024, 68.338, 68.278, 68.626, 68.466, 68.968, 68.928, 68.988, 68.994, 69.282, 69.194, 69.546, 69.478, 69.92, 69.816, 69.906, 70.108, 69.928, 70.204, 70.498, 70.23, 70.45, 70.508, 70.672, 70.946, 71.016, 70.894, 71.066, 71.12, 71.226, 71.474, 71.574, 71.574, 71.768, 71.684, 71.748, 71.616, 72.084, 72.104, 72.396, 72.534, 72.35, 72.458, 72.62, 72.26, 72.618, 72.938, 72.834, 72.79, 72.736, 73.222, 73.332, 73.21, 73.504, 73.202, 73.068, 73.418, 73.568, 73.512, 73.834, 73.752, 73.53, 73.684, 74.064, 74.0, 73.754, 74.166, 74.028, 74.068, 74.362, 74.026, 74.422, 74.438, 74.72, 74.484, 74.866, 74.524, 74.802, 74.644, 74.67, 74.83, 75.01, 75.002, 74.904, 75.246, 75.238, 75.008, 75.128, 75.292, 75.344, 75.454, 75.306, 75.294, 75.248, 75.736, 75.73, 75.27, 75.26, 75.566, 75.536, 75.744, 75.608, 75.608, 75.64, 75.68, 75.902, 75.69, 75.888, 76.038, 75.822, 75.596, 76.008, 75.65, 75.768, 75.662, 75.768, 75.464, 75.862, 75.586, 75.54, 76.054, 75.796, 75.906, 75.74, 75.932, 75.982, 76.09, 76.16, 75.668], "train_loss": [1.7810156927304015, 1.5663258783419165, 1.4926789600118489, 1.4406972836776948, 1.4055925476879014, 1.3749156909650972, 1.347191293233492, 1.3255124470780313, 1.2996224674443289, 1.2859311931726647, 1.267263787912392, 1.2532232501380198, 1.2451047525906211, 1.2275617959708338, 1.2133123567298065, 1.2052780264322376, 1.1921979269002083, 1.1824422052710466, 1.1692000131003002, 1.158616953832708, 1.15334576600954, 1.1456964925093598, 1.1369404210849061, 1.1317974309164671, 1.121635152774214, 1.106229167448277, 1.1062843608154522, 1.0954741039149516, 1.095069582158758, 1.0886870124976145, 1.0784916576672576, 1.0709488823180464, 1.0696608226076578, 1.0639597733891781, 1.056426973657126, 1.047519949370291, 1.0440139355792193, 1.0413205068765812, 1.0344727965821383, 1.033506256261851, 1.028462207763529, 1.0217182684692143, 1.0132872610044876, 1.0080604519854732, 1.0010561760007306, 0.993809551439145, 0.9966731291509788, 0.9929399098521688, 0.983951838254471, 0.984392656970314, 0.9751844699193634, 0.9739707766514288, 0.9615236728029685, 0.9665743983943571, 0.9560204638705677, 0.9538108197375131, 0.9520747822137956, 0.9445249672051965, 0.9415470376010133, 0.940933472764698, 0.9385916097417369, 0.9300844785081066, 0.9296898676734358, 0.9258829083529635, 0.9216988162397957, 0.9164748464497098, 0.915305286684024, 0.9111213896874045, 0.9060793392412646, 0.9041201978712149, 0.9037878637846204, 0.8979981374984664, 0.8937514570570877, 0.8941371899458055, 0.8911424852759885, 0.8857970042863261, 0.8776212306222471, 0.8765728214156223, 0.8732874394035156, 0.872882499289833, 0.8683568427788472, 0.8669365779452041, 0.8609061097000473, 0.861093824003571, 0.851760469868026, 0.8516995734651349, 0.8473025630165657, 0.848193786766616, 0.8431498857926498, 0.8427255840081858, 0.8352392654882664, 0.8390126325194834, 0.8355409302775553, 0.8363719942168555, 0.8320365947214213, 0.826794100757295, 0.8194292181398498, 0.8196849627557353, 0.8150517166194745, 0.8146960553799542, 0.815225916170418, 0.8116289250033069, 0.8072952889072842, 0.8016692650905421, 0.8005534594667622, 0.7988349876377877, 0.7973789198804344, 0.7926063394973618, 0.792343000075181, 0.7895379594443169, 0.7847308153459375, 0.7822031573424031, 0.7810296435540712, 0.7780146280390592, 0.7753604977884433, 0.7808945142566891, 0.7730643473713351, 0.769619466781006, 0.7698505732468589, 0.7667780865558202, 0.7708251586115978, 0.763285741639, 0.75624151361042, 0.7593038024920649, 0.7523165403442816, 0.7574434388698253, 0.7592085244864588, 0.751200752405501, 0.7496998439175306, 0.7467604892820559, 0.7410012943692796, 0.745285039804566, 0.7447760541585494, 0.7390345365323856, 0.733582883558438, 0.7384383568226796, 0.7353850142244948, 0.7329376755581403, 0.7371267728407415, 0.7290516626125563, 0.7302227434597943, 0.7316032763825573, 0.726521994372781, 0.7251659383471777, 0.7230216816058161, 0.718162447757547, 0.7179624819919533, 0.7207810199382743, 0.7142328176544938, 0.7174660640787178, 0.7207281970093057, 0.7124876252310595, 0.7116786373096327, 0.7066830742343907, 0.7138308419566541, 0.7037084151061772, 0.70325331477614, 0.7046877119835568, 0.7088678077635518, 0.7020931199660152, 0.6994316029056706, 0.6965460997987694, 0.6977930210163711, 0.6961097598876697, 0.7004937393994798, 0.6939101419003438, 0.692526126396023, 0.6995405422253099, 0.6978999266278187, 0.6927404028917076, 0.6943785659182323, 0.688772367252727, 0.6915663647979632, 0.6909542941772548, 0.6888199806194312, 0.6911306929889582, 0.6877818986039397, 0.6902326167068341, 0.6869732494146032, 0.6836087042829277, 0.6817325636296415, 0.6895858055970948, 0.6847462703402959, 0.6887673010581286, 0.6849014321848588, 0.6888070111749879, 0.6870635772220461, 0.687627390436995, 0.6838729991050233, 0.6863165571189278, 0.6929704976230574, 0.6822446018018863, 0.6845040999195626, 0.684845657205246, 0.6874343845433176, 0.6802402547324078, 0.6818699920246102, 0.6774238047886566, 0.6805738850579534, 0.6859002761061346], "test_acc": [43.71, 47.25, 49.21, 50.68, 52.28, 52.8, 54.27, 54.84, 55.57, 55.89, 55.27, 57.12, 56.86, 57.6, 57.18, 57.85, 59.22, 58.74, 59.19, 59.14, 58.09, 59.73, 60.66, 60.67, 60.96, 59.69, 61.07, 61.7, 61.01, 60.42, 61.16, 61.01, 61.77, 62.44, 62.11, 62.63, 62.01, 62.95, 62.62, 62.63, 63.04, 63.02, 63.36, 63.59, 63.36, 62.56, 63.59, 63.26, 63.85, 63.69, 63.74, 64.77, 64.3, 64.68, 63.34, 64.6, 64.19, 64.65, 64.43, 64.87, 64.96, 64.38, 64.85, 65.51, 64.8, 65.89, 65.29, 64.71, 64.44, 64.86, 65.59, 65.97, 65.69, 64.6, 65.63, 66.32, 65.6, 66.1, 66.18, 66.62, 65.75, 65.93, 65.9, 66.44, 66.35, 66.51, 65.98, 66.65, 66.47, 65.96, 66.72, 66.95, 66.73, 67.19, 66.59, 66.76, 67.02, 66.87, 66.8, 66.99, 67.09, 67.21, 67.11, 67.35, 67.09, 67.22, 67.16, 67.41, 67.2, 66.94, 66.7, 66.64, 67.46, 67.31, 67.13, 67.82, 67.41, 67.79, 66.92, 67.45, 67.37, 67.57, 67.67, 67.76, 68.35, 67.72, 67.98, 68.09, 67.83, 67.9, 68.26, 67.82, 67.89, 67.93, 67.88, 68.2, 67.81, 68.26, 67.97, 68.29, 68.08, 67.99, 68.2, 68.23, 68.08, 68.41, 68.16, 68.51, 68.37, 68.19, 68.72, 68.47, 68.37, 68.14, 68.5, 68.24, 68.44, 68.52, 68.25, 68.6, 68.3, 67.98, 68.1, 68.08, 68.24, 67.88, 68.13, 68.3, 68.31, 68.36, 68.38, 68.38, 68.44, 68.6, 68.4, 68.25, 68.36, 68.4, 68.25, 68.35, 68.49, 68.26, 68.29, 68.17, 68.18, 68.27, 68.33, 68.27, 68.27, 68.3, 68.32, 68.36, 68.35, 68.36, 68.37, 68.34, 68.34, 68.35, 68.35, 68.35],