{"num_param": 3305482, "latency": {"mean": 0.0005344846568549403, "std": 8.565249768570181e-05}, "train_acc": [37.28, 45.484, 47.924, 49.808, 51.286, 52.678, 53.866, 54.562, 55.654, 56.354, 56.484, 57.51, 58.07, 58.66, 59.018, 59.622, 60.27, 60.738, 61.39, 61.71, 61.928, 62.2, 63.0, 62.786, 63.346, 63.602, 64.072, 64.336, 64.528, 64.79, 64.948, 65.53, 65.564, 65.852, 66.242, 66.214, 66.494, 66.786, 67.298, 67.06, 67.562, 67.716, 67.962, 68.106, 68.514, 68.394, 68.796, 68.992, 69.25, 69.438, 69.376, 69.678, 70.042, 70.19, 70.364, 70.646, 70.612, 70.934, 71.184, 71.268, 71.16, 71.654, 71.416, 71.624, 72.212, 72.148, 72.272, 72.588, 72.804, 72.696, 72.98, 73.122, 73.242, 73.426, 73.742, 73.894, 73.846, 74.226, 73.804, 74.36, 74.44, 74.658, 74.614, 74.67, 74.928, 75.114, 75.36, 75.418, 75.622, 75.722, 75.77, 75.926, 76.268, 76.24, 76.436, 76.528, 76.578, 76.956, 76.814, 77.25, 77.224, 77.316, 77.626, 77.454, 77.77, 77.546, 77.894, 77.99, 78.236, 78.832, 78.598, 78.672, 78.726, 78.778, 79.042, 78.954, 79.178, 79.05, 79.242, 79.288, 79.496, 79.744, 80.004, 79.768, 79.882, 80.154, 80.082, 80.282, 80.65, 80.312, 80.694, 80.716, 80.736, 80.906, 81.006, 81.252, 81.338, 81.378, 81.468, 81.488, 81.376, 81.484, 81.882, 81.764, 81.71, 81.954, 82.15, 82.088, 82.364, 82.238, 82.208, 82.37, 82.462, 82.668, 82.592, 82.652, 82.918, 82.91, 83.006, 83.04, 83.154, 82.892, 83.274, 83.302, 83.426, 83.19, 83.302, 83.322, 83.344, 83.502, 83.66, 83.496, 83.574, 83.722, 83.544, 83.76, 83.73, 83.752, 83.934, 83.73, 83.834, 83.678, 83.724, 83.848, 83.942, 83.666, 84.012, 83.666, 83.752, 84.058, 83.858, 83.926, 83.718, 83.97, 83.982, 83.91, 83.852, 83.988, 84.222, 84.098], "train_loss": [1.7440840239259423, 1.5240903732033777, 1.4508499850162084, 1.3939674707535972, 1.3541880728949818, 1.319583196138161, 1.2932678772254549, 1.2694132861157525, 1.2418452775104643, 1.2236538124023457, 1.2079375791610698, 1.1849924199335558, 1.175145442105987, 1.1589050075028542, 1.1459283789456538, 1.1291388891022403, 1.1153444731685493, 1.1033203711665294, 1.0898345369447597, 1.078864255835441, 1.0699961661758595, 1.0629837346321027, 1.0500537466713045, 1.0459735708517366, 1.0348696214452586, 1.0226353182864356, 1.0159627565838782, 1.0055657620812866, 1.0045953855557237, 0.9949613661050644, 0.9816684414390106, 0.9765395128757467, 0.971605808095755, 0.9651626332860228, 0.9554967811034417, 0.9470791559683079, 0.9441263461944314, 0.9368131393167505, 0.9253326806210587, 0.9259233758644805, 0.9169563825170123, 0.9102555664204971, 0.9067493475787699, 0.8981535265976546, 0.8917761181724888, 0.8846260571586575, 0.8837454169893295, 0.8779368889461476, 0.8682539049852985, 0.8663063216537371, 0.8629550865767327, 0.8521912858528886, 0.844172665688447, 0.8431545809073396, 0.8368162017027232, 0.8300780862550742, 0.8297522261748311, 0.8240410306288962, 0.818317469864874, 0.8159493952703567, 0.8141125048953451, 0.8062729911589119, 0.804956315708557, 0.799748538952185, 0.7902423585178145, 0.7876528830804355, 0.7815169774410592, 0.7745569930081175, 0.7708726802546476, 0.7694391460275315, 0.7649049422943813, 0.7596358647730895, 0.7561273720122573, 0.7521322677132417, 0.7492948642771593, 0.7381621669746712, 0.7387201565622292, 0.7308707574164341, 0.7320216205245169, 0.7271406976023471, 0.7226224632234202, 0.7189585849862028, 0.7181454612918183, 0.7120797276420617, 0.7052465602135857, 0.7053713977375018, 0.6951211756494513, 0.6949979713995794, 0.6892045132639465, 0.6855172512246033, 0.6819365484090624, 0.6821759684453466, 0.6744957957047343, 0.6739636718731085, 0.6643284870620271, 0.6641281017567664, 0.661028597472916, 0.655885253313712, 0.6535952053940304, 0.6439199806480017, 0.6426236925316559, 0.642784397636784, 0.6370362537226003, 0.6357522781602252, 0.6318117268884021, 0.6261803879332862, 0.6221296216384463, 0.6229504934695006, 0.6168900495984961, 0.6115568976179576, 0.6107901312072386, 0.605139234902305, 0.603954699050137, 0.5980433325258799, 0.5940688683562605, 0.5964002691814706, 0.5935568676228258, 0.5884804135416077, 0.5870101838369669, 0.585747356177978, 0.5783517722014198, 0.5741068036012442, 0.56864043216025, 0.5695835551245809, 0.568524105601866, 0.5606295126642238, 0.5606000283476792, 0.5583523155040491, 0.5521929932666451, 0.5550523376758482, 0.5459950051663094, 0.5463161376934744, 0.5443640529003497, 0.5449248309213232, 0.5389047935462044, 0.5316383083299117, 0.5297976673526483, 0.5312512229725251, 0.5252100398867693, 0.5212673440299123, 0.5254071283411004, 0.5231398069803256, 0.5157505711987471, 0.5154272939101748, 0.5171290623573485, 0.50632625590874, 0.5089180425848628, 0.5066641223445888, 0.5017111926069644, 0.5066288650722284, 0.5115433687478856, 0.5010637812082842, 0.4960249498801131, 0.4919762443786848, 0.491939543605194, 0.4913911635839093, 0.4887719411195583, 0.4887157987305085, 0.48355791398865705, 0.48399092121644427, 0.479839748761933, 0.481315926951967, 0.4776454879422639, 0.4757656174320406, 0.47626917261537344, 0.4780392928986845, 0.47273725320800175, 0.47817212614926174, 0.47331739282348717, 0.4732789488143442, 0.46860144139098875, 0.4693791609321812, 0.4684287549132959, 0.4663709059824794, 0.4669576502206687, 0.4601327596150067, 0.46434205050222094, 0.46722317253425955, 0.4579995660848978, 0.46339131047042303, 0.45781331349662385, 0.46262223217743603, 0.4615259634966051, 0.45708598260858924, 0.4570198773870618, 0.4650411755513931, 0.45725965251048556, 0.45914285632847823, 0.45887163296694644, 0.4558777096642566, 0.4606458764101402, 0.4554510548310408, 0.45894422098012283, 0.4560124532093776, 0.4580446522556584, 0.4581455052976264, 0.4574939971616919, 0.455427924167515, 0.4535423017328013, 0.4543935050824401], "test_acc": [44.85, 48.79, 51.33, 52.17, 53.8, 53.91, 56.01, 57.1, 56.81, 58.35, 57.38, 59.12, 59.36, 60.2, 60.67, 60.83, 61.63, 61.53, 60.97, 62.31, 61.39, 62.05, 63.01, 62.89, 63.52, 62.24, 63.95, 64.39, 63.45, 64.22, 62.73, 64.59, 64.63, 65.89, 65.27, 65.2, 64.63, 65.77, 65.56, 65.07, 65.96, 65.96, 66.29, 66.23, 66.56, 66.04, 66.71, 66.68, 66.59, 66.93, 67.21, 66.58, 66.9, 67.32, 66.45, 67.3, 67.49, 67.62, 68.19, 67.4, 68.62, 67.42, 68.18, 67.79, 67.84, 68.13, 67.97, 67.74, 67.52, 67.97, 68.62, 69.08, 68.34, 67.94, 68.16, 68.79, 68.64, 68.97, 68.34, 69.05, 69.2, 68.28, 68.75, 69.19, 68.81, 69.31, 68.82, 69.3, 69.49, 69.15, 69.54, 69.44, 69.8, 69.05, 69.67, 69.1, 69.49, 69.7, 69.74, 69.44, 69.38, 69.95, 69.88, 70.05, 69.78, 69.85, 69.41, 69.47, 69.72, 69.76, 69.22, 69.53, 69.96, 69.79, 69.68, 70.19, 70.25, 69.56, 69.89, 70.09, 70.11, 69.94, 70.08, 68.99, 69.96, 69.95, 70.24, 69.87, 69.98, 70.48, 70.23, 69.92, 69.78, 69.74, 70.46, 70.47, 70.0, 70.37, 70.52, 70.09, 70.3, 70.35, 69.78, 70.19, 70.02, 69.93, 70.25, 70.39, 70.45, 70.33, 70.44, 70.46, 70.51, 70.58, 70.62, 70.82, 71.01, 70.6, 70.55, 70.36, 70.45, 70.42, 70.6, 70.61, 70.49, 70.48, 70.45, 70.48, 70.45, 70.72, 70.54, 70.62, 70.71, 70.49, 70.69, 70.67, 70.53, 70.73, 70.53, 70.64, 70.59, 70.6, 70.62, 70.6, 70.56, 70.45, 70.61, 70.5, 70.59, 70.6, 70.42, 70.41, 70.41, 70.49, 70.5, 70.46, 70.49, 70.5, 70.5, 70.5],