{"num_param": 622602, "latency": {"mean": 0.0006240205833325371, "std": 0.0003043803428958746}, "train_acc": [36.05, 44.012, 46.816, 48.554, 50.07, 50.836, 51.784, 52.552, 53.582, 54.1, 54.61, 55.058, 55.386, 56.278, 56.646, 57.058, 57.366, 57.786, 58.194, 58.836, 58.694, 59.04, 59.638, 59.806, 60.136, 60.42, 60.494, 60.94, 60.7, 61.248, 61.366, 61.652, 61.852, 62.026, 62.442, 62.36, 62.812, 63.098, 62.83, 63.19, 63.35, 63.416, 63.688, 63.934, 64.176, 64.278, 64.376, 64.45, 64.502, 64.484, 64.936, 65.034, 65.544, 65.3, 65.558, 65.65, 65.822, 66.034, 66.16, 66.226, 66.21, 66.678, 66.494, 66.512, 66.766, 66.942, 67.054, 67.034, 67.206, 67.266, 67.44, 67.574, 67.642, 67.828, 68.036, 67.792, 68.056, 68.354, 68.116, 68.13, 68.398, 68.534, 68.74, 68.504, 68.772, 68.99, 69.22, 69.234, 69.09, 69.336, 69.468, 69.41, 69.378, 69.444, 69.804, 70.182, 70.24, 70.232, 70.054, 70.19, 70.28, 70.606, 70.598, 70.776, 70.986, 70.932, 70.76, 70.936, 71.234, 71.102, 71.444, 71.546, 71.136, 71.2, 71.598, 71.404, 71.76, 71.782, 71.674, 72.006, 71.578, 71.8, 72.27, 72.104, 72.296, 72.11, 72.354, 72.372, 72.362, 72.554, 72.67, 72.686, 72.564, 72.606, 72.872, 73.062, 72.952, 73.058, 73.28, 73.346, 73.208, 73.044, 73.334, 73.162, 73.302, 73.356, 73.356, 73.456, 73.604, 73.342, 73.518, 73.59, 73.612, 73.958, 73.742, 73.566, 73.744, 74.062, 74.296, 73.936, 73.922, 74.136, 73.976, 74.152, 74.232, 74.292, 74.52, 74.044, 74.262, 74.324, 74.484, 74.278, 74.356, 74.33, 74.2, 74.492, 74.404, 74.304, 74.706, 74.434, 74.514, 74.566, 74.936, 74.536, 74.378, 74.738, 74.626, 74.31, 74.538, 74.712, 74.882, 74.648, 74.574, 74.74, 74.858, 74.572, 74.462, 74.788, 74.634, 74.592], "train_loss": [1.7820924137619467, 1.5612150730037262, 1.491146712522818, 1.4380286097984167, 1.4014371156463696, 1.3707463845029064, 1.3485460705812056, 1.325600711260556, 1.3009351028209304, 1.282015784955223, 1.2695843092310681, 1.2567639759695843, 1.2466900170955304, 1.2298216735103995, 1.2140711013582832, 1.2045904254959092, 1.195903338267875, 1.1858309255680517, 1.1741913603195684, 1.1606169162235882, 1.1576928482250914, 1.1484714499361912, 1.1373725981568954, 1.1353868288789433, 1.1213854607754767, 1.1161716411453901, 1.1131525793215897, 1.1006623858720617, 1.0991769320142628, 1.0942589101773077, 1.090167942179828, 1.0824070801280359, 1.073364196758734, 1.064705234266441, 1.063958589495258, 1.0560333575679184, 1.0535434249190283, 1.0466149037874286, 1.0445100700748478, 1.0390329985800113, 1.0314325932806605, 1.0274728138478841, 1.023081552597169, 1.0163959040522803, 1.0170863385926587, 1.0028463816383444, 1.0060089166471002, 1.0068160550798733, 0.9963534479711732, 0.997581124248523, 0.9920629878800722, 0.9867616315453921, 0.9764168242460936, 0.9766408902517283, 0.9727544782448486, 0.969615713038356, 0.9666806812936194, 0.9598264419071505, 0.9565987938959021, 0.9567590480192456, 0.9579907471143658, 0.9451920033950342, 0.9454115038107239, 0.9491985166827914, 0.9394903297197034, 0.9330344132635735, 0.9265746648351275, 0.9274595294979544, 0.927126045171374, 0.9216147365664643, 0.9180081890930523, 0.9131011874608633, 0.9151752178514911, 0.9098543851938449, 0.906029120974257, 0.9031336185494372, 0.9029508246989565, 0.8952276963723903, 0.8974295105029586, 0.8931158003483685, 0.8926682613518325, 0.885773707545879, 0.8834025090273114, 0.8839844046535967, 0.8807660481789443, 0.8791373727493994, 0.8712539972400177, 0.8714178344491043, 0.8673322109061026, 0.8657586940838905, 0.8623218478793451, 0.860070576156017, 0.8612750457481779, 0.8563368115490702, 0.8539480482700614, 0.846946957415674, 0.8485048082838894, 0.8438160285229722, 0.842135138528437, 0.8409515843891746, 0.8365382713075639, 0.8333143278412993, 0.8318682854669794, 0.8284387888430939, 0.8274892738860002, 0.822564301720355, 0.8238890425791285, 0.8210393885008738, 0.814873983138506, 0.8166564515936626, 0.8106810274561933, 0.8070760191306805, 0.8147137011195785, 0.8083778560466669, 0.8041794072796119, 0.8114773063650516, 0.8004397188938358, 0.7976104487079272, 0.7998635353030719, 0.7954487277961129, 0.7976806953940266, 0.7971726432490334, 0.7858642514363665, 0.790140619338207, 0.788055089855911, 0.7848110441702417, 0.7811801237931865, 0.7775760044177525, 0.7806973396320794, 0.776696084614221, 0.7751080924436516, 0.7737332213901207, 0.7781869290505017, 0.774772568288249, 0.7678739809295876, 0.7661939216438044, 0.7609296341355763, 0.7620532864934728, 0.7589321413142363, 0.755956624382517, 0.7594543495146953, 0.7649085761947046, 0.7545899480333408, 0.757279360010238, 0.7556627271881641, 0.7518196550989792, 0.7533356928512673, 0.7519047683008344, 0.7475207832404153, 0.752487923156277, 0.7491948262705531, 0.7457864769017628, 0.7457662756654291, 0.7419094919052478, 0.7440836104497037, 0.7424586263133102, 0.7397125091353671, 0.7366076103594542, 0.7361837478494003, 0.731072653049242, 0.7353251642206122, 0.7321804127514705, 0.7329189074169118, 0.731825471772876, 0.7258073987864716, 0.7278478808000312, 0.7231643438834986, 0.734625117964113, 0.7262472175228543, 0.7255748718385886, 0.724655862342297, 0.7307196154246632, 0.7289519314097046, 0.7278335302667746, 0.729457281077053, 0.7201813455392212, 0.7195767699165826, 0.7233163000525988, 0.7238923430976697, 0.7209797355603196, 0.7204592992347246, 0.7208442004517874, 0.7155561584238052, 0.7224122892948427, 0.7255860209388757, 0.719218780349175, 0.7227913345843648, 0.7250903909471809, 0.7185788645015186, 0.7217605861233963, 0.7171454961129815, 0.7165971691419281, 0.7232320119632183, 0.7164972184258093, 0.7188160501453866, 0.720189670626353, 0.718961725155665, 0.7141675855094473, 0.7134481747601937, 0.7169560151495235], "test_acc": [43.72, 47.65, 49.85, 50.95, 51.79, 52.68, 54.56, 55.42, 55.67, 55.45, 55.79, 57.09, 56.66, 57.78, 57.34, 57.47, 58.86, 59.31, 58.82, 60.05, 58.02, 60.02, 60.46, 60.51, 61.07, 59.61, 61.01, 61.41, 60.35, 61.63, 61.14, 61.7, 61.69, 62.7, 61.83, 62.79, 61.62, 63.04, 62.91, 63.25, 63.25, 63.0, 63.94, 63.95, 63.93, 63.61, 63.25, 63.76, 63.66, 64.41, 63.98, 63.65, 63.85, 64.24, 63.59, 64.62, 64.4, 64.69, 65.18, 64.98, 65.3, 64.65, 65.28, 65.02, 64.8, 65.28, 64.83, 64.99, 64.96, 65.35, 65.23, 65.47, 65.46, 65.36, 65.29, 66.39, 65.89, 66.16, 65.66, 65.93, 65.8, 65.54, 66.03, 66.28, 65.9, 66.71, 65.52, 66.02, 66.07, 65.84, 66.71, 66.61, 66.46, 66.83, 66.52, 66.15, 66.67, 66.95, 66.99, 66.87, 66.78, 66.89, 67.16, 67.41, 67.1, 67.2, 66.55, 66.89, 67.35, 67.66, 66.77, 66.9, 67.36, 67.04, 66.86, 67.34, 67.33, 67.31, 67.23, 67.19, 67.52, 67.56, 67.65, 67.17, 67.21, 67.14, 67.54, 67.74, 67.55, 67.7, 67.3, 67.48, 67.89, 67.72, 67.77, 67.61, 67.64, 67.7, 67.88, 67.43, 67.85, 67.86, 67.47, 67.77, 68.17, 67.89, 68.01, 68.19, 68.0, 67.7, 67.92, 67.82, 67.91, 68.14, 68.25, 68.38, 68.14, 67.98, 68.26, 68.01, 68.26, 67.99, 68.04, 67.92, 68.13, 68.21, 68.13, 68.15, 68.15, 68.09, 68.35, 68.29, 68.17, 68.37, 68.38, 68.26, 68.29, 68.3, 68.34, 68.25, 68.4, 68.38, 68.44, 68.36, 68.26, 68.41, 68.28, 68.26, 68.31, 68.3, 68.33, 68.29, 68.38, 68.33, 68.35, 68.34, 68.34, 68.33, 68.35, 68.35],