{"num_param": 593930, "latency": {"mean": 0.0010388194524442046, "std": 3.493976354874338e-05}, "train_acc": [31.634, 38.374, 41.592, 43.422, 45.098, 46.218, 47.394, 48.13, 48.998, 49.616, 50.008, 50.602, 51.16, 51.494, 52.142, 52.346, 52.844, 53.134, 53.218, 53.692, 53.728, 54.224, 54.608, 54.646, 54.898, 55.222, 55.382, 55.582, 55.634, 56.052, 56.174, 56.486, 56.276, 56.678, 57.132, 56.956, 57.054, 57.316, 57.28, 57.474, 57.95, 57.652, 57.87, 58.046, 58.324, 57.988, 58.26, 58.4, 58.418, 58.474, 58.688, 58.97, 59.074, 59.082, 59.304, 59.256, 59.186, 59.688, 59.442, 59.656, 59.516, 59.658, 60.192, 59.726, 60.476, 60.238, 60.228, 60.18, 60.4, 60.64, 60.446, 60.484, 60.79, 60.502, 60.632, 60.73, 60.914, 60.95, 61.08, 60.73, 61.01, 61.282, 61.432, 61.388, 61.562, 61.252, 61.216, 61.6, 61.386, 61.43, 61.644, 61.952, 61.65, 61.57, 61.754, 62.132, 62.258, 62.018, 62.202, 62.246, 62.296, 62.234, 62.144, 62.276, 62.304, 62.53, 62.352, 62.584, 62.166, 62.474, 62.688, 62.416, 62.672, 62.63, 62.874, 62.64, 62.924, 62.864, 62.914, 63.292, 62.894, 63.122, 63.052, 62.876, 63.136, 63.434, 63.102, 63.064, 63.12, 63.47, 63.306, 62.846, 63.436, 63.158, 63.66, 63.732, 63.328, 63.136, 63.69, 63.34, 63.542, 63.476, 63.402, 63.588, 63.832, 63.5, 63.804, 63.568, 63.648, 63.74, 63.55, 63.83, 63.63, 63.728, 63.72, 63.806, 63.88, 63.622, 63.716, 63.944, 63.902, 63.828, 64.22, 63.968, 63.876, 63.966, 63.844, 64.092, 64.214, 64.082, 64.198, 64.058, 63.922, 64.154, 63.94, 63.946, 64.332, 63.938, 64.188, 64.186, 64.156, 64.406, 64.266, 63.906, 64.274, 64.188, 64.06, 64.348, 64.52, 64.05, 64.242, 64.18, 64.366, 63.88, 64.226, 64.126, 64.102, 64.37, 64.288, 64.128], "train_loss": [1.9179678391891646, 1.7395943622137595, 1.649614390088287, 1.5952816953738378, 1.5481729195503875, 1.5125441462735831, 1.486117032576431, 1.46100842087069, 1.44020982224897, 1.4217596114711433, 1.4029866308259873, 1.3908039382155402, 1.3805787429470933, 1.3627978204841882, 1.352098629136003, 1.3426600058568416, 1.3334191458315248, 1.3248261076017442, 1.3169644518456853, 1.3038792739826675, 1.301362634734778, 1.2919569899466887, 1.2842208800297552, 1.2815836714920292, 1.2698270648775083, 1.2621549572307027, 1.260868502822505, 1.2514872802272488, 1.2522153816616695, 1.241941822543788, 1.238134311432268, 1.2308273098061502, 1.227582562793468, 1.2259514414951425, 1.216116551169202, 1.2161752305500644, 1.2140585435024074, 1.2027380433283932, 1.2040920911579658, 1.1986052356922543, 1.1955059408302575, 1.194610981893936, 1.1859651081316454, 1.1853329497350764, 1.1800961788083526, 1.180432193453161, 1.178226342166149, 1.1731071805847202, 1.173678099689618, 1.1664632102349441, 1.1645558859321146, 1.1597932252224943, 1.154085611503855, 1.1557795972070553, 1.1498753646208701, 1.1494636250396455, 1.1454309271988163, 1.1419143482270488, 1.1456641901477513, 1.1437800403825, 1.1430111115206074, 1.1388306564348138, 1.1285617427801522, 1.130757371813383, 1.1241817826730505, 1.128293250511643, 1.1262304079662282, 1.1231441097769002, 1.1204531137102778, 1.1167780208572393, 1.117704905459916, 1.1140641306961339, 1.1132119248787409, 1.110372322610915, 1.1112311101463157, 1.110052931217223, 1.1033012503549524, 1.1024115041746823, 1.1020702449694246, 1.10624544702885, 1.1007958097634831, 1.097685660602035, 1.0925218347014332, 1.0956508208755034, 1.0906496995241308, 1.0927406488056757, 1.089280355952904, 1.0884235613786937, 1.0865898647906302, 1.088266124899999, 1.085481077413565, 1.0804102218692606, 1.08492290035548, 1.0809732229375564, 1.08184976361916, 1.0776028458460432, 1.072267669519399, 1.0734615647022494, 1.070663527941292, 1.0684599560647916, 1.0727941061317043, 1.0681356493662506, 1.06648617796004, 1.0656127753123517, 1.0669265820746687, 1.0631167387169138, 1.0661620328385175, 1.0617815980679395, 1.0629312351813167, 1.0587430043778814, 1.058267999252141, 1.057538128059336, 1.0538615259465238, 1.0593267657477659, 1.052258349921714, 1.0535720687452526, 1.0536438906642769, 1.0511781044747688, 1.0509585748478456, 1.0474029826911992, 1.0495412228623036, 1.050253377880565, 1.046189119170586, 1.0510735421400381, 1.0433557308109158, 1.0404313358067703, 1.0453504510438374, 1.048562789947195, 1.0447827168786212, 1.0406212821764893, 1.0422217422620805, 1.0446361418496473, 1.0385282040405028, 1.0434994274274858, 1.0362660072205239, 1.0338408506534378, 1.0406685567253, 1.0386901886434183, 1.0329763040432773, 1.03392660511051, 1.0335677335907538, 1.0346079751496429, 1.0361470238794825, 1.032849508546822, 1.0280545741529397, 1.0310593485755946, 1.0272806970568247, 1.0324004743241073, 1.0292249722733988, 1.0295688071009903, 1.0309330554856602, 1.029310964596096, 1.0313606492159693, 1.0252072571640356, 1.02739301890192, 1.0251278559595671, 1.024543613519565, 1.0309843216961343, 1.0231039632190442, 1.021462704345193, 1.0242853070861317, 1.0229849478066615, 1.0190509531792356, 1.0232589336747324, 1.0237138169130604, 1.0201471311422166, 1.023251326283963, 1.020638386255949, 1.0211662770995558, 1.0193211321104663, 1.0188533026136348, 1.0186797802599286, 1.021308809518814, 1.0179069838841146, 1.0214695777560532, 1.0168004889787197, 1.0169330109637742, 1.0189923260048728, 1.0179712260982126, 1.0132498557340313, 1.01668294368077, 1.017888814916385, 1.0178518074678444, 1.0207836365974339, 1.0174106282830924, 1.021833923445706, 1.022093649560339, 1.0202923391922423, 1.0147566207310974, 1.0218764783782373, 1.0180575391343214, 1.0138046928345967, 1.0149073447085921, 1.0184792261129758, 1.0176855942528749, 1.0171292158211949, 1.0183547502210792, 1.0159265477346138, 1.0134887750989263, 1.0166693201296924], "test_acc": [39.19, 42.2, 45.3, 46.82, 47.84, 49.04, 49.53, 50.71, 50.86, 51.78, 52.64, 52.91, 53.11, 53.09, 54.07, 54.42, 55.0, 54.54, 55.1, 55.18, 55.24, 55.81, 55.57, 56.03, 55.91, 56.11, 56.57, 56.73, 57.01, 57.02, 57.23, 57.31, 56.61, 57.76, 57.75, 58.06, 57.63, 58.12, 58.23, 58.02, 58.4, 58.4, 58.57, 58.44, 58.46, 58.55, 58.38, 58.99, 58.83, 59.24, 59.32, 59.3, 59.33, 59.26, 59.64, 59.62, 59.69, 59.72, 60.02, 59.62, 59.85, 59.9, 60.05, 60.37, 59.86, 60.45, 60.11, 60.45, 60.18, 60.18, 60.35, 60.28, 59.9, 60.36, 60.39, 60.48, 60.76, 60.32, 60.27, 60.52, 60.48, 60.7, 60.85, 60.62, 61.08, 60.96, 61.1, 60.68, 60.68, 61.01, 60.86, 60.91, 60.86, 61.09, 61.25, 60.99, 61.16, 61.12, 61.38, 61.07, 61.24, 61.15, 61.41, 61.32, 61.17, 61.05, 61.22, 61.07, 61.38, 61.27, 61.39, 61.02, 61.38, 61.2, 61.17, 61.57, 61.59, 61.3, 61.49, 61.37, 61.94, 61.88, 61.93, 61.92, 61.94, 61.82, 61.67, 61.66, 61.6, 61.66, 62.07, 61.82, 61.83, 61.86, 61.9, 61.99, 61.69, 61.73, 61.58, 61.67, 61.76, 61.61, 61.77, 61.58, 61.86, 61.62, 61.62, 61.75, 61.6, 61.78, 61.85, 62.07, 62.14, 61.97, 61.79, 61.96, 61.96, 62.03, 61.83, 61.97, 62.06, 61.98, 62.11, 62.02, 62.23, 62.25, 62.19, 61.96, 61.89, 61.96, 61.87, 61.97, 61.96, 62.04, 61.96, 61.97, 62.01, 62.04, 61.94, 61.93, 61.96, 62.01, 61.95, 62.0, 62.06, 62.02, 62.01, 62.0, 62.03, 62.06, 62.06, 62.09, 62.08, 62.1, 62.08, 62.08, 62.07, 62.07, 62.08, 62.08],