{"num_param": 356362, "latency": {"mean": 0.0003608377901509928, "std": 2.49449318299266e-05}, "train_acc": [35.616, 43.548, 46.108, 48.038, 50.258, 51.264, 52.464, 53.076, 54.05, 54.702, 55.074, 55.75, 56.278, 56.958, 57.198, 57.39, 57.898, 58.25, 58.522, 58.798, 59.222, 59.428, 59.692, 59.758, 60.276, 60.14, 60.4, 60.816, 60.656, 61.052, 61.432, 61.372, 61.48, 61.542, 61.816, 62.106, 62.076, 62.552, 62.464, 62.67, 62.788, 62.768, 63.102, 62.862, 63.684, 63.212, 63.618, 63.752, 63.726, 63.924, 64.076, 64.04, 64.384, 64.122, 64.554, 64.822, 64.822, 65.028, 64.93, 65.21, 65.116, 65.448, 65.09, 65.29, 65.714, 65.6, 65.74, 65.906, 66.066, 66.08, 66.308, 66.124, 66.466, 66.452, 66.368, 66.658, 67.05, 66.53, 67.012, 67.048, 66.972, 67.034, 67.13, 67.168, 67.338, 67.474, 67.324, 67.628, 67.874, 68.192, 68.23, 67.928, 68.06, 68.166, 68.246, 68.426, 68.534, 68.902, 68.494, 69.024, 68.888, 69.026, 68.882, 69.198, 69.182, 68.888, 69.108, 69.332, 69.548, 69.808, 69.666, 69.854, 69.632, 69.894, 69.776, 69.972, 69.89, 69.99, 70.118, 69.874, 70.368, 70.132, 70.724, 70.43, 70.862, 70.568, 70.652, 70.576, 70.736, 70.8, 71.038, 71.22, 71.23, 71.004, 71.108, 71.248, 71.502, 71.188, 71.478, 71.428, 71.4, 71.462, 71.892, 71.756, 71.706, 71.756, 71.724, 71.98, 71.908, 71.992, 72.028, 72.086, 72.096, 72.482, 72.54, 72.242, 72.39, 72.32, 72.412, 72.538, 72.458, 72.446, 72.858, 72.734, 72.972, 72.49, 72.68, 72.494, 72.892, 72.916, 73.042, 72.758, 72.862, 73.054, 72.796, 72.858, 73.21, 73.016, 73.19, 73.09, 72.992, 73.218, 72.938, 73.182, 72.922, 73.228, 73.228, 72.958, 72.982, 73.186, 73.224, 73.022, 73.046, 73.268, 73.464, 73.126, 73.346, 73.582, 73.08, 73.298], "train_loss": [1.8681109596808905, 1.6045693319269425, 1.523559467920644, 1.459837924343458, 1.4083017188238167, 1.3766805097527484, 1.3432019143934366, 1.3197736989513698, 1.2961192928059164, 1.2769828985230098, 1.2613133552054603, 1.2467188276088321, 1.2361514808959253, 1.2239244546710262, 1.2083108525434825, 1.2008039460148632, 1.1896051488011141, 1.1790313482360815, 1.173109937423479, 1.1580988917683304, 1.1585628274382496, 1.1487319955288868, 1.1369366338065399, 1.1357221935166049, 1.126198117311994, 1.1220492499231607, 1.1216436452920515, 1.109254293463128, 1.110892409097668, 1.108159090568069, 1.0979293189747397, 1.0945122292693121, 1.0898062439774827, 1.0856294462448957, 1.079449195169289, 1.070902152848564, 1.072973638010269, 1.0637124661673205, 1.0658645064725527, 1.0563232721766826, 1.0534689654277367, 1.0518802128689302, 1.0510745713402656, 1.045993581194948, 1.0384020760741206, 1.038590178532396, 1.0356451517789698, 1.0302729935159458, 1.0239902958798242, 1.0225403245755365, 1.0164732512417927, 1.0186740380979393, 1.0063816912267274, 1.0137432900401009, 1.0095146204978322, 1.000088105427479, 0.9973107496096549, 0.9952245809409531, 0.9969963864187972, 0.990022611290083, 0.9888635883709596, 0.9887960203664088, 0.9826822914111637, 0.9829533422176302, 0.9772537940218139, 0.9748787747234849, 0.9730669890774113, 0.9694637046055541, 0.9641883005259972, 0.9601243421463957, 0.9586134806170498, 0.9635969141280125, 0.95739366763384, 0.955016150508107, 0.9524557557307369, 0.9481345298994983, 0.9404397701042552, 0.9424138638314268, 0.9386180447830424, 0.9362132719176287, 0.9371327033846789, 0.9321989663045375, 0.9326232256640704, 0.9338492304182022, 0.926848463614019, 0.9214457189205436, 0.920752339651397, 0.9216200666059993, 0.912058113461035, 0.9103944983836252, 0.9057645405704061, 0.9124994020544407, 0.9084730787454167, 0.9054289955552847, 0.9030246372910852, 0.9001222053210246, 0.8974405942593182, 0.8906909643421551, 0.8940551845179256, 0.8841977891865558, 0.89073428770936, 0.8864612012472354, 0.8854933386228822, 0.8759957350032572, 0.8820719941640159, 0.8772460379550187, 0.8782730175567146, 0.8722485657197424, 0.8699418129977399, 0.8657926683881996, 0.8672279441349032, 0.8596924951613445, 0.862844061504475, 0.8573348248950655, 0.8597801947204714, 0.86008409292974, 0.8532517058339855, 0.8534101091244247, 0.8550306359545512, 0.856086293265214, 0.8481533633388927, 0.850451460612255, 0.8388557130147918, 0.8411872051441738, 0.8363375271350546, 0.8362044344250391, 0.8344160546992577, 0.8378623057960015, 0.8336067301526866, 0.8330294499775575, 0.8270040835925424, 0.8290589702144618, 0.8248853951368436, 0.8256115565983363, 0.8220247436584148, 0.8168453785447226, 0.8157588288102178, 0.8192975024382273, 0.814869275077062, 0.8154433135679725, 0.8128619962255694, 0.8117257438442758, 0.8050750477033324, 0.805811384131492, 0.8085554819303831, 0.8004073563364935, 0.8022815941315161, 0.7997692400686114, 0.8007149647346918, 0.8024307379185658, 0.8008707902100478, 0.79966453680684, 0.8029616075262227, 0.7900728140019181, 0.7910309916913929, 0.7947648488704928, 0.7913819058194652, 0.793972469546897, 0.7905387214491632, 0.786267766911329, 0.7883980144351549, 0.7839314826810048, 0.7758358119011536, 0.7781066175500171, 0.7768743032266601, 0.7821120197240619, 0.7817751558179361, 0.787157959821357, 0.7771388597200104, 0.778095405470158, 0.7755953912275843, 0.7770539975784104, 0.7745721985801092, 0.7753112826374808, 0.7762309227970572, 0.7737808110846668, 0.7723447402280184, 0.7744069702908998, 0.7708296381313681, 0.7686342504912284, 0.7753963831976599, 0.7662692692748111, 0.7721851092649437, 0.7742788095887624, 0.7714592061474471, 0.7698024235050875, 0.7715874950396122, 0.7713985478199222, 0.7713560586889356, 0.7700885076669265, 0.7679214017061721, 0.77027296316372, 0.7677508317653903, 0.7715090284611427, 0.7690608135149865, 0.7693922258460667, 0.7653214867421624, 0.7616546461579133, 0.7684300327560342, 0.766553436115775], "test_acc": [41.82, 44.77, 47.57, 48.99, 49.89, 49.51, 52.72, 53.73, 54.09, 53.57, 54.21, 55.41, 55.31, 55.85, 55.79, 56.45, 56.76, 57.11, 56.95, 58.08, 56.32, 57.6, 59.01, 59.15, 59.37, 58.28, 59.17, 58.69, 59.07, 60.03, 59.7, 59.69, 60.3, 60.51, 59.81, 59.94, 59.87, 60.67, 61.01, 61.01, 60.89, 61.38, 61.41, 61.67, 60.93, 61.42, 61.35, 62.31, 61.61, 61.61, 61.75, 61.49, 61.08, 61.92, 62.71, 62.55, 62.39, 62.77, 63.4, 62.68, 63.29, 61.84, 62.3, 62.81, 62.64, 62.43, 62.7, 63.32, 63.19, 62.93, 63.3, 63.08, 62.65, 63.08, 63.26, 63.04, 63.48, 63.92, 63.68, 63.08, 63.16, 63.96, 63.17, 63.85, 63.08, 63.63, 63.13, 64.23, 64.15, 63.8, 63.66, 64.07, 63.85, 63.35, 64.35, 63.62, 64.38, 64.46, 64.4, 63.99, 64.08, 64.35, 63.97, 63.95, 64.15, 64.4, 64.38, 64.54, 64.73, 64.79, 64.95, 64.57, 64.47, 64.91, 64.39, 65.1, 64.7, 65.22, 64.95, 64.74, 64.55, 65.03, 65.05, 65.08, 65.18, 65.11, 65.67, 65.34, 65.62, 65.07, 65.6, 65.33, 64.97, 66.08, 65.3, 65.61, 65.29, 65.39, 65.95, 65.39, 65.77, 65.61, 65.27, 65.21, 65.4, 65.21, 65.23, 65.52, 65.52, 65.48, 65.79, 65.69, 65.98, 65.97, 65.46, 65.73, 65.88, 65.77, 65.86, 66.08, 66.12, 65.99, 65.9, 65.89, 66.12, 65.84, 65.87, 66.11, 66.07, 65.84, 65.92, 65.75, 65.82, 65.92, 66.08, 65.94, 65.85, 65.95, 65.99, 66.04, 66.08, 66.02, 66.01, 66.15, 66.09, 66.05, 65.91, 66.02, 65.99, 66.0, 65.98, 65.98, 65.98, 66.0, 65.99, 65.98, 65.98, 65.98, 65.97, 65.97],