{"num_param": 1380362, "latency": {"mean": 0.0010447760778494156, "std": 3.571411038543258e-05}, "train_acc": [35.456, 42.496, 45.206, 46.986, 48.184, 49.118, 49.908, 50.562, 51.288, 51.87, 52.18, 52.506, 52.758, 53.342, 53.736, 53.94, 54.138, 54.488, 54.792, 55.014, 55.052, 55.578, 55.806, 55.944, 56.096, 56.196, 56.478, 56.714, 56.362, 56.784, 57.024, 57.346, 57.326, 57.144, 57.544, 57.672, 57.844, 58.114, 57.916, 58.188, 58.514, 58.06, 58.514, 58.41, 58.414, 58.648, 58.904, 58.814, 58.916, 59.08, 59.27, 59.464, 59.322, 59.718, 59.642, 59.682, 59.708, 59.66, 59.968, 59.96, 60.134, 60.19, 60.204, 60.136, 60.402, 60.446, 60.212, 60.398, 60.568, 60.598, 60.886, 60.644, 60.87, 60.946, 61.292, 61.276, 61.27, 61.274, 61.45, 61.102, 61.344, 61.576, 61.642, 61.462, 61.722, 61.63, 61.7, 62.01, 62.036, 61.818, 61.958, 62.268, 62.298, 62.082, 62.404, 62.584, 62.722, 62.672, 62.92, 62.884, 62.756, 62.668, 63.166, 62.892, 63.204, 63.196, 63.016, 62.946, 63.242, 63.078, 63.376, 63.118, 63.4, 63.788, 63.614, 63.406, 63.632, 63.82, 63.656, 63.962, 64.07, 63.89, 64.078, 64.142, 64.098, 64.278, 64.196, 64.268, 64.238, 64.258, 64.566, 64.154, 64.272, 64.21, 64.436, 64.612, 64.54, 64.534, 64.864, 64.824, 64.622, 64.688, 64.954, 64.948, 64.688, 64.634, 64.99, 64.918, 65.176, 65.024, 65.02, 65.122, 65.138, 65.424, 65.114, 65.204, 65.156, 65.006, 65.382, 65.278, 65.318, 65.228, 65.46, 65.43, 65.276, 65.656, 65.466, 65.548, 65.552, 65.502, 65.584, 65.584, 65.612, 65.846, 65.384, 65.666, 65.638, 65.75, 65.712, 65.414, 65.706, 65.766, 65.734, 65.496, 65.79, 65.658, 65.782, 65.906, 65.616, 65.706, 65.572, 66.232, 66.046, 65.776, 65.872, 65.608, 65.818, 65.662, 65.91, 65.614], "train_loss": [1.8064937218594688, 1.6139166092003148, 1.5422914735186353, 1.4987786508720042, 1.4630114878894271, 1.43443702858225, 1.414125617886688, 1.3917437231243228, 1.3743113326629766, 1.3598891177470305, 1.3503716915597994, 1.3369685208194926, 1.3278835177497839, 1.311624028441697, 1.3040949605019216, 1.2973166209569895, 1.2863266853971964, 1.282763755290995, 1.2730475110803288, 1.265370377652247, 1.2657906252912277, 1.253392601920791, 1.2472618824003296, 1.2456801114216571, 1.235485251942889, 1.2324823534648843, 1.2293111124789189, 1.2221196473064289, 1.225302899982101, 1.2208024540240385, 1.2141645108745864, 1.2063942502419, 1.2030840351729537, 1.2057141664694764, 1.1964122604957699, 1.1929644599452052, 1.1897827765534341, 1.1840711245152407, 1.1871538931028398, 1.1816355645923529, 1.1776818714687936, 1.1776502734182435, 1.1703006857034874, 1.1694715538622855, 1.16801330731301, 1.163423299103003, 1.1593369176505242, 1.1596380249476173, 1.1570764903219861, 1.1521158297322762, 1.1547756867384347, 1.1458578738964909, 1.1422622835338687, 1.1406125638703086, 1.137114326540507, 1.1336374749606493, 1.1390696476837494, 1.1320791721572803, 1.136304005627745, 1.1303120206276422, 1.1300358172799254, 1.12747600173157, 1.1242062090988427, 1.123576717657381, 1.1141871125821645, 1.1157091083773725, 1.1194591640434581, 1.116439314088376, 1.1131242129258139, 1.10867782220273, 1.1080431461868114, 1.1087043975227855, 1.10393604813519, 1.098162608656148, 1.09863584631159, 1.0994786094261604, 1.0950313987101947, 1.0924443484344166, 1.0908886030821638, 1.0884950049054676, 1.0904676239611015, 1.0888190606962924, 1.0833383028658246, 1.084810056559794, 1.076472873613, 1.079566410887493, 1.0797615530242237, 1.0731079393827374, 1.0705534811593445, 1.074032509967599, 1.0725518964607594, 1.0689862197549849, 1.0650935461714874, 1.0677878033329262, 1.064964699024431, 1.0606257851049066, 1.0568936864153666, 1.0555021960004658, 1.0525915268439172, 1.0537001355214524, 1.0543647074043483, 1.0500857469483362, 1.04715660776912, 1.047935446408492, 1.0445854789693616, 1.0444450570998556, 1.0467534999548436, 1.0419036985511438, 1.0423440486669389, 1.041289406904256, 1.0370688278630844, 1.0356862144026326, 1.0341779524061212, 1.0309376975930202, 1.0317885328086613, 1.032351804443147, 1.0280374369023324, 1.0248454741308952, 1.026623755903177, 1.0231231136804044, 1.021238445148816, 1.021072840507566, 1.0161645359437739, 1.0174999651204144, 1.0165551777688342, 1.0181070523275753, 1.0164372634407197, 1.0181398767351113, 1.0143693156221014, 1.0148337481117982, 1.0044387413459335, 1.0149036510892198, 1.0111345462858563, 1.0122145901333424, 1.0034042520547477, 1.0019028483295929, 1.002337048012556, 1.003417421363518, 0.9964103034041436, 0.9972389216462695, 0.9977479701765211, 1.0012084409661273, 0.9965429984447823, 0.9966476354092569, 0.9952370066407851, 0.9960537846471282, 0.9910115138201552, 0.9935832408019082, 0.9903523938555178, 0.9917220974761709, 0.9926377403682726, 0.9925865267075107, 0.9883986655825312, 0.9852282252169845, 0.9877483719103014, 0.9877896897699767, 0.985919696927757, 0.9858376208361493, 0.9823920014609302, 0.9835750192918613, 0.9832580118551517, 0.9803597841862296, 0.9826880363188565, 0.9836002729370742, 0.9781532102644024, 0.9772281473596662, 0.9769733741507649, 0.9730470104623283, 0.9762349026521963, 0.9776123548194681, 0.9747826285798505, 0.9717956814183231, 0.9725616809578943, 0.9755930828499016, 0.9784599842166413, 0.9739277408966558, 0.9742467138184543, 0.9731572022326695, 0.9747922785832801, 0.9773867080322993, 0.9718397550680511, 0.9692296772832987, 0.9740208985709412, 0.9725441896259518, 0.9705093879388528, 0.973293392534677, 0.9717342303261418, 0.9738246442908594, 0.9754676929247814, 0.9730387808265246, 0.9719436703510796, 0.9652326681716124, 0.9671946195212222, 0.9694658906049478, 0.9715148654795578, 0.9720772437117302, 0.9705760320523421, 0.9701224323731542, 0.9647339838899562, 0.9729547176083463], "test_acc": [42.94, 46.2, 48.79, 50.28, 50.64, 51.41, 51.79, 52.76, 53.18, 53.77, 54.36, 54.56, 54.64, 54.81, 55.45, 55.65, 55.66, 56.12, 55.79, 55.97, 56.0, 56.46, 55.97, 56.76, 56.62, 56.78, 57.08, 57.51, 57.24, 57.63, 57.87, 57.69, 57.96, 58.3, 57.6, 58.54, 58.15, 58.59, 58.63, 58.5, 58.88, 58.77, 59.15, 58.86, 59.36, 59.39, 59.01, 59.1, 59.63, 59.43, 59.85, 59.39, 59.31, 59.73, 59.56, 60.02, 59.92, 59.84, 60.21, 60.38, 60.21, 59.94, 60.46, 60.18, 60.45, 60.79, 60.69, 61.05, 60.96, 60.84, 60.7, 60.8, 60.28, 61.22, 60.76, 61.63, 61.44, 61.4, 61.58, 61.34, 61.15, 61.48, 61.29, 61.43, 61.55, 61.47, 61.59, 61.75, 61.84, 61.7, 61.65, 61.87, 62.16, 61.83, 62.03, 62.15, 62.44, 62.18, 62.4, 62.06, 61.74, 62.22, 62.29, 62.53, 62.48, 62.62, 62.53, 61.99, 62.36, 62.41, 62.63, 62.29, 62.41, 62.42, 62.29, 62.53, 62.48, 62.45, 62.57, 62.74, 62.85, 62.66, 62.86, 62.77, 62.56, 62.66, 62.52, 62.45, 62.49, 62.59, 63.12, 62.66, 62.84, 62.93, 62.7, 62.83, 62.9, 62.84, 62.85, 62.72, 62.87, 62.81, 62.86, 63.34, 62.97, 62.94, 62.85, 62.93, 62.89, 63.02, 62.81, 62.96, 63.03, 63.14, 62.99, 63.0, 63.24, 62.97, 63.13, 63.05, 63.03, 63.02, 63.19, 62.99, 63.04, 63.08, 63.15, 63.17, 63.21, 63.2, 63.28, 63.41, 63.26, 63.21, 63.35, 63.33, 63.38, 63.2, 63.29, 63.26, 63.26, 63.21, 63.24, 63.2, 63.25, 63.33, 63.34, 63.31, 63.35, 63.33, 63.37, 63.32, 63.29, 63.32, 63.32, 63.35, 63.34, 63.34, 63.34, 63.34],