{"num_param": 2064394, "latency": {"mean": 0.001475370090228681, "std": 0.0002892441078387586}, "train_acc": [35.344, 43.326, 46.008, 47.578, 48.576, 49.66, 50.59, 50.992, 51.916, 52.658, 52.93, 53.234, 53.808, 54.088, 54.622, 54.93, 54.962, 55.606, 55.696, 55.984, 56.518, 56.794, 56.998, 57.264, 57.398, 57.72, 57.496, 57.956, 57.93, 58.49, 58.386, 58.794, 58.868, 59.26, 59.304, 59.39, 59.592, 59.746, 59.698, 60.104, 60.316, 60.168, 60.296, 60.602, 60.706, 60.846, 61.054, 61.028, 61.24, 61.346, 61.56, 61.312, 61.768, 61.74, 62.052, 61.99, 62.412, 62.222, 62.584, 62.722, 62.96, 62.658, 62.828, 63.038, 63.162, 63.566, 63.474, 63.262, 63.666, 63.318, 63.582, 63.764, 63.808, 63.904, 64.024, 64.316, 64.352, 64.114, 64.392, 64.746, 64.732, 64.792, 64.942, 65.062, 65.004, 65.042, 65.18, 65.474, 65.424, 65.78, 65.7, 65.592, 66.14, 65.692, 65.806, 66.076, 66.288, 66.524, 66.412, 66.486, 66.594, 66.514, 66.836, 66.596, 66.796, 66.812, 66.866, 67.12, 67.142, 67.324, 67.424, 67.482, 67.44, 67.474, 67.46, 67.464, 67.592, 67.814, 67.446, 67.868, 67.69, 67.722, 67.942, 68.206, 68.238, 68.14, 68.638, 68.894, 68.632, 68.688, 68.946, 68.78, 68.89, 69.042, 69.198, 68.976, 68.994, 69.16, 69.13, 69.324, 69.444, 69.214, 69.468, 69.346, 69.708, 69.592, 69.792, 69.326, 69.776, 69.72, 69.722, 69.862, 69.844, 70.262, 70.14, 70.266, 70.266, 70.216, 70.482, 70.358, 70.334, 70.3, 70.342, 70.4, 70.462, 70.496, 70.384, 70.726, 70.778, 70.682, 70.818, 70.714, 70.912, 70.598, 70.64, 71.078, 70.722, 70.998, 70.744, 71.022, 71.168, 71.068, 70.924, 70.922, 70.994, 70.928, 70.95, 70.648, 70.744, 71.18, 71.054, 71.234, 70.984, 71.002, 71.16, 71.15, 71.14, 71.234, 71.258, 71.184], "train_loss": [1.7878349995048703, 1.5741111411548012, 1.5039719035819183, 1.4613142584427306, 1.4278092276798329, 1.4014136327129103, 1.3768291211021457, 1.3570797229072489, 1.3415624124837546, 1.3242448499320183, 1.3120408450573282, 1.2996800656282055, 1.2921675626696185, 1.2779705853166294, 1.2696428538436548, 1.261881823083642, 1.2512599011300394, 1.2387959499886916, 1.2376343684553415, 1.2292607344272268, 1.2186742337636283, 1.2150102585306246, 1.2017964783267034, 1.200535652123425, 1.1942793716243345, 1.1835525583854793, 1.1857775982876886, 1.1772206327279104, 1.1782230189879277, 1.1672166236607753, 1.1622418263594614, 1.1590468259248228, 1.1546060762875217, 1.1496731346796052, 1.1423349061305144, 1.1397821904372802, 1.1359991840803692, 1.1280573505815297, 1.1285184742698133, 1.1214674635720574, 1.119520623677828, 1.1143443847190702, 1.1103841557917653, 1.1067184433293358, 1.1017484658815428, 1.0981296988457956, 1.0975178773023346, 1.0956981648105273, 1.0889255771710182, 1.0880452032205163, 1.0874138482854065, 1.0806712064122208, 1.0727764954379333, 1.0726334549491403, 1.0635435192613973, 1.0661715346502327, 1.0587170797513985, 1.057084475849503, 1.0544586056749254, 1.0498152545492998, 1.052068963885231, 1.0511443260306361, 1.0442111269831276, 1.0397185870492145, 1.0381323488111003, 1.0348694944183412, 1.0306537877232007, 1.0311651064544172, 1.023275337765328, 1.0287863013077758, 1.0220165881337222, 1.0202853070644713, 1.0171383245015708, 1.0106296269503146, 1.0152842936535638, 1.0081525863132184, 1.0040197323051996, 1.0009932709823262, 1.001593447806968, 0.9957055882124739, 0.9950780418539993, 0.9918870229943776, 0.9900081145671874, 0.9851923226852564, 0.9792471788132412, 0.98204960059601, 0.9791155976892204, 0.9754625470571158, 0.97102672864593, 0.9696160290230563, 0.967330656960006, 0.9681841771685001, 0.9631435987435315, 0.9631264498236846, 0.9605038367016377, 0.9587328511785408, 0.9531728516994801, 0.9518991867205461, 0.9460191773590337, 0.9446004161412184, 0.9432110187722107, 0.9421184583688041, 0.9362715896474041, 0.9382697654624665, 0.9390430513552497, 0.9339540214280783, 0.9319649989682744, 0.9286735877537682, 0.930252784959643, 0.9208681942252722, 0.9241264891868514, 0.9168419769118401, 0.9173390307032901, 0.9165237383894331, 0.91819483051297, 0.9128955441717147, 0.9154475775767197, 0.908425161949885, 0.9110439703850431, 0.9079877926955525, 0.9069496060287198, 0.9012957000419717, 0.8998419182161757, 0.9002359224220002, 0.8926959112143562, 0.8929533672233613, 0.889884065605476, 0.8854440078091637, 0.8897304574381596, 0.8874922370155576, 0.8788863505336313, 0.8829515007582522, 0.8824709751860728, 0.879394630514805, 0.8726562379227185, 0.8759018067587513, 0.872109355830414, 0.869321596294508, 0.8725044235958934, 0.8642747451575689, 0.86096912008482, 0.8691785872096979, 0.8631359624580474, 0.8625062579194933, 0.8598897741417509, 0.857056955343931, 0.8551622582450557, 0.8595225030385907, 0.8536726859846866, 0.8584986892710568, 0.8546748057017324, 0.8522487225741511, 0.8493429826607097, 0.844325035734201, 0.8461964388192653, 0.8426962231910923, 0.8378813456093281, 0.8436253768506907, 0.8396435567223713, 0.8381479540964921, 0.8400906180809189, 0.8392638392312666, 0.8373760390152019, 0.8332396810892219, 0.8368570623074444, 0.837116667630195, 0.8333091866642103, 0.828254869273284, 0.8327389157359903, 0.8282729826786545, 0.8263745239661126, 0.8286555258799118, 0.8252707051300346, 0.8297280152676888, 0.832043723921248, 0.8261415599365686, 0.8240143153351694, 0.8214124032914143, 0.8272020389502885, 0.8261913024913937, 0.8182787049564122, 0.8203366499677806, 0.8203975059668833, 0.8242545970265711, 0.8200555585053054, 0.8280295080583369, 0.8196837689849099, 0.8238223008406292, 0.822652127105154, 0.823994256065049, 0.8202191796999899, 0.8189833927863848, 0.8223358927555596, 0.8208109802606391, 0.8236946632140582, 0.8220593889439938, 0.8176383341609554, 0.8121497523342274, 0.8132032151033081, 0.8163916805731662], "test_acc": [43.54, 46.98, 48.95, 51.76, 52.14, 52.18, 53.13, 54.25, 54.37, 54.73, 55.08, 55.69, 55.22, 56.36, 56.37, 57.25, 57.97, 57.62, 57.73, 58.35, 57.53, 58.54, 59.26, 58.53, 60.36, 59.65, 60.2, 60.23, 58.38, 60.54, 60.7, 61.16, 60.59, 61.82, 61.01, 60.65, 61.03, 61.32, 61.0, 61.52, 61.8, 61.84, 61.26, 62.02, 62.34, 62.52, 62.53, 62.87, 62.7, 62.66, 62.9, 62.17, 62.17, 62.78, 62.38, 63.52, 63.56, 62.76, 63.79, 63.24, 63.69, 63.39, 64.03, 63.82, 63.77, 64.19, 64.53, 64.64, 64.0, 64.17, 64.74, 64.74, 64.06, 64.73, 64.58, 65.28, 64.69, 64.27, 65.02, 64.98, 65.03, 65.22, 65.52, 65.54, 64.72, 65.42, 65.38, 65.67, 65.45, 64.91, 65.74, 65.55, 65.98, 65.66, 65.45, 65.03, 66.11, 65.85, 66.12, 66.21, 66.32, 65.73, 66.45, 66.61, 65.87, 66.24, 65.98, 66.4, 66.85, 66.66, 66.46, 66.5, 66.91, 67.32, 66.44, 66.8, 66.66, 66.91, 66.81, 66.9, 67.15, 67.08, 67.14, 67.17, 67.34, 67.07, 67.5, 67.21, 67.6, 67.42, 68.07, 67.32, 67.31, 67.5, 67.56, 67.99, 67.86, 68.22, 68.31, 68.14, 68.46, 68.07, 68.33, 68.35, 68.16, 68.32, 68.22, 68.56, 68.24, 68.28, 68.19, 68.21, 68.66, 68.31, 68.4, 68.33, 68.37, 68.31, 68.44, 68.6, 68.22, 68.41, 68.16, 68.44, 68.42, 68.34, 68.42, 68.54, 68.59, 68.21, 68.45, 68.54, 68.47, 68.59, 68.9, 68.62, 68.62, 68.59, 68.85, 68.85, 68.73, 68.61, 68.86, 68.89, 68.95, 68.83, 68.78, 68.72, 68.84, 68.73, 68.86, 68.86, 68.78, 68.8, 68.83, 68.78, 68.8, 68.77, 68.78, 68.79],