{"num_param": 290826, "latency": {"mean": 0.0004325141693456485, "std": 0.00021898498416949764}, "train_acc": [35.198, 43.338, 45.95, 48.014, 49.93, 51.0, 52.402, 53.238, 54.292, 54.874, 55.394, 55.932, 56.772, 56.998, 57.332, 57.444, 57.902, 58.408, 58.57, 59.078, 59.462, 59.494, 59.708, 60.224, 60.088, 60.594, 60.494, 61.204, 60.92, 60.994, 61.11, 61.52, 61.666, 61.818, 62.01, 62.366, 62.372, 62.352, 62.638, 62.76, 62.862, 62.87, 63.154, 63.31, 63.574, 63.454, 63.656, 63.732, 63.936, 63.794, 64.064, 64.286, 64.672, 64.05, 64.462, 64.502, 64.936, 64.824, 64.96, 65.074, 65.094, 65.146, 65.298, 65.116, 65.598, 65.738, 65.9, 65.89, 65.664, 65.582, 65.838, 66.024, 66.17, 66.43, 66.432, 66.442, 66.368, 66.688, 66.87, 66.928, 66.778, 66.854, 67.066, 67.04, 67.532, 67.416, 67.628, 67.334, 67.678, 67.672, 67.826, 67.596, 67.948, 67.912, 68.128, 68.376, 68.23, 68.52, 68.36, 68.576, 68.588, 68.972, 68.726, 68.562, 68.88, 68.892, 68.822, 69.054, 69.216, 69.27, 69.122, 69.372, 69.066, 69.24, 69.624, 69.58, 69.56, 69.926, 69.818, 69.832, 69.812, 69.934, 70.21, 70.15, 70.43, 70.72, 70.39, 70.178, 70.432, 70.254, 70.59, 70.388, 70.482, 70.492, 70.646, 70.736, 70.902, 70.8, 71.084, 71.148, 71.166, 71.012, 71.322, 71.072, 71.372, 71.142, 71.644, 71.4, 71.474, 71.208, 71.608, 71.656, 71.654, 71.788, 71.776, 71.618, 71.906, 71.766, 72.054, 71.726, 71.928, 71.858, 72.138, 72.102, 72.108, 71.942, 72.076, 71.942, 72.044, 72.18, 72.324, 72.408, 72.078, 72.43, 72.24, 72.502, 71.974, 72.396, 72.338, 72.388, 72.498, 72.654, 72.338, 72.504, 72.334, 72.652, 72.394, 72.704, 72.496, 72.462, 72.654, 72.536, 72.438, 72.502, 72.724, 72.486, 72.748, 72.424, 72.188, 72.462], "train_loss": [1.8819732667541016, 1.6098848827664698, 1.532149206844569, 1.46480656501504, 1.4139121067272267, 1.3772958277206884, 1.3483369141454813, 1.3181821709631043, 1.293128927281783, 1.2721088594987617, 1.2569006081582337, 1.2452688200765134, 1.2329636111293019, 1.2204293530107841, 1.2111400174774272, 1.198797757512701, 1.1913945746589607, 1.1805831772809752, 1.1688080115037627, 1.1593843235164136, 1.1542104079184896, 1.1483101466490684, 1.1393887841465071, 1.1344939790241855, 1.1255559203186938, 1.1153397590246097, 1.119350234209843, 1.1075853782819771, 1.1058072131258208, 1.10574212832399, 1.098955719728769, 1.0939114695165832, 1.086584063958298, 1.0840759753265674, 1.0796507215621909, 1.0722545444850957, 1.072448027664015, 1.0624574383176144, 1.0601315049887161, 1.05750203653169, 1.0575058012914749, 1.0511443195477252, 1.0460957643014075, 1.0434455997617444, 1.0343885208388894, 1.0371012853188004, 1.0347444096667142, 1.0282443569626323, 1.026712939972612, 1.0257735621143593, 1.0208288452141725, 1.0213978393521739, 1.0078915299815545, 1.0183380862038942, 1.0077880866544338, 1.0064767377542825, 0.9986355791699024, 0.9968047801760321, 0.9967779431179862, 0.993132960506532, 0.9939817239936163, 0.9891673875823664, 0.9851315388943397, 0.983472709940247, 0.9797966327334701, 0.9771253487961611, 0.9707260743898989, 0.970783611653481, 0.9691671771036076, 0.9717102237450946, 0.9684127477865835, 0.9653640895872183, 0.9635993962438917, 0.9570015789184216, 0.9544182596722247, 0.9532397273100879, 0.9539071150643659, 0.9461153455636323, 0.945507198381485, 0.9396485160233039, 0.9419161068920286, 0.94118635624323, 0.9408462785866042, 0.9373936487441633, 0.92617517221607, 0.9315031273236888, 0.9244647066866215, 0.9316741949422803, 0.9198311265469817, 0.9180282684411288, 0.9197326559556728, 0.9197839972344409, 0.9156054473617332, 0.911707339440106, 0.9112024674488807, 0.9073383689536854, 0.9041484516550163, 0.9043713879943733, 0.8968221103237443, 0.8991426423392231, 0.9007214135225202, 0.8888918928473101, 0.8953738593170449, 0.8942372260266058, 0.8871630678478907, 0.8901393159566137, 0.8889845129929517, 0.8818877324681211, 0.8831541876303257, 0.8782581020187127, 0.8792008411899562, 0.8722802804436198, 0.8760145544548181, 0.8746579506423179, 0.8664155309008088, 0.8703781484947399, 0.8647581564640282, 0.8596307623866881, 0.8662070856213341, 0.8650135479138131, 0.8646027598522904, 0.8570121582394903, 0.8524071055387581, 0.8527718859647835, 0.8480023144912964, 0.8441635825011643, 0.847186533937985, 0.8526910376983503, 0.8437018270532214, 0.8477919309358908, 0.8459992343923333, 0.8446712694294698, 0.8427545147985506, 0.841661441043944, 0.8341766731218886, 0.8364645913481636, 0.8275909191778053, 0.8326209216680728, 0.8270710069097469, 0.8271219990074977, 0.8226835536636455, 0.8280246692804366, 0.823863362472788, 0.8255541490120378, 0.8184494442537055, 0.8210982924192591, 0.8156903740960059, 0.8148739829287648, 0.81773127770851, 0.8172603365860913, 0.8190454671723066, 0.8114099499322022, 0.8132912978024645, 0.8065357896393869, 0.811318020025889, 0.8131798710185446, 0.8077266317716563, 0.8087819587970801, 0.803711503877597, 0.80508919743796, 0.8022187163222698, 0.8016619538543931, 0.7935115063678585, 0.8005336610384652, 0.7974955360437919, 0.7970931275067845, 0.7981309834498286, 0.8007860186194581, 0.7944443853749577, 0.7941476486847329, 0.7932888483360495, 0.7943235029795959, 0.796128963230515, 0.7968782457074368, 0.7933795186318576, 0.7894945891332108, 0.793986094547096, 0.7954441107051615, 0.7895373498218913, 0.7902559388335973, 0.7875140443186842, 0.7850897768065477, 0.7896023887666616, 0.7902515765877771, 0.7899090273595359, 0.7849870626543549, 0.7919940163482098, 0.784229756002234, 0.7881732491522513, 0.7845653014463716, 0.7868295000176054, 0.7859291004318498, 0.7907001600384483, 0.7873463528093739, 0.7891354126878374, 0.7860519469775836, 0.7852333357375323, 0.7861569896578713, 0.7877224958141263, 0.7889835021469888], "test_acc": [40.92, 43.4, 46.77, 47.46, 49.29, 50.55, 52.27, 53.51, 53.34, 53.12, 53.25, 53.75, 55.14, 55.41, 55.54, 56.04, 56.46, 56.82, 56.39, 56.91, 57.0, 56.67, 57.68, 57.98, 58.79, 57.88, 59.11, 58.95, 59.08, 59.42, 60.03, 58.88, 59.68, 60.37, 60.2, 60.43, 59.61, 60.74, 60.8, 61.12, 61.17, 61.44, 61.67, 61.16, 60.64, 61.23, 61.3, 62.02, 61.65, 61.26, 61.83, 62.17, 61.46, 62.21, 62.23, 62.79, 61.97, 62.48, 62.65, 62.93, 63.06, 62.88, 63.26, 63.48, 62.98, 62.9, 62.6, 63.57, 63.95, 63.63, 63.27, 63.92, 63.42, 63.91, 63.31, 64.04, 64.57, 64.08, 64.39, 63.88, 64.7, 64.42, 64.14, 64.28, 64.29, 64.47, 64.48, 64.66, 65.07, 64.48, 65.08, 65.06, 65.35, 65.21, 64.98, 65.23, 65.37, 65.7, 65.16, 65.23, 65.49, 65.6, 65.19, 65.82, 65.96, 65.87, 65.56, 65.94, 65.85, 65.62, 65.58, 65.83, 66.07, 65.92, 65.81, 66.27, 66.24, 66.0, 66.44, 66.27, 66.25, 65.92, 65.8, 65.49, 66.26, 66.06, 66.46, 66.35, 65.46, 66.19, 66.42, 65.99, 66.08, 65.92, 65.89, 66.17, 66.16, 66.52, 66.79, 66.3, 66.68, 66.59, 66.67, 66.68, 66.66, 66.75, 66.59, 66.67, 66.89, 66.93, 66.89, 66.8, 66.71, 66.83, 66.73, 66.61, 66.95, 66.68, 66.82, 66.76, 66.82, 66.78, 66.84, 66.72, 66.67, 67.0, 66.76, 66.9, 67.01, 67.22, 66.97, 67.01, 66.97, 67.09, 67.0, 67.15, 67.24, 67.03, 66.96, 66.99, 67.05, 67.18, 67.07, 67.21, 67.14, 67.17, 67.13, 67.15, 67.1, 67.17, 67.24, 67.19, 67.15, 67.15, 67.16, 67.15, 67.12, 67.13, 67.13, 67.13],