{"num_param": 4030474, "latency": {"mean": 0.0014326053838760327, "std": 4.134706054846581e-05}, "train_acc": [35.444, 43.612, 46.196, 47.938, 49.218, 50.124, 50.744, 51.5, 52.13, 52.494, 53.088, 53.558, 53.882, 54.634, 55.006, 55.258, 55.5, 55.918, 56.472, 56.394, 56.726, 57.016, 57.236, 57.486, 57.798, 58.226, 58.168, 58.476, 58.488, 59.072, 58.872, 59.31, 59.492, 59.57, 59.788, 59.916, 59.904, 60.358, 60.378, 60.47, 60.708, 60.826, 61.042, 61.252, 61.414, 61.572, 61.784, 61.508, 61.958, 61.996, 62.12, 61.998, 62.356, 62.502, 62.87, 62.758, 62.712, 63.214, 62.818, 63.454, 63.212, 63.076, 63.634, 63.712, 63.924, 63.812, 64.01, 64.006, 64.146, 64.206, 64.264, 64.486, 64.672, 64.776, 64.822, 64.992, 65.082, 64.938, 65.038, 64.948, 65.61, 65.598, 65.5, 65.72, 65.91, 65.748, 66.116, 66.1, 65.804, 66.178, 66.35, 66.578, 66.41, 66.522, 66.592, 66.776, 66.964, 67.064, 66.922, 66.986, 67.35, 67.462, 67.428, 67.442, 67.628, 67.542, 67.92, 67.636, 68.048, 67.93, 68.29, 68.352, 68.058, 68.308, 68.65, 68.254, 68.674, 68.778, 68.488, 68.828, 68.784, 68.9, 69.08, 69.032, 69.086, 69.232, 69.172, 69.352, 69.67, 69.52, 69.596, 69.218, 69.546, 69.73, 69.76, 69.858, 69.89, 69.812, 69.86, 70.26, 70.112, 70.202, 70.536, 70.342, 70.384, 70.508, 70.726, 70.5, 70.77, 70.736, 70.404, 70.704, 70.806, 70.968, 70.82, 70.92, 70.832, 71.318, 71.26, 71.004, 71.026, 71.216, 71.222, 71.186, 71.488, 71.592, 71.804, 71.748, 71.606, 71.68, 71.59, 71.714, 71.986, 71.812, 71.57, 71.522, 71.786, 71.604, 71.864, 71.936, 72.02, 71.678, 72.028, 71.68, 71.67, 71.794, 71.884, 71.626, 72.03, 71.998, 71.838, 72.12, 71.964, 72.006, 71.882, 71.896, 71.88, 72.072, 72.16, 71.782], "train_loss": [1.7850135412264998, 1.573335223448101, 1.497845254299813, 1.452326210164444, 1.4150810517032255, 1.3900609752800857, 1.3687393815183364, 1.3497710859478091, 1.3361132450006135, 1.3195442852116668, 1.308127502066465, 1.2921533813021997, 1.2854029908823952, 1.2699619380236435, 1.25937822375325, 1.249824548637112, 1.2443011692145354, 1.2333532731577286, 1.222427499462074, 1.2162611150848355, 1.2107291257465336, 1.2034882228494987, 1.196104257707785, 1.1901601632664924, 1.1797310736647646, 1.1676679629205666, 1.1728212922639902, 1.161586586169074, 1.1614293621201128, 1.1520741471707325, 1.1514785199766349, 1.142363519258249, 1.1394702161418575, 1.135066698242744, 1.1292838227344641, 1.1209072560281685, 1.122134113571084, 1.111293329844777, 1.1113191365204174, 1.111482110510861, 1.1020784096617158, 1.0990001383837567, 1.0923874876625783, 1.0889659263122105, 1.0849301236528506, 1.0796021019809916, 1.0804891346245338, 1.0771797618573091, 1.0735173854245181, 1.0719632996783681, 1.0663101702489994, 1.0642441932924727, 1.0515569866428143, 1.0576619788460906, 1.0466699528717034, 1.0468440560179495, 1.0467597371442763, 1.0393346550177858, 1.0381351806418833, 1.0343894426897406, 1.0312071264705365, 1.0345703195244245, 1.0243608666701876, 1.0252600306512756, 1.017914228937371, 1.012698930726933, 1.0130153170626512, 1.0095842199224885, 1.0086351279943933, 1.008194471313186, 1.0026954718110506, 0.9995812604004805, 0.9976272549258541, 0.991284394294729, 0.9931538879528156, 0.9870566920218221, 0.9891317495724671, 0.9831623520442331, 0.9828649855582896, 0.9757663240931542, 0.9746875778765383, 0.9708660678915388, 0.9710734170251982, 0.9671939399786965, 0.9625981589272781, 0.9650411875447782, 0.9554772904990044, 0.9574358323523423, 0.9535225973972814, 0.9537281903103995, 0.9483553833940132, 0.9466271304352041, 0.945685268573401, 0.9426936683598346, 0.9431416487281931, 0.9336297583938484, 0.9355760004874307, 0.9280445731685318, 0.9302883613818895, 0.9295850547932694, 0.9224410456529581, 0.9162180781250037, 0.9169449769985348, 0.9172996503187156, 0.9116546332416668, 0.9109374152416613, 0.9062355343569416, 0.9085178034319301, 0.9045158281436122, 0.9062463560320976, 0.9007431558897613, 0.8975705062626115, 0.8938250743991965, 0.8913376921274231, 0.8885491605912427, 0.8925157061808398, 0.8907155610778281, 0.8834433284464815, 0.8881069306219836, 0.884845070726812, 0.8825276665823321, 0.8765284155357822, 0.8750463399990811, 0.8756198711831525, 0.8729446956688826, 0.8690631441290533, 0.8675610848290753, 0.8666552326195681, 0.8637957163178913, 0.863090357659188, 0.860897350276958, 0.8640846865000209, 0.8602166814313664, 0.8550992538283745, 0.8519122535726311, 0.850857966463305, 0.851716326393535, 0.8483313380604132, 0.8485585198292577, 0.840341922856262, 0.8416925559460317, 0.8412161385944389, 0.8355418273789411, 0.8358254439351808, 0.8347653632200611, 0.8369061707954565, 0.8317899603494374, 0.8344747193982337, 0.8255215119034224, 0.8323251719438183, 0.8345708545399871, 0.8254591832729921, 0.8237390628207286, 0.8226890120076127, 0.822729782576143, 0.8220118897432558, 0.8190279756306229, 0.8171938512657823, 0.8132411444408346, 0.8168082794392635, 0.8171206696515502, 0.8105004445452455, 0.8073567266618298, 0.8122155019013606, 0.8084655576078692, 0.8071228814140315, 0.80410768296653, 0.8000671108487472, 0.8053949379951467, 0.79948744019559, 0.804713492925855, 0.7989253807510235, 0.8001693420622186, 0.800106816580108, 0.8034588392926422, 0.7995984385925764, 0.7980601396876424, 0.8009096602370017, 0.7956007118798645, 0.7946069160677727, 0.79573671449207, 0.7993671826002923, 0.7915744779587403, 0.7992330403642173, 0.7949046801658907, 0.8000504558504352, 0.7948060592282528, 0.79523177564106, 0.7938600773431518, 0.7928216117776821, 0.7980847671790071, 0.789089980544147, 0.7961427164970113, 0.7932570287606232, 0.791495377675738, 0.7947627887730406, 0.7952583138941193, 0.7878766517492722, 0.7891778728554665, 0.7915144275566438], "test_acc": [42.0, 48.11, 51.28, 52.26, 52.85, 53.64, 53.19, 55.31, 55.9, 54.83, 55.1, 56.84, 56.35, 57.21, 57.62, 57.49, 58.7, 57.9, 58.9, 59.23, 58.43, 59.43, 59.75, 58.96, 61.37, 59.39, 60.82, 60.95, 59.82, 61.3, 61.08, 60.69, 61.11, 62.04, 61.53, 62.1, 61.3, 62.33, 62.09, 62.36, 62.49, 62.05, 62.96, 63.4, 62.7, 63.31, 63.42, 63.09, 62.99, 63.24, 63.44, 63.95, 62.74, 63.54, 63.3, 64.25, 63.68, 63.77, 64.67, 64.56, 64.98, 64.37, 64.8, 64.47, 64.84, 64.94, 64.56, 64.74, 64.57, 65.11, 65.77, 65.36, 65.21, 64.88, 65.21, 65.43, 65.47, 65.86, 65.5, 66.2, 66.3, 65.31, 65.75, 66.16, 65.53, 66.12, 65.53, 66.26, 66.5, 65.99, 66.29, 66.66, 66.17, 66.08, 66.23, 66.54, 66.71, 66.41, 66.71, 67.32, 66.75, 67.04, 67.1, 67.15, 66.72, 66.72, 66.47, 67.29, 67.2, 67.45, 66.78, 66.62, 67.24, 67.16, 67.11, 67.56, 67.3, 67.39, 67.17, 67.4, 67.29, 67.23, 67.76, 67.52, 67.61, 67.41, 68.0, 67.68, 67.45, 67.77, 67.97, 67.57, 68.06, 67.8, 68.01, 67.82, 68.06, 68.02, 68.71, 68.27, 68.37, 67.99, 68.03, 68.4, 68.23, 68.62, 68.66, 68.67, 68.52, 68.66, 68.74, 68.7, 68.58, 68.65, 68.77, 68.67, 68.62, 68.9, 68.66, 68.92, 69.04, 68.78, 68.92, 68.97, 69.06, 68.98, 68.7, 68.61, 68.9, 68.69, 69.23, 69.18, 68.95, 69.05, 68.89, 68.95, 69.16, 69.22, 69.19, 69.13, 69.15, 69.29, 69.15, 69.16, 69.21, 69.05, 69.1, 69.09, 69.05, 69.1, 69.14, 69.2, 69.24, 69.28, 69.29, 69.28, 69.27, 69.26, 69.25, 69.25],