{"num_param": 958474, "latency": {"mean": 0.0008183502808165626, "std": 3.0237763927182866e-05}, "train_acc": [36.236, 44.486, 47.564, 49.13, 50.242, 51.53, 52.062, 53.09, 53.844, 54.502, 54.704, 55.406, 55.646, 56.3, 56.868, 57.032, 57.558, 58.022, 58.12, 58.634, 59.078, 59.28, 59.366, 59.646, 60.126, 60.316, 60.176, 60.92, 60.812, 61.252, 61.45, 61.634, 61.724, 61.936, 62.188, 62.25, 62.36, 62.772, 62.596, 63.09, 63.208, 63.122, 63.4, 63.798, 63.906, 64.322, 64.19, 64.144, 64.374, 64.49, 64.71, 64.592, 65.256, 65.094, 65.498, 65.418, 65.79, 65.712, 66.168, 65.71, 66.198, 66.118, 66.332, 66.478, 66.876, 66.928, 66.828, 66.838, 67.024, 67.052, 67.158, 67.13, 67.294, 67.394, 67.49, 67.606, 67.934, 67.756, 68.066, 67.952, 68.242, 68.198, 68.48, 68.274, 68.438, 68.636, 68.84, 68.85, 68.944, 69.062, 69.13, 69.112, 69.388, 69.294, 69.374, 69.506, 69.52, 70.26, 69.886, 70.124, 69.974, 70.102, 70.42, 70.418, 70.346, 70.442, 70.658, 70.314, 70.816, 70.836, 70.908, 71.37, 70.928, 70.956, 71.196, 71.254, 71.344, 71.236, 71.524, 71.774, 71.72, 71.514, 71.812, 71.61, 72.148, 72.088, 72.04, 72.086, 72.48, 72.348, 72.386, 72.29, 72.286, 72.288, 72.608, 72.74, 72.65, 72.872, 72.88, 73.006, 73.066, 72.998, 73.062, 73.136, 73.25, 73.232, 73.254, 73.464, 73.326, 73.588, 73.356, 73.748, 73.434, 73.914, 74.094, 73.868, 73.744, 73.86, 73.868, 73.974, 73.806, 73.94, 73.964, 73.768, 73.966, 74.434, 73.922, 74.378, 74.176, 74.332, 74.26, 74.316, 74.154, 74.284, 74.484, 74.392, 74.378, 74.462, 74.324, 74.354, 74.58, 74.464, 74.28, 74.516, 74.506, 74.424, 74.516, 74.462, 74.636, 74.56, 74.382, 74.456, 74.632, 74.486, 74.48, 74.592, 74.636, 74.762, 74.776, 74.464], "train_loss": [1.7715886610864602, 1.5488246728118535, 1.4747059027964078, 1.4251002496965253, 1.3884703030741832, 1.3573534505457276, 1.3357502306720346, 1.3113577682012483, 1.290847856839803, 1.2738185360198286, 1.2612433667298852, 1.2474727651589357, 1.2379886828701387, 1.2236793117880136, 1.2081650141257165, 1.2017678083400274, 1.1859297704711909, 1.1781722605800447, 1.168158729222823, 1.1605458137169908, 1.153914292920345, 1.1444651718255578, 1.1377612185722272, 1.1355127835990677, 1.124422551936548, 1.1108683417870002, 1.112141071186566, 1.0979278952703213, 1.101474824427643, 1.0916486821034286, 1.084847697598463, 1.083233208150644, 1.0746808295362817, 1.0693384625937645, 1.0644323356015821, 1.057987424706467, 1.058515559765138, 1.0509254144539226, 1.043702249620789, 1.0427844834800568, 1.0355046009376732, 1.0336767133809173, 1.026686619278413, 1.022705755551046, 1.0189942005957386, 1.010092595621934, 1.0150607944450085, 1.0067521372591923, 1.001897680343761, 0.9985192660254236, 0.9960096885741557, 0.9916060033396735, 0.9795388965483133, 0.9837396987264002, 0.9768179835452533, 0.9741040508638799, 0.9698892109339159, 0.965115981744942, 0.9607046588406835, 0.9647923951071192, 0.9573581239312258, 0.9561356994789988, 0.9521483991364219, 0.9464819297833238, 0.9426371807367162, 0.9383950454069114, 0.937591298013182, 0.9351497592639252, 0.9351121888508495, 0.9293379890789073, 0.9253808072340923, 0.9242647052840857, 0.921153311194019, 0.9209328204183646, 0.914837038810636, 0.9106522825041873, 0.9090589916027286, 0.9050623576227702, 0.9054530749356068, 0.9026730206061538, 0.9009612394652913, 0.8962645255558321, 0.8931134920889037, 0.894158357831811, 0.887353727490339, 0.8836685273407822, 0.876164498480939, 0.8794598513624261, 0.8759486955362333, 0.873024256391092, 0.8683461947694316, 0.8707445730060167, 0.8694295426514845, 0.8676529885558691, 0.8584996286639021, 0.8581166820539852, 0.8596560966488038, 0.8479537141109534, 0.8504586036931377, 0.8456060918797611, 0.84547906399002, 0.8411411352631989, 0.8397600585958245, 0.8366775628148327, 0.8375525953711719, 0.8350999569633567, 0.8290256823550717, 0.8318572797534257, 0.8240605768338275, 0.8246447991768061, 0.8227936248137108, 0.8139794238450355, 0.818468367508109, 0.8139620668904871, 0.813399876491122, 0.816801379200593, 0.8099799950917562, 0.8077294715154041, 0.808568309227473, 0.8033299396149409, 0.8005100747597805, 0.8018847506967631, 0.7960358846286743, 0.8003780439505574, 0.7934030721051069, 0.7881294481279907, 0.7865347507399622, 0.7901725160412048, 0.7855847366559375, 0.782138436460678, 0.780015573477562, 0.7819138794126834, 0.7784571855669211, 0.7790783988651525, 0.774728418121106, 0.7726660177674114, 0.7756873950009459, 0.7695023271225998, 0.7713099356576257, 0.7653007873418006, 0.7643951615956222, 0.7674856542663855, 0.7624511599769519, 0.760917557016139, 0.7567722845252934, 0.7547064316402394, 0.7549045534562546, 0.7558985979356448, 0.7536166104191935, 0.7524063951947791, 0.7538504106679637, 0.750090156048441, 0.750425271189373, 0.7439437067363786, 0.7411186007338308, 0.7444197356853436, 0.7396850997602337, 0.7430939141253363, 0.741466629070421, 0.7355593208197364, 0.7380436141179757, 0.7415784832497705, 0.7320699636477045, 0.7404439637410053, 0.7341729815350995, 0.7270136529333074, 0.7340487049831768, 0.7315293320538673, 0.7326341377319774, 0.728253501714687, 0.7293930261926779, 0.7303825448090193, 0.7301196116556057, 0.7287782648207664, 0.7264707887393881, 0.7270967450495798, 0.7281322850680703, 0.7288538096657337, 0.7286939214073689, 0.720752463574144, 0.7221943096365596, 0.7229226862514774, 0.727435678091098, 0.7214799913090921, 0.7242630449000338, 0.727358112713502, 0.7235435445054708, 0.7247613924898098, 0.719549268627121, 0.7220796536766255, 0.7249948577246297, 0.7193131541889292, 0.7214163711016863, 0.7230492057856732, 0.7194627056366651, 0.716842352028314, 0.71825315013423, 0.7162599118184525, 0.7132863442122136, 0.7234157974416449], "test_acc": [43.39, 47.87, 50.79, 51.91, 53.06, 54.35, 54.44, 55.94, 55.89, 56.65, 56.15, 58.45, 57.19, 58.59, 58.37, 58.26, 59.73, 59.67, 59.9, 59.62, 59.3, 60.65, 61.2, 60.78, 61.85, 60.72, 61.81, 62.69, 61.08, 62.06, 61.54, 62.62, 62.4, 63.29, 63.02, 62.76, 62.78, 63.55, 63.21, 63.39, 63.35, 64.5, 64.67, 63.86, 64.2, 64.3, 63.6, 63.12, 64.07, 64.58, 64.28, 64.11, 63.94, 64.69, 64.19, 64.75, 64.85, 64.87, 65.44, 65.57, 65.69, 64.1, 65.34, 66.04, 65.51, 65.8, 65.82, 65.63, 65.85, 65.9, 66.07, 66.08, 65.6, 65.6, 66.32, 67.02, 66.18, 66.17, 66.86, 66.99, 67.04, 67.14, 66.75, 67.1, 65.91, 66.95, 67.23, 67.86, 67.32, 66.6, 67.65, 67.55, 67.46, 66.91, 67.07, 67.53, 67.21, 67.52, 67.45, 67.73, 67.51, 67.82, 68.46, 68.02, 67.99, 68.0, 67.31, 67.98, 68.18, 68.33, 67.72, 68.09, 67.94, 67.96, 68.36, 68.68, 68.11, 68.12, 68.22, 68.13, 68.05, 68.44, 68.11, 67.83, 68.31, 68.38, 68.6, 68.58, 68.33, 68.59, 68.84, 68.21, 69.25, 68.96, 68.7, 68.66, 68.54, 68.94, 69.04, 69.09, 68.75, 68.64, 68.55, 69.01, 69.02, 69.12, 68.76, 69.1, 69.22, 69.1, 69.41, 69.46, 69.33, 69.31, 69.18, 69.23, 69.36, 69.36, 69.31, 69.29, 69.51, 69.17, 69.34, 69.22, 69.45, 69.31, 69.44, 69.49, 69.48, 69.31, 69.5, 69.39, 69.51, 69.73, 69.5, 69.59, 69.57, 69.79, 69.71, 69.62, 69.58, 69.52, 69.65, 69.6, 69.63, 69.69, 69.55, 69.64, 69.66, 69.61, 69.61, 69.57, 69.5, 69.59, 69.62, 69.61, 69.57, 69.57, 69.57, 69.57],