{"num_param": 1843210, "latency": {"mean": 0.0008460817359887754, "std": 0.0002758073242469471}, "train_acc": [37.082, 45.754, 48.172, 49.778, 51.632, 52.446, 53.13, 54.078, 54.998, 55.942, 55.99, 56.776, 57.056, 57.532, 58.028, 58.32, 58.984, 59.182, 59.802, 59.928, 60.36, 60.314, 61.054, 61.142, 61.592, 61.752, 61.586, 62.15, 62.262, 62.61, 63.012, 62.952, 63.354, 63.57, 63.716, 64.252, 64.056, 64.312, 64.244, 64.574, 64.65, 64.954, 65.25, 65.298, 65.444, 65.66, 65.9, 66.038, 66.04, 66.13, 66.268, 66.654, 66.916, 66.55, 67.04, 67.072, 67.5, 67.504, 67.4, 67.698, 67.53, 67.836, 67.958, 68.008, 68.63, 68.272, 68.532, 68.778, 68.798, 68.874, 69.034, 68.858, 69.024, 69.68, 69.28, 69.4, 69.836, 69.736, 69.946, 69.89, 70.058, 70.154, 70.396, 70.248, 70.572, 70.408, 70.634, 70.896, 71.098, 71.268, 71.396, 71.208, 71.47, 71.298, 71.666, 71.642, 71.684, 72.22, 71.862, 71.974, 72.042, 72.236, 72.21, 72.7, 72.594, 72.612, 72.882, 72.852, 72.936, 72.86, 73.208, 73.478, 73.418, 73.694, 73.382, 73.394, 73.668, 73.616, 73.874, 73.77, 73.834, 73.834, 74.006, 74.336, 74.496, 74.51, 74.306, 74.186, 74.656, 74.412, 74.682, 74.656, 74.84, 75.054, 75.026, 75.14, 74.932, 75.308, 75.104, 75.264, 75.484, 75.32, 75.37, 75.264, 75.698, 75.55, 75.924, 75.586, 75.78, 75.566, 75.906, 76.184, 75.854, 76.166, 76.352, 76.226, 76.11, 76.186, 76.31, 76.496, 76.28, 76.502, 76.54, 76.468, 76.558, 76.912, 76.488, 76.748, 76.692, 76.772, 76.838, 76.866, 77.014, 76.878, 76.862, 76.948, 77.048, 76.846, 76.936, 77.186, 77.254, 77.186, 77.17, 76.986, 77.078, 77.124, 77.086, 77.27, 77.066, 77.072, 77.17, 77.336, 77.124, 77.226, 77.354, 77.134, 77.316, 77.302, 77.32, 77.062], "train_loss": [1.7466482840816866, 1.5216587309416334, 1.450403540392221, 1.395870689962891, 1.3581690127774835, 1.326340578034072, 1.3025984133350033, 1.279432401432872, 1.2585286994203115, 1.2402298630084736, 1.2274961577953625, 1.2108725609873932, 1.2029738298457018, 1.191466646970882, 1.1756834684086395, 1.1622865800665345, 1.152505866053466, 1.1427481300313733, 1.1351017454687937, 1.1228433800902948, 1.1151151738712899, 1.1086803160831857, 1.0954944699602256, 1.0918425932497988, 1.083228750348625, 1.0718034357118515, 1.0711923381760573, 1.0608446488987537, 1.0609340376756318, 1.0505041088801657, 1.042661112123625, 1.0371523716094322, 1.0337923135958798, 1.028354970522592, 1.0201508058467432, 1.0086487697548234, 1.0149422933943975, 1.0032410274998012, 0.9998412072200922, 0.9987068013434065, 0.9939591844190181, 0.9848705265701999, 0.9804794288795114, 0.9751516813203759, 0.9715919198321747, 0.9667709731018398, 0.9634101263277819, 0.9581204167139965, 0.955587828285177, 0.955533991276417, 0.9472544974267902, 0.9409834124190793, 0.9341444891954338, 0.9396783779884712, 0.9292754549974062, 0.9262354618185084, 0.9192706587523585, 0.915095530331173, 0.9149757523950063, 0.9139063476906018, 0.9116636893341957, 0.9062131569123162, 0.9026847838287695, 0.8979690808252272, 0.8898529665293178, 0.8924243032970416, 0.8856372239874939, 0.8810127018852564, 0.8815791645419193, 0.8772729644200318, 0.8767896606536226, 0.8723135610574038, 0.8717389851903885, 0.8648024356601639, 0.8659530346849678, 0.8619375080728257, 0.8556238663402491, 0.8502916555830247, 0.8515040000241609, 0.8468658700537697, 0.846445190757799, 0.8427229974793076, 0.8328576122082278, 0.8336055873680481, 0.8277577718937923, 0.8317230371085025, 0.824016933801917, 0.8251890463090752, 0.8169814805266038, 0.8162524855754655, 0.8142226045130158, 0.8112399358056862, 0.8106802810443493, 0.8057645661512095, 0.801531099407473, 0.79839527046383, 0.7967882396525782, 0.7915891157612157, 0.7915092110061829, 0.7889845366670165, 0.7880368689390916, 0.7881885338157549, 0.78352757540942, 0.7773626212004432, 0.7778384325524134, 0.7746755738175991, 0.7680947343012651, 0.7696567929027481, 0.7640065264221345, 0.7654910279784688, 0.7650711630409678, 0.7572511099922451, 0.7545382178943277, 0.7489805709301319, 0.7509796009068297, 0.747802440508466, 0.7465237707986484, 0.7458393907630894, 0.740596221050847, 0.739402078440078, 0.7389834285621375, 0.7368297431896835, 0.732617451568025, 0.7274473606968109, 0.7249351501541114, 0.7217010445249287, 0.722767551511202, 0.725275877036121, 0.71828068023451, 0.7217634289179257, 0.7164652102167456, 0.7146135486629019, 0.7116772628181345, 0.7069851995582239, 0.704899404686533, 0.7023065610909721, 0.7030300937130599, 0.7009824827189485, 0.7014831512289328, 0.6979950380416841, 0.6969394182937693, 0.6982779882881631, 0.6928724999982275, 0.6922969074487229, 0.6922247523652844, 0.6878205701489519, 0.6834802676185308, 0.687369065622603, 0.6818073587355061, 0.6874180784209447, 0.6843521043763127, 0.6788625328474448, 0.6828808696393546, 0.6759559287715248, 0.6735217189338828, 0.6748454667060557, 0.6722133281192029, 0.6743393696544266, 0.6702248316236741, 0.6680150919820892, 0.6659346892428718, 0.6658003324033813, 0.663960152399212, 0.6667089390586907, 0.6578201008430293, 0.6611608616049597, 0.6615581141113853, 0.6589588545219912, 0.6594734682498341, 0.659137590585118, 0.6559121653351812, 0.6528553565629232, 0.6554812914045361, 0.6546948185370507, 0.6548124924540444, 0.6531115843749398, 0.6517982267830056, 0.6541800864865516, 0.650242685356433, 0.6526728915580937, 0.6458032804750435, 0.6468688395072159, 0.6460910274749068, 0.6504708032385326, 0.6490037750431306, 0.6540434318174556, 0.6509336172981439, 0.6479514295083929, 0.6483919865434473, 0.6533075148717609, 0.6492629848225179, 0.6433244221536913, 0.647244460580445, 0.6467406831143074, 0.645858087765812, 0.6432962817445598, 0.6433634384274864, 0.6430653145754863, 0.6431011972676007, 0.6491615548872902], "test_acc": [44.62, 49.26, 50.88, 52.88, 53.92, 54.66, 55.2, 56.97, 57.34, 57.56, 57.18, 59.2, 58.99, 59.61, 59.73, 60.2, 61.2, 60.92, 60.48, 61.59, 61.19, 61.95, 62.87, 62.6, 63.15, 62.83, 63.67, 64.21, 62.45, 63.47, 62.73, 63.69, 63.92, 64.57, 64.61, 64.44, 64.94, 64.41, 64.77, 64.76, 64.96, 65.42, 66.03, 66.05, 65.46, 66.0, 64.95, 65.25, 65.69, 66.65, 66.19, 66.12, 66.1, 66.3, 66.62, 66.59, 66.42, 66.6, 66.56, 66.88, 67.36, 65.95, 66.85, 66.92, 66.4, 67.12, 66.92, 66.45, 66.89, 67.43, 68.25, 67.64, 67.24, 67.39, 67.45, 67.79, 67.71, 68.56, 67.92, 68.07, 67.66, 68.52, 67.99, 68.66, 67.15, 68.93, 68.42, 67.72, 68.31, 68.21, 68.86, 69.32, 68.62, 68.85, 68.74, 68.43, 69.48, 69.11, 69.1, 69.49, 68.77, 69.25, 69.44, 69.3, 68.58, 69.12, 68.52, 69.55, 69.61, 69.41, 68.89, 69.19, 69.39, 69.44, 69.58, 69.91, 69.37, 69.23, 69.11, 69.56, 69.58, 70.12, 69.55, 69.7, 69.69, 69.65, 69.71, 69.86, 69.89, 70.23, 70.25, 69.57, 69.88, 69.5, 69.58, 69.9, 70.11, 69.84, 69.93, 69.35, 70.21, 70.04, 69.77, 69.92, 70.22, 70.34, 70.18, 70.4, 70.48, 70.29, 70.44, 70.18, 70.04, 70.59, 70.47, 70.36, 70.67, 70.52, 70.5, 70.43, 70.52, 70.56, 70.29, 70.36, 70.54, 70.48, 70.51, 70.38, 70.46, 70.6, 70.65, 70.62, 70.61, 70.48, 70.4, 70.75, 70.52, 70.66, 70.45, 70.55, 70.58, 70.44, 70.68, 70.65, 70.54, 70.7, 70.58, 70.51, 70.56, 70.64, 70.51, 70.56, 70.58, 70.55, 70.53, 70.57, 70.59, 70.57, 70.59, 70.59],