{"num_param": 258058, "latency": {"mean": 0.0008852216268118958, "std": 0.00023707006107176354}, "train_acc": [34.54, 41.788, 44.212, 46.056, 47.368, 48.76, 49.644, 50.356, 51.232, 51.916, 52.444, 53.12, 53.788, 54.172, 54.386, 54.88, 55.186, 55.544, 55.8, 56.288, 56.484, 56.846, 56.904, 57.514, 57.69, 57.674, 58.014, 58.486, 58.392, 58.388, 58.83, 59.014, 59.432, 59.422, 59.446, 59.658, 59.74, 59.972, 59.992, 60.014, 60.51, 60.804, 60.672, 60.782, 60.912, 61.096, 61.022, 61.22, 61.598, 61.338, 61.5, 61.712, 61.958, 61.83, 62.128, 61.79, 62.338, 62.33, 62.55, 62.624, 62.436, 62.83, 62.7, 62.698, 63.058, 62.97, 63.206, 63.232, 63.324, 63.224, 63.428, 63.466, 63.396, 63.574, 63.848, 63.654, 63.818, 64.082, 64.044, 64.066, 64.356, 64.296, 64.344, 64.5, 64.678, 64.182, 64.63, 64.492, 64.796, 65.054, 65.084, 64.82, 65.108, 64.884, 65.346, 65.238, 65.286, 65.258, 65.598, 65.786, 65.422, 65.836, 65.968, 66.01, 65.904, 65.904, 65.898, 65.896, 66.15, 66.33, 65.892, 66.534, 66.344, 66.43, 66.432, 66.404, 66.816, 66.698, 66.534, 66.85, 66.888, 66.898, 66.982, 66.844, 67.032, 67.314, 67.066, 67.006, 67.16, 67.404, 67.416, 67.28, 67.364, 67.458, 67.622, 67.686, 67.59, 67.736, 67.578, 67.996, 67.996, 67.712, 67.856, 67.888, 68.022, 68.16, 68.276, 68.08, 68.178, 68.446, 68.32, 68.354, 68.222, 68.526, 68.218, 68.404, 68.328, 68.406, 68.424, 68.5, 68.516, 68.674, 68.616, 68.694, 68.558, 68.244, 68.772, 68.856, 68.642, 68.7, 68.642, 69.12, 68.816, 68.89, 68.78, 68.906, 69.016, 68.724, 69.184, 69.062, 69.152, 69.022, 69.062, 69.084, 68.972, 68.972, 68.834, 69.14, 68.808, 69.136, 69.232, 69.06, 69.314, 68.98, 69.268, 69.07, 69.322, 68.964, 69.198, 68.97], "train_loss": [1.8744537337651561, 1.6447268476565526, 1.571874411763553, 1.51556696139767, 1.4768944437200262, 1.4394562880503239, 1.415313837166711, 1.393035413283838, 1.3721680194997512, 1.3516983572519978, 1.3290614840394017, 1.315299284053932, 1.3044836116920124, 1.2913130231187349, 1.2820197644328277, 1.266635177422241, 1.259174642620831, 1.2533804444418606, 1.243766871653378, 1.231544950339402, 1.2238725255257186, 1.2169514336955143, 1.2055247218961223, 1.2059976458168151, 1.1923613266081514, 1.1858694138850299, 1.1850077339798994, 1.1709070045141097, 1.1783576746133375, 1.1716125398512003, 1.1629280981083978, 1.156586900591774, 1.1518233275077927, 1.1492895335245041, 1.1430557770219585, 1.1390921787924289, 1.1363911173393997, 1.1301169831327194, 1.1259951756615252, 1.1275787975112368, 1.117198402158587, 1.1136462608744377, 1.112116494071232, 1.1084420538375719, 1.1053095725356046, 1.1011996782520073, 1.1022146883791863, 1.0941489050957307, 1.0903749363550526, 1.092417590143737, 1.0936161691915203, 1.083931188818284, 1.0773718295689203, 1.0781808825005954, 1.0787520318250967, 1.0742492249815874, 1.0666693073011557, 1.0653382047619944, 1.0668171632389036, 1.0618615576417036, 1.062882428110523, 1.0592732901422168, 1.058811710323955, 1.055406756951728, 1.0488530353941523, 1.0475734190077486, 1.0459769485626782, 1.0361533565965129, 1.0398758103545476, 1.0397438494272897, 1.0348283915052945, 1.0359739825577592, 1.0337032452654702, 1.0317214778120978, 1.026742431839841, 1.0280717108315256, 1.024221139902193, 1.019414904440967, 1.0201359583221028, 1.0174766294825024, 1.0139406052676059, 1.0149708932130976, 1.01363738334034, 1.010506955996127, 1.0001609442673352, 1.0053174045325393, 1.003549140459135, 1.0081951126828075, 0.9979352276255058, 0.9927387269772708, 0.9931098429232321, 0.9984219095223391, 0.9941942784851816, 0.9937274564136241, 0.9878407642388298, 0.9848966865835477, 0.9856291005646504, 0.9841933993101882, 0.9778258041243331, 0.9766361842304945, 0.9786453183003899, 0.9688567484485286, 0.9744569015708857, 0.9683745678273517, 0.9725127813149474, 0.965825410661069, 0.9690000060385645, 0.9627168089704337, 0.9607808011240175, 0.959643522993693, 0.9636868453147849, 0.9531159554623062, 0.9572280307877773, 0.9524274375563773, 0.9580704285521883, 0.954058371098165, 0.94898814775207, 0.9477652819089529, 0.9530496098105906, 0.9479691358765805, 0.9449617000855625, 0.9422411165097091, 0.9389928643206183, 0.9386238164422761, 0.9363088297943084, 0.9330212720601283, 0.9359873310732522, 0.9329543349000025, 0.9330584562061234, 0.9325212235261596, 0.9300741942471903, 0.9314611897549413, 0.9291129072774166, 0.9241053381754814, 0.9198286100716753, 0.9209557385568198, 0.9225628237005845, 0.921300241086091, 0.9216420068926943, 0.9134302432538605, 0.9124864144769145, 0.9161613858135099, 0.916802298122694, 0.915168557232645, 0.9136628980676257, 0.9117293267851065, 0.9081749089696205, 0.9096643142569012, 0.9039159759602635, 0.9057830135866533, 0.9082422658982219, 0.9082954922549173, 0.9042709236982459, 0.8959572764252975, 0.9073571654671824, 0.9020913099144333, 0.9034219949160031, 0.9029624478334962, 0.8980077185733, 0.8924093247031982, 0.8946325228485783, 0.8920251483613684, 0.8932426655361153, 0.8920619047305863, 0.8935527605882304, 0.8932969750156025, 0.8894888325448381, 0.8892464032366881, 0.8937026842313169, 0.8897738625091082, 0.8892815310605733, 0.8878666574918377, 0.8882959764581877, 0.8858674365552816, 0.8891860524279447, 0.8869415170972498, 0.8869345524298863, 0.8900357074678058, 0.8794271031290922, 0.885452402454115, 0.883738866313024, 0.8830682967842503, 0.8825825357276967, 0.8825827270689028, 0.884055904943975, 0.8844591643630276, 0.8851080653153394, 0.8837049373128212, 0.8843148325928037, 0.882675464345489, 0.8799824076475277, 0.881912412299457, 0.8793020767045951, 0.884537433403391, 0.8823527311828757, 0.8838040142469656, 0.881157069521231, 0.8834365489806263, 0.8779476000686067, 0.8844765187720801], "test_acc": [39.19, 40.91, 42.38, 46.81, 46.12, 47.2, 48.67, 49.35, 50.23, 50.48, 50.21, 51.84, 52.39, 53.37, 53.49, 52.86, 54.45, 55.1, 54.06, 54.72, 54.92, 55.4, 55.82, 56.21, 56.18, 54.61, 57.01, 57.02, 56.49, 57.47, 57.74, 57.41, 57.55, 59.3, 58.7, 58.06, 58.55, 58.64, 59.52, 59.12, 59.6, 59.16, 60.44, 59.67, 60.56, 59.97, 60.73, 60.81, 60.6, 60.93, 60.27, 60.78, 61.05, 60.67, 61.41, 61.58, 61.43, 61.64, 62.54, 61.88, 62.29, 61.87, 61.83, 62.77, 62.1, 61.94, 61.17, 62.46, 62.57, 62.6, 62.93, 63.03, 62.26, 63.0, 63.41, 63.42, 63.22, 63.45, 62.54, 63.38, 63.29, 63.5, 63.01, 63.31, 62.96, 63.12, 62.67, 63.18, 63.67, 63.06, 64.44, 63.39, 64.06, 63.91, 64.42, 63.67, 64.48, 64.14, 64.05, 64.32, 64.61, 64.15, 64.22, 64.22, 64.44, 64.92, 64.73, 64.87, 64.94, 65.08, 64.24, 64.78, 64.38, 64.74, 64.47, 65.34, 65.15, 64.81, 64.69, 65.25, 65.37, 65.3, 65.93, 65.21, 65.04, 65.7, 65.9, 65.71, 65.41, 64.99, 65.87, 65.42, 65.51, 65.37, 65.15, 65.61, 65.38, 65.66, 65.83, 65.5, 65.85, 65.58, 65.4, 66.0, 65.66, 65.82, 65.79, 66.0, 66.25, 66.11, 65.87, 66.06, 65.66, 66.24, 66.02, 65.87, 66.04, 66.19, 65.85, 66.21, 66.33, 66.06, 66.31, 66.38, 66.58, 66.54, 66.26, 66.43, 66.58, 66.46, 66.33, 66.51, 66.57, 66.72, 66.72, 66.45, 66.62, 66.63, 66.51, 66.76, 66.68, 66.64, 66.59, 66.56, 66.61, 66.68, 66.62, 66.57, 66.68, 66.64, 66.69, 66.65, 66.67, 66.63, 66.67, 66.67, 66.69, 66.68, 66.68, 66.68],