{"num_param": 1683466, "latency": {"mean": 0.0004892477021811488, "std": 2.6405573036145674e-05}, "train_acc": [36.812, 44.632, 47.172, 49.008, 50.652, 51.648, 52.972, 53.548, 54.616, 55.192, 55.844, 56.416, 57.01, 57.444, 57.804, 58.47, 58.86, 59.406, 59.926, 60.372, 60.648, 60.98, 61.218, 61.39, 61.844, 61.89, 62.428, 62.874, 62.788, 63.048, 63.43, 63.782, 64.092, 64.014, 64.38, 64.616, 64.916, 64.92, 65.328, 65.268, 65.696, 65.818, 66.218, 66.19, 66.632, 66.58, 66.758, 66.898, 67.106, 67.384, 67.572, 67.692, 68.072, 68.012, 68.2, 68.448, 68.84, 68.964, 68.892, 69.012, 69.23, 69.466, 69.122, 69.426, 69.862, 70.038, 70.0, 70.538, 70.464, 70.672, 70.79, 70.8, 70.87, 71.098, 71.114, 71.3, 71.426, 71.568, 71.704, 71.572, 71.888, 72.012, 72.264, 72.236, 72.506, 72.43, 72.444, 72.756, 72.948, 72.976, 73.372, 73.092, 73.272, 73.392, 73.648, 73.574, 74.012, 73.996, 73.892, 74.198, 74.36, 74.384, 74.41, 74.658, 74.672, 75.036, 74.814, 74.794, 75.104, 75.362, 75.33, 75.692, 75.616, 75.742, 75.656, 75.682, 75.782, 75.888, 76.172, 76.232, 76.242, 76.284, 76.386, 76.354, 76.374, 76.71, 76.878, 77.074, 77.1, 76.778, 77.274, 77.224, 77.238, 77.29, 77.546, 77.488, 77.766, 77.594, 77.708, 77.876, 77.902, 77.876, 78.238, 78.186, 78.138, 78.236, 78.166, 78.226, 78.706, 78.35, 78.374, 78.564, 78.49, 78.854, 78.868, 78.83, 79.036, 79.076, 79.038, 78.876, 78.946, 78.918, 79.118, 79.416, 79.228, 79.288, 79.29, 79.224, 79.318, 79.336, 79.582, 79.406, 79.52, 79.634, 79.49, 79.55, 79.738, 79.794, 79.618, 79.828, 79.952, 79.53, 79.898, 79.834, 79.852, 79.692, 79.794, 79.666, 79.686, 79.712, 79.796, 80.116, 79.632, 79.582, 79.894, 79.844, 79.804, 79.962, 79.898, 79.898], "train_loss": [1.762468345029493, 1.5448635492809903, 1.4714822795096683, 1.4173543808251257, 1.3763975987660144, 1.344606874580957, 1.3166823405832033, 1.2972124347073561, 1.26864615999882, 1.251773718336951, 1.2376468795579896, 1.217693749293256, 1.2063907320806024, 1.1900231278026554, 1.178645952191783, 1.1638561823165197, 1.15155470592428, 1.1399116884876503, 1.1295506440899117, 1.1141934406658205, 1.111469786649931, 1.099458034383282, 1.0933672176746703, 1.086432486257718, 1.074035932505962, 1.0661889913748719, 1.0593460989700092, 1.0484245725915131, 1.0472012986110253, 1.038382947749994, 1.0293002445691684, 1.0225317228778539, 1.0162630037321774, 1.0110929743723465, 1.0024890782203113, 0.9956232182161975, 0.9902210384702652, 0.9848343563895918, 0.979291861055756, 0.9788745752871227, 0.9703560601764967, 0.9605437020842112, 0.9538194867028538, 0.952402658593708, 0.9453893739560897, 0.9358232135736095, 0.9374483453487633, 0.9322115120716913, 0.9283184538990431, 0.922123526371372, 0.9150074043681206, 0.9101519190342244, 0.9039029495615419, 0.9077865743934537, 0.8945978820247674, 0.8916565230544072, 0.8839764253534877, 0.8813084022821864, 0.8760804671243605, 0.8738218030522286, 0.87370166350311, 0.8639314941351641, 0.8640368240846706, 0.8590821296796536, 0.8542448957799263, 0.8506058298160994, 0.8465870861357324, 0.8354445323872398, 0.8370159416723465, 0.8327207446041125, 0.8272990083473276, 0.8243412479939403, 0.8211392646825855, 0.8193833750368156, 0.8199685601111184, 0.8137091924117608, 0.8082723772190201, 0.8035519596329882, 0.8011893312937163, 0.8003811039798014, 0.7957169325856619, 0.7872606574039923, 0.7821578924959467, 0.7829426152158531, 0.779658817589016, 0.7799431708708682, 0.7722381021796475, 0.771470982164278, 0.762786531326333, 0.7654200669995349, 0.7568174938475254, 0.757484132291717, 0.7545853949134653, 0.7532438873501062, 0.7434341119446208, 0.7445174316546128, 0.7410427986889105, 0.7353880673132107, 0.7358129445132123, 0.7281406722004721, 0.7292216159141147, 0.7235123158092309, 0.7236217875093203, 0.7154875666722988, 0.7144392095291683, 0.7115599258980992, 0.708310131405457, 0.7095198011501279, 0.7018966668893798, 0.7015092953972838, 0.6973516072360507, 0.6902608092271283, 0.6942710844622311, 0.6871237127886166, 0.6879584306299267, 0.6872761609057776, 0.6850898251633422, 0.6779865590391904, 0.6757108448448657, 0.6722891846110405, 0.674921376262425, 0.6728555564878845, 0.6666731772537957, 0.6645830931357672, 0.6598205794261498, 0.6551302054983945, 0.6585805683145901, 0.654405550121956, 0.6522664931136221, 0.6548787479932996, 0.6468409246938471, 0.643250865607939, 0.6441906664761228, 0.6404106673890021, 0.6345173013911977, 0.6343517884831358, 0.6344416709050718, 0.632157171804098, 0.631707045344382, 0.6246267641994028, 0.6234905767997564, 0.6283285242391563, 0.6165593019755162, 0.6219144720376796, 0.6201226184918037, 0.6140659058982565, 0.6132565379543177, 0.6190772369380036, 0.6041062920618271, 0.6121754932312041, 0.6137254663617353, 0.6105942686665767, 0.6075519591245755, 0.5969570965928598, 0.6037835651914507, 0.5961746702248365, 0.5989301706248953, 0.5975388636191686, 0.5981121138548592, 0.5934410340612085, 0.5980119350928187, 0.5926601358678046, 0.5929242490539929, 0.5863977328219325, 0.5869528002851069, 0.5844573513560012, 0.5861715089603639, 0.5882409372184038, 0.5855571407102578, 0.5869122785459477, 0.5781368446880171, 0.5825103983826463, 0.5826196475758891, 0.5813053313330512, 0.5812005162458349, 0.5794921222781036, 0.5771672859435194, 0.5768466646177068, 0.5779459254335915, 0.5759100385453559, 0.5720336265618879, 0.5790463665110593, 0.5753277543210022, 0.5741823014737091, 0.5743926506315525, 0.5752827737168174, 0.575905905260692, 0.573638706817813, 0.5735760510387287, 0.5730542106957902, 0.5751156282783394, 0.5714023839289076, 0.5776871791632604, 0.5737907147357957, 0.5746016153733241, 0.5700344255793499, 0.5735935029107183, 0.5712284523938912, 0.5692069377757308, 0.5708829624124314], "test_acc": [44.67, 47.29, 49.96, 51.77, 52.23, 53.55, 54.75, 56.23, 56.14, 56.9, 56.18, 57.67, 57.79, 58.91, 59.25, 59.51, 60.63, 60.74, 60.88, 61.02, 60.11, 61.11, 62.28, 62.32, 62.79, 61.86, 62.67, 63.91, 62.46, 62.43, 62.6, 63.42, 63.1, 64.37, 64.06, 64.07, 63.79, 64.69, 64.32, 64.95, 64.82, 65.02, 65.16, 65.1, 65.65, 65.25, 65.53, 64.91, 65.46, 65.9, 65.87, 65.64, 65.46, 66.25, 66.44, 66.42, 66.57, 66.28, 66.77, 66.75, 67.11, 66.76, 66.33, 66.73, 66.2, 66.8, 67.51, 66.86, 66.73, 67.33, 68.09, 67.63, 66.85, 66.7, 67.11, 68.19, 67.3, 68.19, 68.05, 68.0, 67.9, 68.42, 67.44, 68.44, 68.41, 67.64, 67.71, 68.15, 68.1, 67.7, 68.09, 68.49, 68.21, 68.49, 68.57, 67.92, 68.46, 68.48, 68.44, 68.66, 68.47, 68.84, 68.56, 68.48, 68.75, 68.68, 68.33, 68.51, 68.94, 68.69, 68.57, 68.8, 68.96, 69.22, 68.95, 69.47, 69.54, 68.95, 68.66, 69.09, 68.78, 69.41, 69.29, 68.55, 69.26, 69.4, 69.39, 69.72, 69.51, 69.35, 70.05, 69.57, 69.6, 69.26, 69.67, 69.87, 69.28, 69.79, 69.36, 69.52, 69.7, 70.03, 69.56, 69.75, 69.72, 69.62, 69.61, 69.95, 69.58, 69.68, 69.8, 70.0, 69.78, 69.96, 69.86, 69.35, 69.86, 69.88, 70.05, 70.04, 70.16, 69.95, 69.82, 70.06, 70.01, 70.09, 70.23, 70.15, 69.91, 69.74, 69.81, 69.95, 70.02, 69.9, 69.94, 70.01, 70.07, 70.22, 70.04, 70.14, 70.07, 70.16, 70.13, 70.13, 70.16, 70.18, 70.16, 70.24, 70.15, 70.15, 70.09, 70.14, 70.1, 70.16, 70.18, 70.21, 70.21, 70.18, 70.17, 70.17],