{"num_param": 147466, "latency": {"mean": 0.000824593309396372, "std": 2.773563069308188e-05}, "train_acc": [32.798, 40.508, 43.536, 45.086, 46.624, 47.728, 48.72, 49.35, 50.114, 50.674, 51.126, 51.644, 51.868, 52.672, 52.672, 53.1, 53.316, 53.8, 53.966, 54.382, 54.512, 54.594, 55.13, 55.022, 55.256, 55.608, 55.616, 55.74, 55.808, 56.192, 56.346, 56.414, 56.424, 56.642, 56.726, 56.984, 56.906, 57.154, 57.002, 57.462, 57.642, 57.596, 57.458, 57.784, 57.982, 57.976, 58.05, 58.266, 58.026, 58.2, 58.318, 58.532, 58.942, 58.35, 58.632, 58.858, 59.066, 58.964, 59.244, 59.058, 59.248, 59.516, 59.39, 59.378, 59.526, 59.872, 59.64, 59.68, 60.168, 59.608, 60.02, 59.894, 59.948, 59.968, 60.17, 60.174, 60.282, 60.506, 60.168, 60.544, 60.42, 60.758, 60.83, 60.78, 60.714, 60.888, 60.656, 60.662, 61.154, 61.102, 61.002, 60.998, 61.232, 61.066, 61.35, 61.27, 61.568, 61.376, 61.638, 61.596, 61.476, 61.804, 61.958, 62.154, 61.662, 61.888, 61.878, 61.768, 61.99, 62.102, 62.106, 62.366, 62.034, 62.29, 62.114, 62.17, 62.266, 62.13, 62.332, 62.374, 62.512, 62.412, 62.83, 62.62, 62.878, 62.694, 62.494, 62.766, 62.58, 62.812, 62.718, 62.746, 62.858, 62.794, 62.842, 63.046, 63.026, 63.046, 63.072, 63.22, 63.394, 63.11, 63.138, 63.474, 63.45, 63.422, 63.48, 63.394, 63.246, 63.69, 63.564, 63.8, 63.406, 63.898, 63.748, 63.768, 63.828, 63.712, 63.92, 63.904, 63.84, 63.792, 63.896, 63.992, 63.96, 63.846, 63.816, 63.876, 64.142, 63.848, 64.122, 64.258, 63.852, 64.036, 63.942, 64.138, 64.024, 64.054, 64.328, 64.38, 64.262, 63.944, 64.432, 64.12, 63.896, 64.23, 64.25, 64.136, 64.144, 64.274, 64.238, 64.01, 64.384, 64.318, 64.15, 64.146, 64.372, 64.31, 64.346, 64.222], "train_loss": [1.9027511487766786, 1.6697539497626872, 1.587994993343158, 1.5404725173918468, 1.5085902583957558, 1.4742831735373, 1.4504879492258156, 1.4298287044712465, 1.411212538765244, 1.3989355771570577, 1.3822862521929384, 1.3688648891082882, 1.3617583073947344, 1.3499503966256432, 1.3405295677926399, 1.3280415360697249, 1.3216804452073627, 1.3148218039816493, 1.3042807213709435, 1.2967873986760394, 1.292675763197, 1.2873494294463101, 1.2797968938651179, 1.2731246010508204, 1.2640449640389368, 1.2581915393977003, 1.2590444279037374, 1.2494214484116548, 1.2527562616272607, 1.247687410408308, 1.2379827853661658, 1.233722408307491, 1.2321782462580113, 1.23353541374054, 1.2248984823528957, 1.2206771282225333, 1.222043609588633, 1.2126199275884426, 1.2145259751391884, 1.2058257839653785, 1.2063696146087621, 1.1993903896401346, 1.202354487057916, 1.1954245206566858, 1.1925785156373252, 1.1866718137104086, 1.192326695623111, 1.1842753932556889, 1.1875858006382782, 1.186425439913305, 1.177730143565973, 1.1750670052917052, 1.1662023205903578, 1.1757582777292395, 1.1687066952387493, 1.1661272548515675, 1.1616030340765198, 1.1638055782400487, 1.1572969661869457, 1.1567180103319086, 1.154893435695121, 1.1528224456561962, 1.1486310464254343, 1.1506873100366795, 1.1460453375592419, 1.1422470609728372, 1.1403882239998264, 1.1376203129250348, 1.13597132289402, 1.140423314127492, 1.1351220226409873, 1.1379145247312363, 1.1344641869981855, 1.1309449942311796, 1.1268315246985345, 1.1285322369555975, 1.1233959672775928, 1.1219972897933526, 1.1243392580301428, 1.1191870627003606, 1.1196025680900763, 1.114941028509854, 1.1160559574534172, 1.112336727189316, 1.1098815330083143, 1.1103831787408351, 1.1073478553360727, 1.1106006529036807, 1.1012656044975275, 1.10115919426627, 1.1024962588906364, 1.1000442429757316, 1.1015500424767029, 1.102968593514736, 1.096190148183953, 1.1011570595200064, 1.0925285495097867, 1.0930118834407987, 1.0915898874030232, 1.0885012978479334, 1.0895066873735904, 1.0850086766256404, 1.081929519762996, 1.0811035256696984, 1.0862583973738755, 1.0836587403725144, 1.079818355125719, 1.0801589942405565, 1.0763086850873491, 1.0781201047540396, 1.0734066903705561, 1.0673788327554519, 1.0729416865457424, 1.0730924002268494, 1.07407653015238, 1.0716511296753082, 1.0685758672306649, 1.06767260910072, 1.0693529950680065, 1.0686489042759857, 1.0638658284607105, 1.0676093692590392, 1.0599424797071528, 1.0574595776225082, 1.0582631782164424, 1.0569730754929785, 1.0620463056512468, 1.0566337141026614, 1.0594853699131037, 1.0578191067954323, 1.0539191911331904, 1.0568084899843768, 1.053703392707455, 1.0500303271750342, 1.0523365721516478, 1.0489114594627327, 1.0493031556188335, 1.0476735011934852, 1.044904422393916, 1.0434269192732837, 1.041330064517599, 1.0458029031524732, 1.0423110119440735, 1.0397757786020436, 1.04394957030422, 1.0378250375018239, 1.0361907761484404, 1.0425178409385436, 1.0387329301884445, 1.0349683072120046, 1.0404324813371122, 1.0347444081413235, 1.0368420790954804, 1.0306477526099118, 1.0305742818578572, 1.0332617368441854, 1.0307458330253265, 1.033722496440757, 1.0302341627868719, 1.0271610531453055, 1.0275047072522243, 1.027245755540356, 1.0260753758580579, 1.025149681975425, 1.0239676276003788, 1.027951616586513, 1.0279680718921045, 1.0253255433824227, 1.0213905896083406, 1.0266213257649885, 1.0216893852138398, 1.0190850203607758, 1.0266887185021387, 1.0219120009923242, 1.021366632163944, 1.0248036122215305, 1.0222101673169237, 1.023556205472043, 1.0146141851169515, 1.0128211402694764, 1.0205622668916112, 1.0235727535023265, 1.0194737945927006, 1.0205393478379217, 1.023699306366311, 1.0188095429655992, 1.0169250867493398, 1.0224406508703836, 1.0210246776474339, 1.0171178206372398, 1.0198373494435027, 1.0187877814165691, 1.0183865609492389, 1.0157771431438753, 1.019955805514153, 1.0165132707079023, 1.0153317716323025, 1.0139851293270967, 1.0121596358711722, 1.0175326588019604], "test_acc": [38.15, 41.71, 44.96, 45.3, 46.37, 47.74, 48.14, 49.7, 50.18, 50.36, 48.84, 51.6, 50.29, 52.19, 52.81, 52.31, 52.64, 54.49, 52.37, 53.51, 53.41, 54.24, 54.89, 54.95, 55.19, 53.61, 55.45, 55.61, 55.77, 55.61, 55.59, 55.43, 56.9, 56.66, 56.17, 56.1, 56.76, 57.44, 57.53, 57.31, 57.45, 57.04, 58.38, 58.08, 57.65, 57.23, 57.77, 58.64, 58.12, 58.14, 58.01, 57.89, 57.28, 58.31, 58.73, 58.62, 58.91, 59.23, 59.66, 58.47, 59.32, 59.24, 58.83, 59.43, 59.28, 59.37, 58.86, 59.31, 59.86, 59.92, 60.0, 60.37, 59.66, 59.81, 59.93, 60.1, 60.38, 60.36, 60.02, 60.08, 60.21, 60.23, 60.26, 60.24, 60.29, 60.04, 59.99, 60.14, 60.56, 60.11, 60.33, 60.63, 60.8, 61.04, 61.21, 60.82, 61.45, 60.59, 60.44, 60.86, 60.64, 60.57, 61.24, 61.66, 61.06, 61.26, 61.27, 61.12, 61.38, 61.46, 61.22, 61.14, 61.06, 61.11, 61.45, 61.55, 60.88, 61.65, 61.8, 61.21, 61.23, 62.46, 62.11, 61.94, 62.08, 61.82, 62.32, 62.04, 61.89, 61.98, 62.36, 61.91, 62.05, 62.54, 62.23, 62.43, 61.84, 62.39, 62.6, 62.54, 62.89, 62.57, 62.22, 62.58, 62.61, 62.71, 62.32, 62.23, 62.6, 62.66, 62.85, 62.56, 62.99, 63.05, 62.57, 62.69, 62.85, 62.9, 63.13, 63.3, 63.19, 63.13, 63.15, 63.14, 63.45, 63.22, 63.11, 62.91, 62.98, 62.77, 63.16, 63.02, 62.94, 63.18, 63.03, 62.84, 63.11, 63.05, 63.01, 62.99, 63.16, 63.27, 63.19, 63.34, 63.26, 63.31, 63.33, 63.3, 63.35, 63.29, 63.26, 63.35, 63.26, 63.29, 63.29, 63.24, 63.24, 63.24, 63.25, 63.23],