{"num_param": 8511498, "latency": {"mean": 0.00037745058726959714, "std": 2.3580154078885567e-05}, "train_acc": [37.038, 44.434, 46.92, 49.034, 50.476, 51.568, 52.838, 53.504, 54.798, 55.414, 55.992, 56.806, 57.316, 58.136, 58.824, 59.096, 59.762, 60.194, 60.858, 61.688, 61.816, 62.004, 62.578, 62.974, 63.818, 63.612, 64.176, 64.554, 64.628, 65.214, 65.534, 65.706, 66.012, 66.422, 66.736, 67.13, 67.534, 67.652, 67.8, 68.238, 68.414, 68.908, 69.142, 69.378, 69.682, 70.138, 70.166, 70.616, 70.878, 71.034, 71.144, 71.356, 71.968, 71.974, 72.558, 72.478, 72.562, 73.022, 73.492, 73.652, 73.558, 74.104, 74.012, 74.402, 74.966, 74.932, 75.208, 75.76, 75.472, 76.096, 76.142, 76.35, 76.532, 76.7, 76.834, 77.254, 77.582, 77.796, 78.088, 78.272, 78.316, 78.408, 79.02, 79.056, 79.334, 79.462, 79.664, 79.818, 80.252, 80.41, 80.39, 80.744, 80.904, 81.054, 81.5, 81.398, 81.876, 82.096, 82.36, 82.48, 82.582, 82.676, 83.032, 83.06, 83.202, 83.52, 83.662, 83.686, 84.202, 84.104, 84.612, 84.856, 84.896, 84.806, 85.146, 85.326, 85.598, 85.572, 85.446, 85.862, 86.184, 86.11, 86.508, 86.532, 86.67, 86.788, 87.086, 87.242, 87.194, 87.394, 87.678, 87.518, 87.936, 87.848, 88.116, 88.372, 88.294, 88.834, 88.756, 88.798, 88.866, 88.744, 89.108, 89.32, 89.378, 89.21, 89.526, 89.618, 89.974, 89.72, 89.796, 90.074, 90.31, 90.428, 90.366, 90.298, 90.79, 90.666, 90.834, 90.732, 90.93, 90.94, 91.082, 91.182, 91.318, 91.238, 91.338, 91.3, 91.442, 91.442, 91.406, 91.444, 91.416, 91.716, 91.652, 91.592, 91.756, 91.744, 91.822, 91.974, 92.034, 91.662, 92.06, 91.82, 92.18, 91.88, 92.066, 92.254, 92.106, 92.032, 91.884, 92.208, 91.918, 92.28, 92.128, 92.128, 92.064, 92.164, 91.978, 92.228], "train_loss": [1.756252178685145, 1.5481522233533462, 1.4766256925927015, 1.4208969359434498, 1.3820603686269857, 1.3449698684311646, 1.3160221579741456, 1.2925090775685057, 1.2651307170237018, 1.2402397693919587, 1.2227406078855425, 1.206518506058042, 1.192759041365186, 1.1718355903851245, 1.1562940575187204, 1.1409855058997087, 1.125770709870034, 1.1114228158445596, 1.0989577772902588, 1.0806819349241348, 1.0731155694255596, 1.0621418045525053, 1.0491474345946115, 1.0419696355506691, 1.0248149231276449, 1.0165328123938633, 1.0086288980314995, 0.9974482386484409, 0.9917313954384755, 0.9811957018808608, 0.9708073946122397, 0.9624617352214138, 0.9587134982024869, 0.9447028757628919, 0.9365383410827517, 0.925606049296952, 0.9177603426836883, 0.9116622331770886, 0.9017642992128566, 0.896319435295659, 0.8890987319093595, 0.8772649386145713, 0.8671179707433196, 0.8584169842879588, 0.8557241959062358, 0.8411251388904916, 0.8424138279008468, 0.832901472627392, 0.823463392253877, 0.8210634245028956, 0.8094644200054408, 0.8036258496577665, 0.7905387519760462, 0.789916978954735, 0.778074877676259, 0.7754862158441879, 0.7688563598113722, 0.7623193690544966, 0.7479182866354898, 0.7440006327758748, 0.7421232267823344, 0.7313834241736187, 0.7257961889374965, 0.7194596528148925, 0.7106945598575448, 0.7044446785729891, 0.7004423626553761, 0.6884544050739274, 0.686146294306046, 0.6783513350320488, 0.6711974004218003, 0.6661607667622624, 0.6582399816922629, 0.6545837463778864, 0.6511199797717563, 0.6399307175946404, 0.6336687708789541, 0.6247653403174626, 0.6182622838329216, 0.6166938892729528, 0.6091125649534123, 0.6064107092961393, 0.5945024754964078, 0.5930720352432473, 0.5827283111048751, 0.5822240827808911, 0.568123331292272, 0.5692582040434073, 0.5557964352541678, 0.5521108129765464, 0.5475060269760917, 0.543705260932865, 0.5356156477848841, 0.5339060345055656, 0.5236382716772119, 0.5212731261380728, 0.5123351910893381, 0.504692060399803, 0.5005495149930623, 0.49043879792885525, 0.49638467252979046, 0.4843407585949983, 0.47995350310627805, 0.4740486548056377, 0.47018900090353044, 0.46351152430130593, 0.46179405297614484, 0.456650097244875, 0.4513031936805369, 0.44321052422621887, 0.43705522706607025, 0.4289627152561226, 0.4295541653201051, 0.42794460881446617, 0.4193786442785101, 0.41403529640961667, 0.4064195259990825, 0.40434814597970387, 0.40800525859637055, 0.3965049816137007, 0.39028311810639144, 0.38942650762778097, 0.38347891836843656, 0.3828581174167012, 0.3772075764610839, 0.37048457059544476, 0.3659665349749366, 0.359825609858438, 0.36354666446131234, 0.35559694325254654, 0.34832950805862667, 0.35226145660312835, 0.34281396533118863, 0.3406951231756846, 0.33797133318789097, 0.3286717041244853, 0.3281267159263903, 0.3227706278840548, 0.3171341380298672, 0.3171417294445514, 0.3157887894562514, 0.31676026908722504, 0.30811342631805727, 0.30534035496065726, 0.30460483742185457, 0.3004288459083474, 0.2980882633532268, 0.2956646658928251, 0.2890565864317553, 0.2914034564510436, 0.2878715089943572, 0.28557611889636675, 0.2781427206348816, 0.2767878759149474, 0.2757746237184154, 0.27168682141566763, 0.2672250667361689, 0.26925458617494114, 0.2644411780664689, 0.26350732936129995, 0.2611454919490651, 0.2583335021645384, 0.2551366653834408, 0.25465148322222253, 0.2527297642093893, 0.25088087073929477, 0.24721114319568632, 0.2518858210584691, 0.2445981674866366, 0.24778180298891803, 0.24396764877313654, 0.24321291701998074, 0.2433614410812742, 0.24075155971680248, 0.23850701333774982, 0.24070065013077574, 0.23741838466364149, 0.23657624188379187, 0.23534837955524351, 0.2318632305431122, 0.22935083474408566, 0.23399094783808852, 0.22901064010428757, 0.23458319668010383, 0.2274003324116165, 0.22983982567618805, 0.2292786879001408, 0.2225880912378173, 0.22753495395169263, 0.2294938254491286, 0.23106305635583682, 0.22616450519551853, 0.2273433135699669, 0.22494574203987153, 0.22797569009265073, 0.2234696236654153, 0.23060011432308916, 0.22588509458438352, 0.23080015185355224, 0.22605765795410251], "test_acc": [43.89, 47.17, 49.15, 50.13, 51.65, 52.85, 54.39, 55.9, 55.25, 56.13, 56.74, 58.18, 58.0, 57.82, 58.87, 59.27, 59.84, 60.61, 59.6, 60.12, 58.87, 61.01, 62.07, 61.62, 62.44, 60.75, 63.11, 63.46, 61.95, 62.24, 62.47, 63.19, 63.81, 64.39, 64.33, 63.77, 63.97, 64.82, 64.89, 64.52, 64.59, 64.56, 65.79, 65.02, 65.12, 64.61, 64.6, 65.27, 66.23, 66.13, 65.32, 65.25, 65.49, 66.25, 66.19, 66.53, 65.8, 66.35, 66.98, 65.7, 66.67, 65.6, 66.62, 66.12, 66.85, 67.01, 65.91, 66.26, 65.96, 66.46, 66.28, 66.9, 66.41, 66.63, 66.94, 66.97, 66.97, 67.17, 67.47, 67.19, 66.71, 67.11, 66.9, 67.56, 67.81, 67.01, 67.17, 66.52, 66.97, 67.4, 67.85, 67.15, 67.26, 66.98, 67.22, 67.38, 67.0, 67.54, 67.21, 67.64, 66.92, 67.97, 67.23, 67.44, 67.28, 67.79, 67.74, 67.84, 67.34, 67.32, 67.57, 67.44, 67.54, 67.66, 67.83, 68.18, 67.36, 67.48, 67.44, 67.6, 67.48, 67.57, 67.47, 67.59, 67.76, 67.62, 67.8, 67.94, 68.44, 67.92, 67.73, 68.17, 68.06, 67.87, 68.0, 68.29, 67.76, 68.21, 67.7, 67.86, 67.7, 67.69, 67.78, 67.68, 67.68, 68.0, 67.52, 67.76, 68.17, 68.1, 67.89, 67.78, 68.42, 68.29, 68.11, 68.32, 68.25, 67.82, 68.39, 68.04, 68.21, 68.09, 68.42, 68.31, 68.12, 68.25, 68.35, 68.23, 68.14, 68.22, 68.12, 68.3, 68.0, 68.23, 68.35, 68.28, 68.11, 67.98, 68.16, 68.27, 68.14, 68.05, 68.06, 68.22, 68.21, 68.26, 68.2, 68.27, 68.3, 68.19, 68.29, 68.25, 68.28, 68.31, 68.35, 68.35, 68.32, 68.37, 68.36, 68.36],