{"num_param": 180234, "latency": {"mean": 0.00038333861210856576, "std": 2.3412087593284777e-05}, "train_acc": [34.392, 42.85, 45.852, 47.814, 49.252, 50.614, 51.924, 52.432, 53.244, 53.872, 54.13, 54.936, 55.196, 56.118, 56.156, 56.238, 56.938, 57.352, 57.732, 57.736, 58.256, 58.262, 58.772, 59.074, 59.134, 59.8, 59.132, 59.856, 59.674, 60.232, 60.262, 60.438, 60.6, 60.88, 61.152, 61.102, 61.142, 61.568, 61.27, 61.412, 61.432, 61.852, 61.554, 62.126, 62.344, 62.364, 62.136, 62.522, 62.55, 62.246, 62.488, 62.574, 63.032, 62.812, 62.916, 63.192, 63.226, 63.372, 63.374, 63.716, 63.516, 63.596, 63.666, 63.922, 63.852, 63.906, 64.09, 64.248, 64.334, 64.178, 64.416, 64.306, 64.52, 64.478, 64.524, 64.692, 64.722, 64.572, 64.914, 65.172, 64.948, 64.974, 64.96, 65.148, 65.298, 64.954, 65.428, 65.386, 65.414, 65.636, 65.45, 65.866, 65.872, 65.676, 66.174, 65.942, 65.924, 66.294, 66.258, 66.404, 66.394, 66.314, 66.158, 66.444, 66.368, 66.3, 66.7, 66.254, 66.564, 66.752, 67.024, 66.986, 66.834, 66.782, 67.038, 66.958, 66.928, 67.046, 67.144, 67.168, 67.044, 67.392, 67.45, 67.184, 67.558, 67.586, 67.248, 67.55, 67.508, 67.664, 67.73, 67.588, 67.594, 67.796, 67.888, 67.644, 67.824, 67.686, 68.262, 68.284, 68.276, 67.914, 68.176, 68.084, 68.152, 68.174, 68.27, 68.496, 68.366, 68.198, 68.528, 68.548, 68.446, 68.642, 68.62, 68.722, 68.878, 68.556, 68.57, 68.972, 68.974, 68.648, 68.848, 68.826, 68.826, 68.776, 68.97, 69.008, 68.936, 69.046, 68.852, 68.94, 69.018, 69.012, 68.838, 68.892, 69.146, 68.968, 69.138, 69.246, 69.366, 69.028, 68.99, 69.026, 69.378, 69.204, 69.026, 69.094, 69.052, 69.208, 69.342, 69.122, 69.028, 69.188, 69.376, 69.384, 69.264, 69.348, 69.424, 69.014], "train_loss": [1.8533420513931635, 1.6161626273824554, 1.5346906269427987, 1.4723530707646086, 1.435817793021199, 1.3970997425431406, 1.3684763083912512, 1.3494798764920128, 1.3243506884468113, 1.3124933300381354, 1.2983768276503203, 1.2823125872944534, 1.2757521931055793, 1.2582571402010976, 1.2497135559794084, 1.240700319113826, 1.2274892887700009, 1.2165004565253597, 1.2077473071013516, 1.198727041654532, 1.1945413681687411, 1.1842659062783991, 1.1752073656116933, 1.1731257922589893, 1.163908747054031, 1.1535219359840252, 1.1552729628746585, 1.1434778420877854, 1.1494211278050204, 1.1411202782556482, 1.1285716453501604, 1.1298200365105884, 1.1240073415764769, 1.1208784227102746, 1.1156951728648126, 1.108209390576955, 1.1089147092513525, 1.100351107097633, 1.1025931129681323, 1.0969337531945222, 1.0961428846370236, 1.0882594461099353, 1.089787143015053, 1.0810225793969075, 1.0776568349171967, 1.0752825275378126, 1.078815112759193, 1.07117550991242, 1.0668396394144475, 1.0703722105831652, 1.0646209491801735, 1.0637005739729144, 1.0572204930005895, 1.0599351708734943, 1.0545349695975401, 1.050733632257331, 1.0455464673820247, 1.0452360046725966, 1.04609291332697, 1.037164094161316, 1.038911952128871, 1.0388968120342787, 1.0347808442738142, 1.033747692464333, 1.0294842172225773, 1.0312698998667837, 1.0262816388372116, 1.0221092775893075, 1.0208023496911225, 1.0254938989134073, 1.0153979224916154, 1.017064167342732, 1.014268192166483, 1.0129102974729667, 1.0150503463761897, 1.0124748675623385, 1.0058669627322956, 1.003186061739998, 1.0013140755171053, 1.0001627658127366, 0.996888011674887, 0.9955270772588917, 0.9946821880165156, 0.9979414679038547, 0.9902984951256333, 0.9945956597096327, 0.9873235681387986, 0.991281443540667, 0.9852182118845383, 0.9808940593241425, 0.981053765355511, 0.9783986836042605, 0.9779309879223353, 0.9791897390030625, 0.974319478352712, 0.971651398651278, 0.9708193136725911, 0.966164754909807, 0.9661828526036524, 0.9651330780769416, 0.9681551726636258, 0.9594089187114421, 0.9634374673368072, 0.963184296322113, 0.9584409366489905, 0.9611706901115251, 0.9533489023884061, 0.9555835530152323, 0.954355468714916, 0.9503175730668652, 0.9500519889177456, 0.9429456296443024, 0.9488117370709195, 0.9477888488342422, 0.9391751443432145, 0.9488121678603435, 0.9430683907681524, 0.938634999082093, 0.9439122592571525, 0.9402306235454362, 0.9405097060491852, 0.9366784375101347, 0.9351408564731698, 0.9342273962436696, 0.9277417622578121, 0.9242559869321432, 0.9297348931479439, 0.9287340758286144, 0.9270749705118471, 0.926506181596108, 0.9267084323208223, 0.9264201192007717, 0.9240698645836408, 0.9229627914788703, 0.9188675114685957, 0.9205403156526105, 0.9174751946732392, 0.9182063326268187, 0.9130670295185717, 0.911074101467279, 0.9082136585288374, 0.9140391038422088, 0.9105955902689631, 0.9117938766323902, 0.9126686647734578, 0.9077307589528504, 0.906527996044165, 0.9045816336163175, 0.9059723008922179, 0.9052785331632415, 0.906206078927485, 0.9038805552232135, 0.9009152156797191, 0.9017848432712348, 0.9003512864874024, 0.902021558351114, 0.8965759543715115, 0.9037219494562155, 0.8956369589668622, 0.8929848469417215, 0.8878252671188982, 0.8932109855530129, 0.890201755101606, 0.8923472688126396, 0.8883210635497947, 0.8932598924034312, 0.8896448459864731, 0.8881250485844591, 0.888190145189001, 0.8917590285331412, 0.8900015318881832, 0.8875918204366436, 0.888080208940683, 0.8892830216152425, 0.8881898576337713, 0.886025436170118, 0.8876496239571867, 0.8902537423452351, 0.8829873801803101, 0.8821237288982686, 0.8826191941286918, 0.8832640983664829, 0.8849775412108604, 0.8854931095663889, 0.8839431857727158, 0.8822826452157624, 0.8872895187967036, 0.8845169173931359, 0.8855876770259018, 0.8841867862949749, 0.879138763962994, 0.8868501914172926, 0.8868408799552795, 0.8841999034925828, 0.8830177952331072, 0.8796983984747684, 0.8799546186121625, 0.8794655940011, 0.879357925532189, 0.8833963266375426], "test_acc": [41.22, 44.39, 47.66, 48.93, 49.56, 52.12, 52.12, 53.09, 53.77, 53.52, 52.86, 54.9, 54.74, 55.58, 56.85, 56.0, 56.64, 57.74, 55.55, 56.52, 56.69, 57.45, 58.35, 58.94, 58.87, 58.03, 59.27, 59.37, 58.97, 59.65, 59.33, 59.55, 60.48, 60.54, 60.26, 60.0, 59.53, 60.41, 60.65, 61.4, 60.74, 60.04, 61.31, 60.84, 61.19, 60.81, 60.82, 61.65, 61.16, 60.86, 61.07, 60.62, 60.76, 60.88, 62.58, 62.15, 61.78, 61.83, 62.69, 61.65, 62.23, 61.12, 61.92, 62.73, 62.1, 61.95, 61.69, 62.22, 62.47, 62.36, 61.64, 62.91, 62.24, 62.3, 62.2, 62.71, 62.44, 62.63, 62.21, 62.55, 62.89, 62.47, 62.63, 62.84, 62.78, 62.34, 62.42, 62.85, 63.47, 62.52, 63.02, 63.55, 62.33, 63.52, 63.55, 63.65, 63.61, 62.98, 63.26, 63.38, 63.15, 62.93, 63.31, 63.91, 63.46, 63.69, 63.61, 63.74, 63.47, 63.44, 63.86, 63.97, 63.67, 63.84, 64.2, 64.36, 63.69, 64.2, 64.16, 64.08, 63.67, 64.83, 64.66, 64.48, 64.6, 64.72, 64.89, 64.79, 64.68, 64.25, 64.87, 64.72, 64.4, 64.59, 64.44, 64.57, 64.14, 64.94, 64.7, 64.71, 65.1, 64.73, 64.47, 64.85, 64.94, 65.18, 64.89, 65.13, 65.43, 64.87, 65.15, 65.06, 65.24, 65.54, 65.3, 65.19, 65.57, 65.43, 65.47, 65.53, 65.32, 65.41, 65.53, 65.45, 65.7, 65.37, 65.33, 65.56, 65.39, 65.33, 65.4, 65.62, 65.5, 65.54, 65.43, 65.6, 65.6, 65.55, 65.52, 65.58, 65.69, 65.64, 65.65, 65.68, 65.71, 65.61, 65.68, 65.65, 65.75, 65.66, 65.75, 65.7, 65.74, 65.74, 65.78, 65.77, 65.74, 65.74, 65.73, 65.73],