{"num_param": 60426, "latency": {"mean": 0.0008233422040939331, "std": 0.00016256829720151647}, "train_acc": [84.50833333333334, 87.72, 88.77166666666666, 89.61166666666666, 90.34666666666666, 90.74166666666666, 91.12, 91.54166666666667, 92.18333333333334, 92.20833333333333, 92.62666666666667, 93.07, 93.12333333333333, 93.61833333333334, 93.665, 94.06166666666667, 94.28833333333333, 94.52, 94.805, 95.07666666666667, 95.24333333333334, 95.38333333333334, 95.795, 95.925, 96.185, 96.44166666666666, 96.55833333333334, 96.78833333333333, 97.01166666666667, 97.29166666666667, 97.39666666666666, 97.615, 97.83333333333333, 97.94666666666667, 98.11833333333334, 98.26333333333334, 98.39333333333333, 98.52, 98.64666666666666, 98.735, 98.86166666666666, 98.94, 99.03666666666666, 99.14, 99.17333333333333, 99.20833333333333, 99.26166666666667, 99.29166666666667, 99.31, 99.315], "train_loss": [0.4359236672644814, 0.3392157613299787, 0.3051903994008899, 0.2832644030513863, 0.264833714812994, 0.2515525593670706, 0.23795839425176382, 0.22827017527228843, 0.21440210281716038, 0.20693131374505658, 0.19770184805927177, 0.18867480413522572, 0.181546311013711, 0.1722610251760731, 0.16889989472615222, 0.15984447058290244, 0.15219078347940618, 0.14648987509931127, 0.13990088595155006, 0.13313431077171117, 0.12759368905836405, 0.12183699080565323, 0.1148583146627061, 0.11050965771622336, 0.10419024530875808, 0.09835836212111948, 0.09465976788002688, 0.08856681999595215, 0.08345639243954793, 0.07829686435017114, 0.07396591649604185, 0.0693715373929202, 0.06487836964913489, 0.061609717314131555, 0.056708890880690886, 0.05405136356052632, 0.05099711820638428, 0.04797811311092422, 0.045067008168553004, 0.04237967135365276, 0.03987145830295049, 0.038169028467673345, 0.036216471477334075, 0.03489245769868527, 0.03362462433530406, 0.03254925744355811, 0.031827406100734756, 0.031168938660412097, 0.030725093296156653, 0.030460665389400673], "test_acc": [84.22, 85.76, 86.28, 87.43, 87.83, 87.83, 87.84, 88.07, 88.46, 88.22, 87.79, 88.69, 87.99, 88.57, 88.43, 88.15, 88.69, 88.64, 88.56, 88.61, 88.48, 88.31, 88.19, 88.85, 88.28, 88.51, 88.67, 88.1, 88.32, 88.39, 88.46, 88.36, 88.22, 88.1, 88.35, 88.26, 88.39, 88.35, 88.31, 88.32, 88.21, 88.27, 88.12, 88.13, 88.12, 88.06, 88.07, 88.04, 88.11, 88.14], "test_loss": [0.4465022201836109, 0.39313803747296333, 0.38681457232683897, 0.3639744283631444, 0.3647783854603767, 0.37185916054993867, 0.37629334166646006, 0.3711311944574118, 0.37360233575105667, 0.37873898347839713, 0.3868463474884629, 0.3908049658127129, 0.41070003785192966, 0.41040140710771084, 0.4025635988637805, 0.4187393827363849, 0.42682402178645135, 0.4245055050030351, 0.43774579172953965, 0.45809468276798726, 0.46343929290771485, 0.46761293783783914, 0.4961834429949522, 0.48941909803077577, 0.5022892972826958, 0.5031809711456299, 0.5078878488019108, 0.5428612487018109, 0.5445913282036782, 0.5471783628687262, 0.5830144531279803, 0.5934170286357403, 0.6147738409787417, 0.6138997676968575, 0.6238373884558678, 0.6420749693363905, 0.6561565462127328, 0.6700382192060351, 0.681727169919759, 0.6849726650491357, 0.6982727027870714, 0.7044812963157893, 0.7146433454938232, 0.7212432689592242, 0.7252428406849504, 0.7285820261761546, 0.7308604488149285, 0.732752880845219, 0.7334941867180169, 0.7338167136907577]}