{"num_param": 432138, "latency": {"mean": 0.001352461290359497, "std": 6.53796143007214e-05}, "train_acc": [82.82333333333334, 87.41833333333334, 88.655, 89.465, 89.90333333333334, 90.32833333333333, 90.83833333333334, 91.22333333333333, 91.55833333333334, 91.76666666666667, 92.31166666666667, 92.59333333333333, 92.84166666666667, 93.08, 93.375, 93.69833333333334, 94.05166666666666, 94.26333333333334, 94.525, 94.825, 95.16666666666667, 95.48833333333333, 95.62666666666667, 96.09166666666667, 96.325, 96.59666666666666, 96.83166666666666, 97.15, 97.50666666666666, 97.82166666666667, 98.07, 98.34833333333333, 98.59166666666667, 98.82833333333333, 98.99666666666667, 99.19666666666667, 99.36666666666666, 99.52, 99.65333333333334, 99.73333333333333, 99.85, 99.88333333333334, 99.92333333333333, 99.94, 99.96666666666667, 99.97333333333333, 99.985, 99.98666666666666, 99.99, 99.99166666666666], "train_loss": [0.4807827505841851, 0.34476950285956265, 0.3109547490191956, 0.28819801753386853, 0.2731812380688886, 0.25863728097019095, 0.24663917023843776, 0.23636303966554503, 0.22564599426152807, 0.21791207271938523, 0.2068949446035549, 0.19806562504110237, 0.19044760320646067, 0.1838240684196353, 0.17702265080530197, 0.16979294083702068, 0.15992643794432904, 0.15270122007311632, 0.14539808965520934, 0.1369519124715589, 0.1298861840631192, 0.12260325332870707, 0.1175721363731039, 0.10689922409558979, 0.10049451102657865, 0.09165887883670318, 0.08582081683212892, 0.07771934915993674, 0.07048204540527271, 0.06414845506408406, 0.05719507163468127, 0.050710212289607925, 0.04451234448051158, 0.03867307907125602, 0.033688368394699256, 0.029140546989316743, 0.024820987184357365, 0.021715400736332716, 0.01794032025371659, 0.015490859146520961, 0.013051384924037847, 0.011429251533797166, 0.009919086432200857, 0.008775487239957632, 0.007991966253321152, 0.0073190271071750124, 0.006800818572204056, 0.0064586146681782945, 0.006229407847616434, 0.0060909155052892554], "test_acc": [84.85, 86.84, 87.36, 88.38, 88.0, 88.32, 88.55, 87.62, 88.1, 88.48, 88.75, 88.6, 88.47, 88.22, 88.19, 88.84, 89.31, 88.84, 88.99, 89.42, 88.51, 89.38, 89.32, 89.23, 89.11, 88.95, 89.03, 89.14, 88.84, 89.14, 89.01, 88.92, 89.06, 89.14, 88.94, 88.76, 88.82, 88.86, 88.9, 88.92, 89.01, 88.98, 89.07, 89.19, 89.16, 89.1, 89.03, 89.04, 89.09, 89.06], "test_loss": [0.41498169876635077, 0.36210514321923254, 0.34793968565762046, 0.32760764814913274, 0.3365190367400646, 0.3209986402094364, 0.31893000572919844, 0.3446698844060302, 0.35101930420845745, 0.32287082597613337, 0.32516911594197156, 0.3339810071513057, 0.33234681840986013, 0.3617173543013632, 0.3445309977978468, 0.3327871880866587, 0.3310608477331698, 0.3577915186434984, 0.345881489161402, 0.3380113056022674, 0.3767318265326321, 0.3633442398160696, 0.36542816685512663, 0.37098596199415623, 0.397944402731955, 0.3971772622410208, 0.4088074323348701, 0.42153254796285183, 0.4456937036849558, 0.43859583424404264, 0.4600068799778819, 0.4683358137309551, 0.474198428876698, 0.48567686152644457, 0.5032916785776615, 0.5217461256310344, 0.5308175412379206, 0.5442097313702107, 0.5495606648176908, 0.5616044890508056, 0.567891439050436, 0.5760065566189587, 0.5824247322790325, 0.5870299134217203, 0.5918800974451005, 0.5958534941263497, 0.5985095368698239, 0.5997706141788512, 0.6003655057307333, 0.6005431284103543]}