{"num_param": 280586, "latency": {"mean": 0.0004143855333328247, "std": 3.821980544255691e-05}, "train_acc": [83.93666666666667, 88.64833333333333, 90.08833333333334, 91.51333333333334, 92.35833333333333, 93.41, 94.01666666666667, 94.63166666666666, 95.38833333333334, 95.845, 96.40666666666667, 96.905, 97.32, 97.61, 97.88666666666667, 98.20333333333333, 98.435, 98.64333333333333, 98.84166666666667, 99.00333333333333, 99.23166666666667, 99.34666666666666, 99.42333333333333, 99.495, 99.62333333333333, 99.74666666666667, 99.74666666666667, 99.845, 99.865, 99.90833333333333, 99.96, 99.915, 99.94833333333334, 100.0, 100.0, 99.965, 100.0, 100.0, 100.0, 100.0, 100.0, 100.0, 100.0, 100.0, 100.0, 100.0, 100.0, 100.0, 100.0, 100.0], "train_loss": [0.44797005138670404, 0.31148279854406913, 0.26537089228319627, 0.23033856688067317, 0.20581988172450413, 0.18092751412341992, 0.16188372199578832, 0.14476240862704193, 0.12658158621905993, 0.11203994620474987, 0.09931851018375407, 0.08810906372537526, 0.07755001459813987, 0.0677431925655886, 0.06015326312490894, 0.05200589322291004, 0.045800647690484766, 0.039962046275419806, 0.03488154732772576, 0.030437754308901884, 0.02381477529515299, 0.021764629266932994, 0.01823430673054342, 0.015730476428361725, 0.013001189119677292, 0.00940972375791413, 0.009290130624943533, 0.006863779682147045, 0.0058568634350437306, 0.0047478277796714485, 0.002781600278303813, 0.003958629322945247, 0.002720791019716368, 0.0009723846085853438, 0.0008373570850684094, 0.0020604427748306385, 0.0006664217250818183, 0.0004571863395570593, 0.000403991076929439, 0.00034400511548938085, 0.00031400841815411697, 0.00029168018575925693, 0.00022519610850016154, 0.00019594603409283688, 0.000176250467970173, 0.00016106538898990645, 0.00014996339169101702, 0.00014248743252589217, 0.0001379457331025454, 0.00013525444390552366], "test_acc": [85.91, 86.77, 88.08, 87.39, 88.17, 88.71, 89.08, 88.52, 89.25, 88.7, 89.11, 88.63, 88.74, 89.16, 88.66, 88.63, 88.75, 88.87, 88.47, 88.83, 88.87, 89.01, 88.92, 88.82, 88.65, 88.81, 88.93, 88.7, 88.7, 88.89, 88.9, 88.85, 89.04, 89.16, 89.21, 89.02, 89.06, 89.08, 89.04, 89.07, 88.87, 89.14, 89.23, 89.04, 89.18, 89.18, 89.17, 89.16, 89.17, 89.19], "test_loss": [0.3919031050801277, 0.359286619797349, 0.3298738879710436, 0.36477958001196387, 0.33834315814077853, 0.33562655296176674, 0.32742591250687836, 0.3551127960532904, 0.36622478211298587, 0.37787905875593425, 0.37918536439538003, 0.40776330150663853, 0.40663734771311283, 0.42046055998653176, 0.4504039592575282, 0.4670625770650804, 0.5089450163021684, 0.505114767383784, 0.5224924532696604, 0.5469940981082618, 0.54406847929582, 0.561748240236193, 0.5576675840094686, 0.5903724581748248, 0.6087678350228817, 0.606642634505406, 0.6333242707140744, 0.6585446797683835, 0.6630834648758173, 0.6680859506363049, 0.6695083724148572, 0.691238541007042, 0.6821609133388847, 0.6940197147428989, 0.7064702611323446, 0.7135616887174546, 0.717197515051812, 0.7257193308509886, 0.7385118372365832, 0.7478528958186508, 0.7589654554892331, 0.764857276417315, 0.7717641034722328, 0.7765655390545726, 0.781824147682637, 0.7850554785877466, 0.7881806932389737, 0.7894971988536418, 0.7905933940783143, 0.7907829941995442]}