{"num_param": 841738, "latency": {"mean": 0.001338190746307373, "std": 9.232893179095927e-05}, "train_acc": [83.25666666666666, 87.41666666666667, 88.55166666666666, 89.175, 89.99166666666666, 90.45333333333333, 90.89833333333333, 91.23333333333333, 91.54333333333334, 92.06, 92.23666666666666, 92.56166666666667, 92.88833333333334, 93.15666666666667, 93.36666666666666, 93.66333333333333, 94.08166666666666, 94.48, 94.675, 94.91666666666667, 95.23666666666666, 95.62666666666667, 95.85166666666667, 96.22333333333333, 96.54, 96.825, 97.13333333333334, 97.38166666666666, 97.69166666666666, 98.005, 98.24666666666667, 98.55833333333334, 98.795, 99.06333333333333, 99.28166666666667, 99.46, 99.57, 99.77666666666667, 99.83666666666667, 99.89166666666667, 99.94, 99.98, 99.99, 99.99666666666667, 100.0, 100.0, 100.0, 100.0, 100.0, 100.0], "train_loss": [0.4666020085165898, 0.342365982743601, 0.30821404439086714, 0.2865310897305608, 0.26709987660249074, 0.2559144590391467, 0.2437924130105724, 0.23267072522702317, 0.22543030008673667, 0.21379156721755863, 0.20701484023127706, 0.1969316262130936, 0.18951503944428016, 0.18081615587385994, 0.1756633690977469, 0.16592519665136934, 0.15658687200164423, 0.14830461756481478, 0.1415548480465077, 0.13334982247130636, 0.125429724357867, 0.11743625788406159, 0.10968146607318582, 0.101741472944074, 0.09293339498806745, 0.08595951217226684, 0.07807642356531384, 0.07158940732382083, 0.06267018463850642, 0.05655956027039792, 0.04991535858236602, 0.042748839152724635, 0.036365782551292795, 0.03078852809019736, 0.025373564730471115, 0.02142388995872655, 0.01771016105019953, 0.013194193265759773, 0.010685665996813138, 0.008873368660157819, 0.007068451060840744, 0.005713423723379189, 0.004775717507388132, 0.0039640937064541505, 0.003494909545176294, 0.0030999074902016825, 0.0028383896213684543, 0.002648871152669017, 0.002537280442084011, 0.0024699196175788527], "test_acc": [84.64, 86.92, 87.17, 87.86, 88.34, 88.31, 88.48, 88.34, 88.56, 88.21, 89.01, 89.16, 89.05, 88.87, 88.95, 89.13, 88.94, 89.26, 89.51, 89.18, 89.03, 89.38, 89.35, 89.28, 89.28, 89.18, 89.67, 89.55, 88.86, 89.37, 89.44, 89.13, 89.16, 89.29, 89.15, 89.24, 89.42, 89.36, 89.27, 89.0, 89.17, 89.24, 89.31, 89.47, 89.32, 89.44, 89.47, 89.4, 89.39, 89.4], "test_loss": [0.41119764387607577, 0.3568580397963524, 0.34683404557406905, 0.33125290609896185, 0.3269945367053151, 0.32123819094151257, 0.317271422483027, 0.3282050123810768, 0.3229003119841218, 0.330476841032505, 0.3156661145016551, 0.31879974212497475, 0.3101039487123489, 0.32990426087751984, 0.3273620694130659, 0.31731520771980287, 0.3336040386557579, 0.3297106930054724, 0.32678338468074797, 0.33051463283598426, 0.3636160042136908, 0.3510573090240359, 0.35908926732838153, 0.36690338756889107, 0.38227127742022277, 0.3892377022653818, 0.39839231146499515, 0.40151104852557185, 0.4322044697776437, 0.4365499971434474, 0.44196757826954125, 0.45647873781621456, 0.49243170514702794, 0.4810623662546277, 0.5022633840143681, 0.5146781648695469, 0.5264971861243248, 0.5359540344029665, 0.548728639818728, 0.5676292601972819, 0.5698490468040108, 0.5747830132581293, 0.5840342130698264, 0.5895805484242738, 0.5937139459885656, 0.5971255817823112, 0.6012623382918537, 0.6022065165825188, 0.6037941874563694, 0.6040016033314168]}