{"num_param": 1079306, "latency": {"mean": 0.00041516735553741454, "std": 3.6159832685373714e-05}, "train_acc": [84.515, 89.42333333333333, 91.09166666666667, 92.51, 93.48833333333333, 94.48833333333333, 95.17166666666667, 95.88166666666666, 96.38666666666667, 96.93666666666667, 97.25333333333333, 97.70666666666666, 98.13, 98.32833333333333, 98.49333333333334, 98.68333333333334, 98.92333333333333, 99.04166666666667, 99.26666666666667, 99.265, 99.41166666666666, 99.51333333333334, 99.57833333333333, 99.62166666666667, 99.81333333333333, 99.675, 99.875, 99.79333333333334, 99.90333333333334, 99.90666666666667, 99.965, 100.0, 100.0, 99.89666666666666, 99.97, 100.0, 100.0, 100.0, 100.0, 100.0, 100.0, 100.0, 100.0, 100.0, 100.0, 100.0, 100.0, 100.0, 100.0, 100.0], "train_loss": [0.4284737564623356, 0.28889614282796783, 0.23957104810513555, 0.20188569491418698, 0.17599547014106065, 0.15046298013223955, 0.13165321917195494, 0.11311196292362487, 0.096964344359003, 0.08355708947444024, 0.07331136621942277, 0.06412281347487199, 0.05250950382159014, 0.04708137413622656, 0.04101491075697898, 0.03706022060401059, 0.030099457037625447, 0.026431469166976362, 0.022305595844081837, 0.022053290137967755, 0.017753536600915443, 0.014318042113827686, 0.012911293877532443, 0.010920443505613851, 0.00675183536399345, 0.010433352718797929, 0.005128525457113634, 0.006092205979512073, 0.0036567192873114135, 0.0033531169733290274, 0.0017447373842363354, 0.00027770990949041636, 0.00017990289124706274, 0.0037174961500409153, 0.0014779583379845463, 0.0002182155653834646, 0.00014651870941274106, 0.00011508329040301153, 9.189240117696802e-05, 7.235527982857093e-05, 5.983868678394325e-05, 4.998308408877013e-05, 3.893111664391805e-05, 3.1190082920034e-05, 2.558209080651371e-05, 2.18520047960169e-05, 1.932117001823978e-05, 1.7694023068770547e-05, 1.6687385536802896e-05, 1.6192899995909707e-05], "test_acc": [86.74, 87.23, 88.37, 88.22, 88.82, 88.83, 89.37, 89.21, 89.28, 89.01, 89.19, 88.9, 89.09, 89.58, 89.05, 88.87, 89.3, 89.27, 88.94, 89.08, 89.04, 89.13, 89.65, 89.5, 89.75, 88.93, 89.56, 89.16, 89.71, 89.32, 89.74, 89.82, 89.94, 89.52, 89.8, 89.78, 89.92, 89.91, 89.96, 89.99, 89.94, 90.02, 90.01, 89.95, 89.98, 89.97, 90.03, 89.99, 90.01, 89.99], "test_loss": [0.36638677563518285, 0.34661208506673574, 0.32132985956966875, 0.3507231645658612, 0.339172898568213, 0.3489966540783644, 0.32845260374248025, 0.3533732574060559, 0.37311069067567587, 0.40396906811743977, 0.4074981452710926, 0.43793951196596026, 0.4391617178916931, 0.45876920436508956, 0.48807065539993344, 0.5012057683616876, 0.5242251113802194, 0.5273806776851415, 0.5444400161877274, 0.5704005670954939, 0.5622522684559226, 0.5726194919785484, 0.5823873500013724, 0.5854364709928632, 0.6150884695723653, 0.6271005774661899, 0.6287264587846585, 0.6564771015523001, 0.6742751396261155, 0.6594445241917856, 0.6598125479370356, 0.66604226030875, 0.6796768595138565, 0.6947640166431666, 0.680457007298246, 0.6881514366855845, 0.695355834919028, 0.7017064832756296, 0.7133769495831802, 0.7243942024838179, 0.7332442766195163, 0.7431875371932983, 0.7515636894898489, 0.760483688772656, 0.7667145472951233, 0.7711824189103208, 0.7754700282751582, 0.7768328571808525, 0.7785365741373971, 0.7788534782803618]}