{"num_param": 32778, "latency": {"mean": 0.0004834790945053101, "std": 0.00015803025259054947}, "train_acc": [82.86666666666666, 86.72666666666667, 88.01833333333333, 88.70166666666667, 89.595, 90.25333333333333, 90.50166666666667, 91.105, 91.44833333333334, 91.74166666666666, 92.10833333333333, 92.35166666666667, 92.755, 92.97333333333333, 93.24, 93.49666666666667, 93.77666666666667, 93.9, 94.14833333333333, 94.39833333333333, 94.66333333333333, 94.72333333333333, 94.91666666666667, 95.255, 95.45, 95.56666666666666, 95.605, 95.79833333333333, 95.98166666666667, 96.07333333333334, 96.33166666666666, 96.38333333333334, 96.57666666666667, 96.69166666666666, 96.845, 96.90166666666667, 97.03333333333333, 97.13166666666666, 97.20666666666666, 97.29333333333334, 97.38, 97.48666666666666, 97.46666666666667, 97.555, 97.58666666666667, 97.64333333333333, 97.66666666666667, 97.665, 97.685, 97.705], "train_loss": [0.4823052266488473, 0.36873999325558543, 0.33100273352116344, 0.30550005606065195, 0.2851325790459911, 0.2675871109434714, 0.2556647214603921, 0.24437050770347318, 0.23190420533530415, 0.2228629238018766, 0.21318278359559675, 0.20588367237709462, 0.195490154735744, 0.19084370384303231, 0.18354989962186663, 0.17739114491579433, 0.1712170200732847, 0.16422929622232915, 0.15901205754528444, 0.15450116077903658, 0.14786322876966249, 0.14368823738458256, 0.14049963220177838, 0.13437363283708692, 0.1298595467605628, 0.12567657326348125, 0.12169555665925146, 0.11831678103655577, 0.11421133144991473, 0.11046629816293717, 0.10762486429885029, 0.10408585574361495, 0.10091827498748898, 0.09860466252391537, 0.09568787792852769, 0.09312474409351125, 0.09122448948328384, 0.08871965188921119, 0.0872647910239175, 0.08526263164511572, 0.08377490243758075, 0.08249884173817312, 0.08150757224221404, 0.08031242746238908, 0.07922611928544938, 0.07845133942668327, 0.07795410214612881, 0.0774663081454734, 0.07718345753926163, 0.07697546472462514], "test_acc": [84.82, 85.55, 86.38, 86.95, 87.61, 87.84, 88.4, 88.15, 88.43, 88.53, 88.68, 88.45, 88.37, 88.42, 88.84, 88.71, 88.87, 88.8, 88.85, 89.34, 88.93, 89.36, 88.77, 89.05, 89.03, 88.99, 89.2, 89.19, 89.39, 89.17, 88.88, 89.09, 89.03, 88.87, 89.05, 89.1, 89.25, 89.02, 89.13, 89.09, 89.07, 89.3, 89.14, 89.13, 89.2, 89.08, 89.1, 89.15, 89.07, 89.1], "test_loss": [0.42912777364253996, 0.3977877965569496, 0.37668795812875033, 0.3729870627820492, 0.3534283196181059, 0.3441631718352437, 0.3328068895637989, 0.33870005790144203, 0.3358305633068085, 0.33496977161616087, 0.32718021312728524, 0.3388285623118281, 0.3386497250385582, 0.34202161455526947, 0.3432735785655677, 0.34348981115967037, 0.3446293398924172, 0.355318812225014, 0.3432210237532854, 0.3426178632862866, 0.35800208158791064, 0.34979701690375803, 0.36768750254064797, 0.3609920347481966, 0.36406288636848333, 0.36884278630837797, 0.3743993127718568, 0.38035148944705727, 0.3774794862791896, 0.38228338237851855, 0.3896438834071159, 0.38246102541685106, 0.3912996136955917, 0.399499347768724, 0.3957657239586115, 0.4027648689970374, 0.3973665568232536, 0.4019056055322289, 0.4062323396652937, 0.40555163986980913, 0.4058115122653544, 0.4051143910549581, 0.40717180782929063, 0.40696650063619016, 0.40707240663468836, 0.4078054432198405, 0.4077944264933467, 0.40786355052143336, 0.40802848068997266, 0.408022202514112]}