{"num_param": 227338, "latency": {"mean": 0.0013508514642715454, "std": 5.538610013527544e-05}, "train_acc": [82.43166666666667, 87.26166666666667, 88.19166666666666, 89.165, 89.665, 90.13833333333334, 90.74666666666667, 91.105, 91.49333333333334, 91.83833333333334, 92.20666666666666, 92.43, 92.745, 93.095, 93.39666666666666, 93.69166666666666, 94.03166666666667, 94.14333333333333, 94.50333333333333, 94.725, 95.02666666666667, 95.28166666666667, 95.60833333333333, 95.85666666666667, 96.105, 96.47833333333334, 96.66166666666666, 96.91666666666667, 97.24333333333334, 97.51166666666667, 97.755, 97.98166666666667, 98.18666666666667, 98.47333333333333, 98.60833333333333, 98.83, 98.995, 99.16, 99.35, 99.45333333333333, 99.57333333333334, 99.66, 99.71166666666667, 99.765, 99.80333333333333, 99.84833333333333, 99.88666666666667, 99.90333333333334, 99.90666666666667, 99.905], "train_loss": [0.4898892314483722, 0.3525805034923057, 0.3189663303395112, 0.29446931786214314, 0.2765854169179996, 0.26275679950291914, 0.24856961842626332, 0.2375781568636497, 0.22755744051498672, 0.21867405312446256, 0.2099945170401285, 0.20233122447350374, 0.19312318249916036, 0.1859758601213495, 0.17644105296737203, 0.1690433110979696, 0.16204466692792874, 0.15516796238720418, 0.1480703342341197, 0.13947692982852458, 0.13343255945015697, 0.12656016043697793, 0.11929825490495811, 0.11214702974151199, 0.10528851305289814, 0.097602889148208, 0.09225609091382163, 0.08524416662209357, 0.07772659103444311, 0.0728490156303936, 0.06496981115778908, 0.06032750189673, 0.054447585450252516, 0.04826077764494888, 0.04479210687781839, 0.03984001800252979, 0.03526176109910011, 0.03160837032851608, 0.027732334546841837, 0.0253655637204065, 0.022497093359415885, 0.0203632881360924, 0.01862216324787975, 0.017279326998686884, 0.01606405071739573, 0.015144292949213801, 0.014417400684809158, 0.013897934667766095, 0.013542828114683896, 0.013339444907129898], "test_acc": [84.35, 85.44, 86.9, 87.81, 88.39, 87.97, 88.4, 88.68, 89.04, 88.92, 88.04, 88.7, 88.23, 89.04, 88.43, 89.09, 88.45, 89.31, 88.89, 89.08, 89.27, 89.29, 88.64, 88.95, 88.74, 88.97, 88.53, 88.67, 88.91, 88.62, 88.56, 89.13, 88.87, 88.5, 88.89, 88.75, 88.97, 88.86, 88.93, 88.86, 88.8, 88.89, 88.65, 88.73, 88.86, 88.95, 88.96, 88.96, 88.98, 89.0], "test_loss": [0.44303558446466923, 0.39595096692442894, 0.35974170781672, 0.3451876275241375, 0.3255308696627617, 0.32831730833277106, 0.3187713145278394, 0.3170070324838161, 0.30896935530006886, 0.31528425371274355, 0.334284702334553, 0.32233405955135824, 0.3286474882811308, 0.31945414416491985, 0.3389710704609752, 0.33048790000379086, 0.35537511501461266, 0.33300195053219794, 0.3399456101283431, 0.3474337588623166, 0.3447451936267316, 0.35581244602799417, 0.36989544589072465, 0.3876019423827529, 0.38965608635917304, 0.39162895172834394, 0.40335204353556037, 0.42149714890867473, 0.419264857172966, 0.42626258051022886, 0.4429126112535596, 0.4400321158766747, 0.4585453996248543, 0.477281399872154, 0.47647657873108984, 0.49252279778942465, 0.49584458539262416, 0.5098202565312385, 0.5141044804453849, 0.51816839043051, 0.523647866025567, 0.528695098683238, 0.5385195908881724, 0.5410633310116828, 0.5432881492003798, 0.5444664531387389, 0.5472320027463138, 0.5483474085666239, 0.5486836281605065, 0.5488154342398047]}