{"num_param": 841738, "latency": {"mean": 0.0013529671669006349, "std": 4.8302725681232864e-05}, "train_acc": [82.905, 87.49666666666667, 88.48833333333333, 89.285, 89.735, 90.48333333333333, 90.66833333333334, 91.13166666666666, 91.45166666666667, 91.72, 92.27666666666667, 92.46333333333334, 92.895, 93.19, 93.54, 93.75833333333334, 94.11166666666666, 94.39833333333333, 94.78833333333333, 95.03833333333333, 95.4, 95.59833333333333, 95.89833333333333, 96.28666666666666, 96.58833333333334, 96.79666666666667, 97.21166666666667, 97.45, 97.75333333333333, 98.075, 98.32166666666667, 98.55833333333334, 98.86, 99.02833333333334, 99.23333333333333, 99.47833333333334, 99.55166666666666, 99.705, 99.82833333333333, 99.89666666666666, 99.95166666666667, 99.96666666666667, 99.99, 99.99666666666667, 100.0, 100.0, 100.0, 100.0, 100.0, 100.0], "train_loss": [0.47264260712390144, 0.3461358463826279, 0.3122497655575474, 0.2875736997400721, 0.2735364922167112, 0.25494383309657376, 0.24737093320426842, 0.2366238777603333, 0.22381548120329778, 0.2174732435758536, 0.20638891078531743, 0.19699298027902842, 0.18879775916070987, 0.17969144117708008, 0.17112225836142897, 0.16498471597520015, 0.1560259777517058, 0.14709718107944356, 0.1387884918243314, 0.131387614334623, 0.12228003920599197, 0.1145491624068624, 0.11017346294053519, 0.1001335460463694, 0.09127956183549638, 0.08621078007078418, 0.07672569024221351, 0.0691295904974686, 0.06240589329216164, 0.0550696388327439, 0.049786542012686064, 0.04229030477746468, 0.035214023779844866, 0.03115752824979912, 0.025075485094469815, 0.02051983367074475, 0.01727371355848542, 0.0138283282306899, 0.010672980760355132, 0.008819835968145829, 0.006900548353041813, 0.005645523093480733, 0.004639498371131291, 0.003916562542253814, 0.0033779138974811456, 0.003044880289756596, 0.002772963741942173, 0.002590019147040342, 0.0024727489950115947, 0.0024029110447493923], "test_acc": [85.42, 85.02, 87.06, 87.85, 88.41, 88.73, 88.7, 89.29, 88.89, 89.56, 89.16, 89.32, 89.11, 89.32, 89.07, 89.12, 89.22, 89.36, 89.15, 89.47, 89.17, 89.52, 89.29, 89.45, 89.32, 88.95, 89.37, 89.19, 89.46, 89.23, 89.0, 89.31, 89.16, 89.39, 89.24, 89.37, 89.09, 89.05, 89.15, 89.0, 89.02, 89.18, 89.2, 89.25, 89.2, 89.19, 89.22, 89.21, 89.14, 89.18], "test_loss": [0.3963666605204344, 0.3987502324953675, 0.35288849525153637, 0.3356141423434019, 0.3186657718196511, 0.31757526692003013, 0.3205655334144831, 0.31213555701076984, 0.3252081782370806, 0.30835786800831555, 0.31504413709044454, 0.3192204779013991, 0.3254483605548739, 0.3245040421560407, 0.333288237825036, 0.3338656343892217, 0.33590097261592744, 0.3429599100351334, 0.33706171073019503, 0.3542535180598497, 0.361042490825057, 0.37174981461837886, 0.3800375233963132, 0.3847212888859212, 0.39218271484598516, 0.4230429855175316, 0.42040584789589047, 0.4197442511096597, 0.4558928872272372, 0.46705201422795656, 0.4786260459199548, 0.4822135290130973, 0.5063637177273631, 0.5163183548115193, 0.5301188264228404, 0.55128588616848, 0.555689936298877, 0.577600524649024, 0.5887890070676803, 0.6045262097381056, 0.6077920709270984, 0.6162159949354827, 0.6276411303691566, 0.6323817185685039, 0.6404391132388264, 0.6433173855952918, 0.647504152180627, 0.6498081858549267, 0.6504106649197638, 0.6508364143129438]}