{"num_param": 77834, "latency": {"mean": 0.0002558034658432007, "std": 2.7403512966789703e-05}, "train_acc": [84.17166666666667, 88.09833333333333, 89.475, 90.39166666666667, 91.24833333333333, 91.83, 92.465, 92.98166666666667, 93.47833333333334, 93.93666666666667, 94.33, 94.75, 95.075, 95.49666666666667, 95.81666666666666, 96.02, 96.39666666666666, 96.59333333333333, 96.93333333333334, 97.09333333333333, 97.33666666666667, 97.59833333333333, 97.77166666666666, 97.935, 98.16333333333333, 98.43166666666667, 98.49333333333334, 98.79, 98.90833333333333, 98.99833333333333, 99.15833333333333, 99.26166666666667, 99.365, 99.44166666666666, 99.55166666666666, 99.65833333333333, 99.74, 99.76166666666667, 99.84, 99.89, 99.92166666666667, 99.93666666666667, 99.95666666666666, 99.96666666666667, 99.98, 99.98833333333333, 99.99, 99.98666666666666, 99.99333333333334, 99.995], "train_loss": [0.4423928430117667, 0.3273534351152678, 0.2857336416468024, 0.25846523211958505, 0.23642068318091333, 0.21925846909483274, 0.2023867684447517, 0.18894349906904, 0.1755582556811472, 0.16366225028100112, 0.15270976663722347, 0.14231076751758034, 0.13385134662811954, 0.12482639431254938, 0.11521863058054199, 0.10866454801910247, 0.1005813511282516, 0.09383490206169275, 0.08653948653431144, 0.08090864683598435, 0.07402036446224278, 0.06907697414242042, 0.06371231179742608, 0.05863002536585554, 0.053247539372823664, 0.0482137351615044, 0.04472240865482793, 0.03847567360421332, 0.0357495061379935, 0.0313535480426799, 0.028307242280764814, 0.025264629380059585, 0.022379364117853885, 0.020091358636515604, 0.017613380310018936, 0.015570630535609477, 0.013228361295817498, 0.01183732170141108, 0.010464783536590402, 0.009212298535664255, 0.008127819447448321, 0.007329153753926221, 0.006589837592958551, 0.006167631883266343, 0.005723368796995297, 0.005394575477633529, 0.005123822295378583, 0.004938536283904492, 0.004814408713209559, 0.0047342377093445975], "test_acc": [85.68, 86.9, 87.46, 88.62, 88.85, 88.71, 88.95, 88.8, 88.61, 88.04, 89.29, 88.98, 89.03, 89.5, 88.91, 89.17, 89.24, 88.88, 89.34, 89.09, 89.45, 89.12, 89.37, 89.02, 89.15, 89.08, 89.33, 89.47, 89.23, 89.18, 89.26, 89.23, 89.25, 89.31, 89.49, 89.1, 89.36, 89.22, 89.31, 89.14, 89.25, 89.35, 89.33, 89.37, 89.18, 89.25, 89.23, 89.29, 89.31, 89.27], "test_loss": [0.39964122653007506, 0.36082621540874243, 0.3419558594375849, 0.3272066392749548, 0.3140766818448901, 0.3216228437051177, 0.3157960676774383, 0.3208662811480463, 0.35081036038696767, 0.35263528481125833, 0.324868991188705, 0.3481398279964924, 0.33885695673525335, 0.35335874479264023, 0.3708959659934044, 0.3841113785281777, 0.37609568478539585, 0.3913607047870755, 0.39243777163326743, 0.39889723831787705, 0.40332582861185073, 0.42488636769354343, 0.42708373971283436, 0.44275731248781086, 0.4539181945286691, 0.4685478377901018, 0.46480349285528066, 0.4784049752075225, 0.48840481229126453, 0.5146882252022624, 0.5106472949311137, 0.5165848049893975, 0.5256293075345456, 0.5350059848744422, 0.5387827265262604, 0.5482875180616975, 0.5531093780137598, 0.566333365868777, 0.5671165031567216, 0.5800900544971228, 0.5794168707169592, 0.5856460803374648, 0.5891738056298346, 0.5912543218024076, 0.5941039450373501, 0.5932916637137532, 0.596279581785202, 0.596143883028999, 0.5966011357121169, 0.5967880487907677]}