{"num_param": 32778, "latency": {"mean": 0.0007850769519805908, "std": 9.119381308979758e-05}, "train_acc": [82.815, 86.49, 87.51833333333333, 88.50833333333334, 88.98166666666667, 89.49166666666666, 90.18333333333334, 90.35166666666667, 90.875, 91.00666666666666, 91.42333333333333, 91.61166666666666, 91.86666666666666, 92.15333333333334, 92.34333333333333, 92.62833333333333, 92.75333333333333, 92.91333333333333, 93.09666666666666, 93.445, 93.57666666666667, 93.68166666666667, 93.92333333333333, 94.07333333333334, 94.15833333333333, 94.33333333333333, 94.51, 94.7, 94.79166666666667, 95.0, 95.06833333333333, 95.20166666666667, 95.285, 95.405, 95.50833333333334, 95.66333333333333, 95.77333333333333, 95.81333333333333, 95.92333333333333, 96.04, 96.055, 96.185, 96.22333333333333, 96.23833333333333, 96.36166666666666, 96.375, 96.35166666666667, 96.41333333333333, 96.42166666666667, 96.445], "train_loss": [0.4846363615120451, 0.3772641906266411, 0.342255392447114, 0.3164040417658786, 0.2985344517355164, 0.28425160051944354, 0.2699880988864849, 0.2603059385064989, 0.2478744687512517, 0.24002754314492147, 0.23279976417620976, 0.22611029567662627, 0.21858244761203727, 0.21132030350466569, 0.20638740185492982, 0.19970021296913426, 0.1954188665219893, 0.18997180876942973, 0.18603765725002935, 0.18000273258890956, 0.17436903897828113, 0.17067969302025934, 0.16698974458966404, 0.1625200406787917, 0.15839871793209265, 0.15458986703461658, 0.1512396418225641, 0.14812636874771368, 0.1443569760862738, 0.14021179656963795, 0.13738517217958968, 0.1338725283415988, 0.13197688784760733, 0.12849044130183757, 0.1263320021890104, 0.12403436910205831, 0.12173777680844068, 0.1197841502702795, 0.11794276932409654, 0.11620675725590748, 0.11436806386724735, 0.11315244898277645, 0.11199011872212092, 0.1110115935599121, 0.10994265092536808, 0.10919372036975498, 0.10872861257210995, 0.10817623356590048, 0.10783695873998415, 0.10761639774000893], "test_acc": [83.34, 84.84, 85.25, 86.64, 87.15, 87.03, 87.52, 88.17, 88.4, 88.14, 87.28, 88.89, 88.27, 88.51, 88.32, 88.69, 88.85, 88.72, 88.79, 89.18, 89.01, 88.73, 88.91, 89.1, 89.01, 88.81, 88.95, 88.93, 88.92, 88.86, 89.03, 88.92, 88.78, 88.51, 89.04, 88.96, 88.85, 88.98, 88.98, 88.78, 89.0, 88.88, 88.79, 88.82, 88.76, 88.82, 88.83, 88.8, 88.85, 88.85], "test_loss": [0.46713828526437284, 0.4167731183022261, 0.40153546385467054, 0.38211052119731903, 0.35520944610238075, 0.36174043647944926, 0.34659762132912875, 0.33204364258795976, 0.32799952659755943, 0.33570973958820105, 0.3520487144589424, 0.32568913158029317, 0.33908944234251975, 0.338116605989635, 0.3385485575720668, 0.3343464034423232, 0.33197522539645435, 0.33842495176941156, 0.3375330796651542, 0.3356941618770361, 0.33929728109389545, 0.34663697313517333, 0.3413167125359178, 0.34425119441002605, 0.3466925459355116, 0.35083307839930056, 0.3519051154702902, 0.3562972904369235, 0.35359180107712745, 0.3547930188477039, 0.3570968318730593, 0.35533013578504324, 0.3615151197649539, 0.3705924729630351, 0.364000342823565, 0.36661446165293454, 0.36779862638562916, 0.3662339956313372, 0.37151489026844503, 0.3699926809221506, 0.3720789896696806, 0.37107571456581356, 0.3720185219123959, 0.3721172608807683, 0.3721118189021945, 0.37299926482141016, 0.37219861552119254, 0.37241716001182795, 0.3723411985859275, 0.3723539744690061]}