{"num_param": 863242, "latency": {"mean": 0.000985792374610901, "std": 4.5641313493816503e-05}, "train_acc": [74.17333333333333, 83.20333333333333, 85.59333333333333, 87.015, 88.045, 88.87333333333333, 89.665, 90.39833333333333, 90.915, 91.415, 92.02833333333334, 92.395, 92.96166666666667, 93.365, 93.795, 94.205, 94.6, 94.95666666666666, 95.31666666666666, 95.63333333333334, 95.995, 96.27666666666667, 96.53333333333333, 96.84166666666667, 97.11333333333333, 97.30833333333334, 97.51666666666667, 97.73, 97.875, 98.07166666666667, 98.175, 98.36, 98.44833333333334, 98.55666666666667, 98.66833333333334, 98.75333333333333, 98.82833333333333, 98.875, 98.90833333333333, 98.95666666666666, 98.99333333333334, 99.01, 99.03166666666667, 99.05333333333333, 99.08333333333333, 99.09, 99.09666666666666, 99.10666666666667, 99.11, 99.115], "train_loss": [0.8161364865303039, 0.4924413908397158, 0.4157252852618694, 0.3718281969552239, 0.3402508344252904, 0.31551105083276826, 0.29541477892547846, 0.27771681573241946, 0.2614332148867349, 0.24745545227701465, 0.2336542561960717, 0.22158587348026534, 0.20943045339547098, 0.19862435588923594, 0.18804709360313912, 0.17868563269264995, 0.16942580814162891, 0.16041471204099556, 0.15153276522954304, 0.14387019294003645, 0.1358529169935112, 0.1283359766813616, 0.12161650842987001, 0.1146076849848032, 0.10865342012451341, 0.10278225834791858, 0.0974518748318466, 0.09246956156101077, 0.08750162880479669, 0.08294835807755589, 0.0790976609972616, 0.07526829117365802, 0.07159816056334724, 0.06857454298296943, 0.06589783090244358, 0.06351676620154952, 0.061203626111770666, 0.05924893923802301, 0.05755387322899575, 0.056019249636059004, 0.054724676127855976, 0.053670454459885754, 0.052753117226529866, 0.052000312693417074, 0.05138829327731704, 0.05092221662712594, 0.05057693483463178, 0.05033252438840767, 0.05017427086830139, 0.05008958638723319], "test_acc": [80.65, 83.6, 84.73, 85.9, 86.31, 86.81, 87.22, 87.02, 87.5, 87.58, 87.66, 87.5, 87.57, 87.92, 87.7, 87.79, 87.86, 87.73, 87.77, 88.02, 87.86, 87.78, 87.8, 88.03, 87.83, 87.95, 87.93, 87.81, 87.86, 87.94, 87.75, 87.79, 87.8, 87.74, 87.84, 87.86, 87.86, 87.87, 87.71, 87.81, 87.74, 87.8, 87.7, 87.79, 87.76, 87.69, 87.71, 87.69, 87.69, 87.69], "test_loss": [0.5729167021811008, 0.4748191335052252, 0.43077297642827034, 0.4035591923445463, 0.3861902528256178, 0.37584563180804254, 0.36417092077434066, 0.3650577708333731, 0.3545988135412335, 0.35202367056161166, 0.34961505111306906, 0.34976518765091896, 0.34898848984390496, 0.3449008768051863, 0.3498617570102215, 0.3485907007753849, 0.3504069705307484, 0.35276336781680584, 0.35594205260276796, 0.35398929350078107, 0.3586110699921846, 0.35913117103278636, 0.3655031539127231, 0.3657730820029974, 0.368530688136816, 0.37123233571648595, 0.3735492191463709, 0.3775626612454653, 0.3808664755523205, 0.3811821109056473, 0.3856724815815687, 0.38681653313338754, 0.38901458896696567, 0.39083935543894766, 0.3933322429284453, 0.39415588065981866, 0.39578619718551633, 0.3971491754800081, 0.3988271373510361, 0.3990860240906477, 0.40072188958525656, 0.40163830053061245, 0.401827937848866, 0.4024289520829916, 0.4026490278542042, 0.4031457943469286, 0.40323710583150385, 0.40330834589898584, 0.40337621729820966, 0.40337966337800024]}