{"num_param": 289802, "latency": {"mean": 0.0009700830221176148, "std": 0.00011870540656672805}, "train_acc": [72.33333333333333, 82.11666666666666, 84.24166666666666, 85.535, 86.57666666666667, 87.27166666666666, 87.91166666666666, 88.405, 88.85, 89.18666666666667, 89.58166666666666, 89.84833333333333, 90.09, 90.38833333333334, 90.64833333333333, 90.90833333333333, 91.16333333333333, 91.32833333333333, 91.55166666666666, 91.73166666666667, 91.87666666666667, 92.08666666666667, 92.31166666666667, 92.455, 92.57333333333334, 92.71833333333333, 92.81333333333333, 92.90833333333333, 93.03333333333333, 93.16666666666667, 93.24, 93.31166666666667, 93.43666666666667, 93.495, 93.56666666666666, 93.61, 93.66833333333334, 93.71833333333333, 93.72833333333334, 93.77, 93.83333333333333, 93.84, 93.83833333333334, 93.87833333333333, 93.86833333333334, 93.90333333333334, 93.905, 93.90333333333334, 93.90333333333334, 93.90166666666667], "train_loss": [0.9178513939678669, 0.5294003147135178, 0.45289282355457544, 0.4118738478049636, 0.3837138054271539, 0.36228583538904785, 0.3446708052915831, 0.32986265727008385, 0.3170643890214463, 0.30599068030094106, 0.2960052869531016, 0.28696744818861286, 0.2786662186930577, 0.2710576289581756, 0.2640493154618889, 0.2575492084119469, 0.25172232039893666, 0.24583663620675603, 0.24053594974180062, 0.23549111477720241, 0.23069582232584557, 0.22664161392798027, 0.222243533913667, 0.21840386742105086, 0.2148527588136494, 0.21130692980562646, 0.2082690043033411, 0.20536220350613196, 0.2026297522801906, 0.19992981096419196, 0.19768439709829788, 0.19552800357341765, 0.19343875193037094, 0.19173797342305382, 0.1900584494167318, 0.18865872023627162, 0.18723831639314692, 0.186107275475127, 0.18505059317685663, 0.18414410998423894, 0.1833183675756057, 0.18266524572546283, 0.18215612466602277, 0.1816775583786269, 0.1812946918591236, 0.18102422087763748, 0.18082046627998352, 0.18067317991517484, 0.180583069541802, 0.18053553458613655], "test_acc": [79.59, 82.53, 83.76, 84.8, 85.28, 85.81, 86.23, 86.55, 86.85, 87.08, 87.19, 87.53, 87.36, 87.6, 87.94, 88.02, 88.07, 88.12, 88.21, 88.26, 88.32, 88.44, 88.43, 88.43, 88.58, 88.59, 88.53, 88.57, 88.63, 88.52, 88.57, 88.62, 88.61, 88.62, 88.65, 88.68, 88.62, 88.63, 88.68, 88.64, 88.64, 88.62, 88.69, 88.65, 88.67, 88.67, 88.67, 88.67, 88.67, 88.67], "test_loss": [0.6126408112049103, 0.505287596732378, 0.45943348824977875, 0.4323898185044527, 0.4108589620143175, 0.3962524856626988, 0.38394028685987, 0.3737242867797613, 0.3666816082596779, 0.359131230302155, 0.35429552622139454, 0.3486513955518603, 0.34539891343563794, 0.3413414669036865, 0.3384663880243897, 0.33554413001984357, 0.3338732751086354, 0.3320611284300685, 0.3300746462494135, 0.3282283339649439, 0.3276981514319777, 0.32637943666428326, 0.32452632158994676, 0.3246764160320163, 0.32316328782588244, 0.3229294630140066, 0.322434221804142, 0.32132042162120344, 0.32147942565381527, 0.3218139905296266, 0.3209423973783851, 0.32087123326957223, 0.32066305592656136, 0.3201941995508969, 0.3202869261242449, 0.32015687646344304, 0.32018884651362894, 0.32004196727648376, 0.3199412802606821, 0.3198046378605068, 0.3199475697427988, 0.32002927461639047, 0.3199437302164733, 0.32000149734318256, 0.32001854537054897, 0.32004897709935903, 0.3200041231326759, 0.3200037364847958, 0.3199942416884005, 0.3199948078766465]}