{"num_param": 125962, "latency": {"mean": 0.0009750927686691285, "std": 0.00016327603853800724}, "train_acc": [70.35, 80.68333333333334, 82.78833333333333, 84.06333333333333, 85.10833333333333, 85.79333333333334, 86.34, 86.80833333333334, 87.2, 87.48, 87.855, 88.08833333333334, 88.29666666666667, 88.52833333333334, 88.67833333333333, 88.885, 89.05166666666666, 89.16333333333333, 89.31, 89.44833333333334, 89.53, 89.65833333333333, 89.80166666666666, 89.90166666666667, 89.97, 90.07666666666667, 90.065, 90.21833333333333, 90.25833333333334, 90.31, 90.37166666666667, 90.37833333333333, 90.44166666666666, 90.46666666666667, 90.51166666666667, 90.54166666666667, 90.53833333333333, 90.60333333333334, 90.61166666666666, 90.62666666666667, 90.66333333333333, 90.665, 90.66833333333334, 90.685, 90.67333333333333, 90.685, 90.71, 90.70833333333333, 90.715, 90.72166666666666], "train_loss": [0.9967443940291802, 0.565245766962568, 0.48889819517731664, 0.44900428961962463, 0.4219280141343673, 0.4013826063896219, 0.38498135849212606, 0.37152898440137505, 0.3603968670591712, 0.35084712599714596, 0.3426259735909601, 0.33539441604788106, 0.32875133644789456, 0.32278303627545635, 0.31737937544782957, 0.3125065078555296, 0.308151155517747, 0.3037792222636441, 0.300025285401692, 0.2964148203283548, 0.2930292797399064, 0.29006439197808503, 0.2872556290154656, 0.28458774358034133, 0.2821180949670573, 0.2797837012913078, 0.2777527673666676, 0.2758752367272973, 0.27403157972730696, 0.2723256047752996, 0.2709114876265327, 0.26956299405545, 0.2682856234597663, 0.26720814298838375, 0.26622991075118385, 0.26532381640126307, 0.2645117263868451, 0.26385365846566855, 0.2632570777523021, 0.2627180938174327, 0.262240920693924, 0.2618941643896202, 0.2616128218049804, 0.26134369530715046, 0.26114660668186845, 0.26100075664309164, 0.26089852864233154, 0.26082673414299884, 0.2607839604311933, 0.26076280007138847], "test_acc": [78.17, 81.28, 82.56, 83.77, 84.37, 84.83, 85.39, 85.7, 85.87, 86.22, 86.44, 86.71, 86.81, 87.16, 87.13, 87.29, 87.4, 87.34, 87.48, 87.55, 87.66, 87.73, 87.69, 87.85, 87.95, 87.91, 87.93, 88.03, 88.05, 88.18, 88.12, 88.17, 88.14, 88.19, 88.25, 88.27, 88.21, 88.18, 88.26, 88.26, 88.21, 88.25, 88.31, 88.29, 88.31, 88.32, 88.31, 88.31, 88.32, 88.31], "test_loss": [0.6518731008470059, 0.5380813889205456, 0.49144534558057784, 0.46303055606782434, 0.4406358092278242, 0.42523449428379534, 0.411881960183382, 0.40154707960784436, 0.3930925203859806, 0.3863699223101139, 0.3794562417268753, 0.37440011754631997, 0.3693119476735592, 0.36504853788763286, 0.3613944098353386, 0.357636623904109, 0.35454007145017385, 0.3518253313750029, 0.34921284854412077, 0.3469759313762188, 0.3453291999548674, 0.3434204563125968, 0.34134658474475144, 0.3399476449936628, 0.3385746619105339, 0.33741561353206634, 0.33637726075947283, 0.3350603207200766, 0.3346189395710826, 0.3339985692501068, 0.3331205975264311, 0.3322253948077559, 0.33164872698485853, 0.3310508690774441, 0.3306118623167276, 0.33019741985946893, 0.32989724282175303, 0.32956396125257015, 0.32926579341292384, 0.3291046498715878, 0.32889244105666876, 0.3288817429915071, 0.3287289475649595, 0.32864488806575537, 0.32858648385852574, 0.32856209758669136, 0.3285208678245544, 0.3285023655369878, 0.32849339101463554, 0.32849151343107225]}