{"num_param": 1061898, "latency": {"mean": 0.00018765811920166015, "std": 3.14575744810409e-05}, "train_acc": [83.25, 87.35166666666667, 88.575, 89.55833333333334, 90.24333333333334, 90.75, 91.55, 91.99166666666666, 92.28833333333333, 92.75666666666666, 93.14166666666667, 93.54666666666667, 93.75166666666667, 94.165, 94.44166666666666, 94.81666666666666, 95.07333333333334, 95.36333333333333, 95.60166666666667, 95.865, 96.05666666666667, 96.43, 96.53333333333333, 96.795, 96.95666666666666, 97.13833333333334, 97.345, 97.57333333333334, 97.73833333333333, 97.81333333333333, 98.055, 98.215, 98.33333333333333, 98.55333333333333, 98.67666666666666, 98.77666666666667, 98.91166666666666, 98.99166666666666, 99.08333333333333, 99.135, 99.25833333333334, 99.36, 99.405, 99.47833333333334, 99.52, 99.53666666666666, 99.56833333333333, 99.59, 99.61833333333334, 99.60833333333333], "train_loss": [0.4567559759132564, 0.34176046615466477, 0.30411753602325914, 0.27909697582324344, 0.2587963309387366, 0.2426509478284667, 0.22706128157985708, 0.21372459948994219, 0.20350542272441088, 0.19111112255292634, 0.18001301334239542, 0.17076379207118103, 0.16265545649764437, 0.15398439244677622, 0.1465364708099514, 0.13928708098052692, 0.13008610468745851, 0.12291436136312162, 0.11678364313013541, 0.11027232018881478, 0.10524554317235016, 0.09725687064579688, 0.0932653568025368, 0.08764756768320997, 0.08203368344188978, 0.07655174621788319, 0.07227600172860547, 0.06627540099085309, 0.06277640298590996, 0.05807878832313387, 0.05396336987032555, 0.04976384924870217, 0.04606510522974228, 0.04159433231572621, 0.038637085049122104, 0.03581354436086258, 0.03275872553368875, 0.030105885559969466, 0.027470412965752377, 0.025727514640069178, 0.023681817192336894, 0.02187560339361274, 0.020413575799193496, 0.01906346032805838, 0.01811033285727414, 0.01719488532175698, 0.016528765960101735, 0.01596270013766116, 0.015651060476714822, 0.015406512234718927], "test_acc": [86.3, 87.42, 87.33, 87.58, 87.86, 88.14, 88.51, 88.64, 88.44, 87.58, 88.9, 89.13, 89.06, 89.32, 88.9, 89.3, 89.8, 89.36, 89.54, 90.05, 89.95, 89.7, 89.85, 89.59, 90.02, 89.85, 89.91, 90.15, 90.04, 89.9, 89.93, 89.89, 90.05, 90.06, 89.86, 90.0, 90.08, 89.94, 90.16, 89.8, 90.11, 90.1, 90.16, 90.28, 90.22, 90.12, 90.08, 90.11, 90.15, 90.14], "test_loss": [0.37695942521095277, 0.35471519120037553, 0.34927142594009636, 0.34151304740458727, 0.3318255045823753, 0.3222937972098589, 0.3290332380309701, 0.32099342726171015, 0.34726558839902283, 0.3501928994432092, 0.33530678782612083, 0.3254077020101249, 0.3388107330352068, 0.346483971811831, 0.343449731208384, 0.34622459700331093, 0.3384546388871968, 0.3520582763385028, 0.3642204181943089, 0.3425129632279277, 0.36190775537863373, 0.36430374038405716, 0.3720235968567431, 0.3697165796905756, 0.41561903262510896, 0.39630891209468244, 0.43175613099243493, 0.40790724692866204, 0.4481625343021005, 0.4670569784101099, 0.45290771475527436, 0.4585442575439811, 0.45674925819039347, 0.49337516000494364, 0.5034848267771304, 0.5231111234053969, 0.5321733853872865, 0.5176776482653804, 0.5264438350615092, 0.5409072324447334, 0.5506137320725247, 0.5491256534960121, 0.5662710787774995, 0.5585068321507424, 0.5589772662939504, 0.5584366267034784, 0.570090648601763, 0.5638390833511948, 0.571104374253191, 0.5712862751726061]}