{"num_param": 432138, "latency": {"mean": 0.0013471960544586181, "std": 0.00015194619774630303}, "train_acc": [82.93, 87.48166666666667, 88.64, 89.415, 90.05, 90.58333333333333, 90.97666666666667, 91.325, 91.92, 92.035, 92.45666666666666, 92.79, 93.055, 93.26166666666667, 93.70666666666666, 93.89833333333333, 94.11166666666666, 94.535, 94.68166666666667, 95.07, 95.335, 95.65333333333334, 95.93166666666667, 96.17, 96.49, 96.76666666666667, 96.965, 97.24666666666667, 97.50833333333334, 97.82333333333334, 98.08166666666666, 98.33166666666666, 98.6, 98.85833333333333, 99.03666666666666, 99.215, 99.335, 99.535, 99.66666666666667, 99.755, 99.82833333333333, 99.89, 99.92, 99.95666666666666, 99.97166666666666, 99.99, 99.99166666666666, 99.99666666666667, 99.99666666666667, 99.99666666666667], "train_loss": [0.4768545288903018, 0.34215196867162984, 0.3087820683481793, 0.2852060694495837, 0.2681432053136329, 0.2538313609858354, 0.24232249727783103, 0.23219061095733196, 0.21824883775164683, 0.21106464460181693, 0.20199790604257337, 0.19424924288255474, 0.185218340906625, 0.17922614064688483, 0.1681595563236624, 0.16128759543721874, 0.15640185815592608, 0.1448964165818567, 0.13978239086456598, 0.13132913548654565, 0.12422274573822506, 0.117078351106029, 0.10829916033195332, 0.1031563972736088, 0.09504597648978233, 0.08821323395493286, 0.08178633664385415, 0.07485540322590775, 0.0676883323713749, 0.061235349974789036, 0.05518039394014825, 0.04838632218520312, 0.04284270633138173, 0.036802642591355836, 0.032461528612669405, 0.027724257307418156, 0.02372966229188023, 0.020075151786537997, 0.016869233053536544, 0.014423425599185672, 0.012274375211660905, 0.010589352410437035, 0.009251297650686562, 0.008158064591892373, 0.007376613297516693, 0.006686900547307839, 0.006272853531554574, 0.005944241319593857, 0.005730157125217374, 0.0056073275506059875], "test_acc": [84.51, 85.89, 86.4, 87.68, 88.19, 88.0, 89.14, 88.5, 89.07, 88.73, 88.56, 89.1, 88.97, 89.1, 88.77, 88.65, 89.31, 89.18, 89.42, 89.14, 89.27, 89.04, 88.91, 88.9, 88.38, 89.02, 89.04, 89.03, 89.06, 88.87, 88.8, 89.22, 89.31, 88.85, 89.06, 88.98, 88.97, 88.8, 89.01, 88.96, 88.79, 88.79, 88.86, 88.89, 88.83, 88.96, 88.96, 88.96, 88.95, 88.95], "test_loss": [0.43470966421067714, 0.38802407428622243, 0.3688776697218418, 0.3475038190186024, 0.32190611321479085, 0.3405314862728119, 0.3189381908252835, 0.3250056412257254, 0.31714546639472246, 0.3208181954175234, 0.3301378476619721, 0.32471446562558415, 0.3264374102652073, 0.32091489754617214, 0.33344189658761025, 0.3482665017992258, 0.3333517540432513, 0.34730081737041474, 0.3403711826726794, 0.3543856670707464, 0.34745817735791207, 0.3624656431376934, 0.38212937142699954, 0.3978345739468932, 0.41998572085052727, 0.4096966645121574, 0.41671066161245107, 0.4311090825498104, 0.4351924395561218, 0.4470217789337039, 0.4748374905437231, 0.4750433345884085, 0.4744142145290971, 0.5009329148381948, 0.5068675092980266, 0.5381559933722019, 0.5329798094555735, 0.547707297205925, 0.5574536340683699, 0.5678097032383085, 0.5734880422800779, 0.5826646073162556, 0.5893398140184581, 0.5934222944080829, 0.5983048016950488, 0.6029571797326208, 0.6039298485964537, 0.6062720403075218, 0.6069099541753531, 0.6071232675015926]}