{"num_param": 1061898, "latency": {"mean": 0.00018055453300476075, "std": 2.5663631282314568e-05}, "train_acc": [83.15666666666667, 87.34833333333333, 88.61666666666666, 89.505, 90.23833333333333, 90.81333333333333, 91.29833333333333, 91.81666666666666, 92.36333333333333, 92.725, 93.11666666666666, 93.44333333333333, 93.78833333333333, 94.17333333333333, 94.44166666666666, 94.78333333333333, 95.03166666666667, 95.30333333333333, 95.575, 95.77333333333333, 96.105, 96.21333333333334, 96.59166666666667, 96.705, 97.01333333333334, 97.22666666666667, 97.37333333333333, 97.50166666666667, 97.72333333333333, 97.92333333333333, 98.05, 98.21666666666667, 98.415, 98.545, 98.67, 98.81, 98.90333333333334, 99.02666666666667, 99.12333333333333, 99.20833333333333, 99.29, 99.33666666666667, 99.44166666666666, 99.47, 99.54833333333333, 99.55833333333334, 99.59, 99.62, 99.62, 99.63666666666667], "train_loss": [0.45954826024671397, 0.3449109342135489, 0.3061700151860714, 0.28025739774728814, 0.2607547386890898, 0.24368575900172193, 0.2298670396146675, 0.2174918893429761, 0.20235452306456864, 0.19281715472849706, 0.18171802344731985, 0.17203963897190988, 0.16407432158167162, 0.15460099042082825, 0.1458765977760777, 0.13829767116345465, 0.13229849319439382, 0.12458835378754884, 0.11809357945729668, 0.11148600492742844, 0.10427127053185056, 0.09850092397963939, 0.09091799460894738, 0.08836958646580266, 0.08092455040624676, 0.07646936142855945, 0.07156808914636106, 0.0667102643486578, 0.06229977674762874, 0.0574229904654203, 0.053621969805293095, 0.04920201443785724, 0.04556039225222776, 0.04185932417269214, 0.03872262983524706, 0.03541433783859247, 0.03269537401012106, 0.02990275567804929, 0.02738060969776901, 0.02537098010465949, 0.023305249200881614, 0.02173253579661832, 0.020375359615742734, 0.019237286646239228, 0.017783267622605004, 0.01719327015307499, 0.01650735909815315, 0.015961371282561837, 0.015613638231661753, 0.015374574674036315], "test_acc": [85.34, 86.27, 86.96, 87.67, 87.95, 87.0, 88.72, 88.87, 89.04, 89.67, 88.92, 89.9, 89.67, 89.6, 89.35, 89.53, 89.38, 89.37, 89.52, 89.97, 89.41, 89.57, 89.84, 89.67, 89.68, 90.06, 89.94, 89.66, 90.23, 90.09, 90.04, 90.12, 90.22, 89.87, 90.04, 89.86, 89.84, 90.27, 90.1, 89.99, 90.12, 90.1, 90.08, 90.27, 90.06, 90.13, 90.15, 90.23, 90.2, 90.2], "test_loss": [0.4081936766952276, 0.3780418271571398, 0.3533181393891573, 0.3434494091942906, 0.3339453371986747, 0.3663933804631233, 0.3177172599732876, 0.31973770558834075, 0.3056657668016851, 0.33273254189640283, 0.3256723545119166, 0.33178607856854797, 0.31676035713404416, 0.33677835648879406, 0.34843032324686646, 0.3337657512910664, 0.35901411002501843, 0.37391926880925896, 0.3707489524781704, 0.3731522468663752, 0.38285821039229634, 0.3839184169843793, 0.39973286164924504, 0.40035186426714064, 0.4015355150215328, 0.4037397613283247, 0.4472087815683335, 0.4371265682391822, 0.444499634578824, 0.4541273964010179, 0.46623202819842846, 0.4802989071141928, 0.49483698236756024, 0.4964758176985197, 0.4701465773489326, 0.5386119033303112, 0.5302186222351156, 0.5038006630912423, 0.5260914166434668, 0.538901386584621, 0.5442470184911508, 0.5513245259458199, 0.5400071231485345, 0.5507069816696457, 0.5574652650079224, 0.553982212410774, 0.5632080973917618, 0.5651907290099188, 0.5684962338965852, 0.56877862455789]}