{"num_param": 1061898, "latency": {"mean": 0.00019224755764007568, "std": 0.00021401646329160964}, "train_acc": [82.95833333333333, 87.26333333333334, 88.55833333333334, 89.47666666666667, 90.19166666666666, 90.92, 91.25833333333334, 91.93, 92.26, 92.65333333333334, 93.08, 93.435, 93.83, 94.11333333333333, 94.41, 94.7, 94.915, 95.235, 95.61166666666666, 95.81166666666667, 96.04333333333334, 96.20333333333333, 96.47833333333334, 96.67, 96.88666666666667, 97.10833333333333, 97.26833333333333, 97.48666666666666, 97.66666666666667, 97.87333333333333, 97.98666666666666, 98.18666666666667, 98.35666666666667, 98.48333333333333, 98.63833333333334, 98.73166666666667, 98.85166666666667, 98.97166666666666, 99.09833333333333, 99.16833333333334, 99.28833333333333, 99.315, 99.38166666666666, 99.44833333333334, 99.49833333333333, 99.50833333333334, 99.55333333333333, 99.56166666666667, 99.595, 99.59833333333333], "train_loss": [0.4673351943741242, 0.34560939952110253, 0.30773117194573085, 0.28049217187489073, 0.26222598732449115, 0.24272822161515553, 0.2299002004476885, 0.21561407073090474, 0.2031237498577684, 0.19305805335442225, 0.18128463081239413, 0.17247646040089118, 0.1624776872123281, 0.15617936747614294, 0.14729413017087306, 0.13944572569647182, 0.1330247676372528, 0.12513815006318812, 0.1190847934266397, 0.11293517346959561, 0.10590612137457356, 0.10024869154983511, 0.0949754484804968, 0.08933955537543321, 0.0839644852069129, 0.07738808185133772, 0.07285081891284789, 0.0679398103095203, 0.06278253228675264, 0.0591362708650801, 0.055210018000992324, 0.050345783366647086, 0.04680350596026983, 0.043256358111199614, 0.039583172462783596, 0.03644266767029573, 0.033883098486354964, 0.030976196536054584, 0.028565553423153082, 0.026341235759076275, 0.024525946225597485, 0.022934565155531647, 0.021387778771750163, 0.020374569484071497, 0.01907676757079874, 0.01814884476676525, 0.017520466488410116, 0.016970779464487957, 0.016584258737808947, 0.01633998380731403], "test_acc": [85.26, 84.8, 87.03, 87.6, 88.42, 88.14, 88.95, 88.57, 88.86, 88.88, 89.31, 89.15, 89.22, 89.47, 89.54, 88.9, 89.86, 89.39, 89.41, 89.64, 89.81, 90.04, 89.4, 89.4, 89.53, 89.32, 90.08, 89.89, 90.3, 89.94, 89.97, 90.26, 90.08, 89.94, 90.07, 89.94, 90.27, 90.05, 89.86, 90.17, 89.89, 90.1, 90.11, 90.13, 89.98, 90.03, 90.13, 90.11, 90.14, 90.13], "test_loss": [0.3898576532304287, 0.4146498253196478, 0.35213126458227634, 0.3428707556426525, 0.32337918620556594, 0.32855572503060104, 0.3118759312853217, 0.32211828112602237, 0.3479133179038763, 0.3178920341283083, 0.3278805819712579, 0.3295849329419434, 0.3470862039364874, 0.32132282489910724, 0.34523976310156285, 0.35297421518713235, 0.3316867431253195, 0.3583758836239576, 0.3392475688830018, 0.352764539513737, 0.3660032798536122, 0.3469148391671479, 0.4060216631367803, 0.4264699245058, 0.4044451023172587, 0.4681213248334825, 0.44975062998943033, 0.42494839765131476, 0.42631513757631184, 0.4484408250451088, 0.4518717789556831, 0.46915749479085206, 0.4592749194428325, 0.4826157186180353, 0.5067845203354955, 0.49393146693706513, 0.5297547024115921, 0.5248908955603838, 0.5186095239967108, 0.5650667036697269, 0.539476142115891, 0.5526201044768095, 0.561727700419724, 0.5689711491391063, 0.5686881315335631, 0.5716567671298981, 0.5710464432463049, 0.5741076370701194, 0.5785968683287501, 0.5784484596922994]}