{"num_param": 289802, "latency": {"mean": 0.0009643113613128662, "std": 5.481624391675458e-05}, "train_acc": [72.02833333333334, 81.70833333333333, 84.01, 85.45833333333333, 86.37333333333333, 87.12166666666667, 87.81333333333333, 88.305, 88.72833333333334, 89.10166666666667, 89.50666666666666, 89.8, 90.16666666666667, 90.36833333333334, 90.65833333333333, 90.865, 91.08833333333334, 91.34166666666667, 91.54, 91.78333333333333, 91.905, 92.095, 92.26333333333334, 92.355, 92.52, 92.69833333333334, 92.80333333333333, 92.96, 93.02833333333334, 93.155, 93.22666666666667, 93.32833333333333, 93.39666666666666, 93.48833333333333, 93.555, 93.595, 93.69, 93.70333333333333, 93.73666666666666, 93.78833333333333, 93.82333333333334, 93.87333333333333, 93.885, 93.895, 93.92166666666667, 93.90833333333333, 93.93666666666667, 93.92666666666666, 93.94, 93.94166666666666], "train_loss": [0.9166886916508278, 0.5349387743075689, 0.4563681674748659, 0.4133913357804219, 0.38431164069722096, 0.3628179708806177, 0.3457877130123476, 0.3310557407140732, 0.31872860360269745, 0.3077466696500778, 0.297944519345959, 0.28877284998074176, 0.28050603142629066, 0.2727704975629846, 0.2656600685417652, 0.2589146098991235, 0.25276730513821044, 0.2470164328192671, 0.24143321039155125, 0.23631499870680273, 0.23166546828734377, 0.2269812988800307, 0.22290276923216878, 0.21899105092821022, 0.21532214392907917, 0.2116882630282392, 0.20861155348519483, 0.20548188870462278, 0.20281499253896376, 0.20026350723889966, 0.19790866372175514, 0.1955831296245257, 0.19360153344459832, 0.19175514852628112, 0.19012401159231862, 0.18863655745362243, 0.1873421595307688, 0.18613001694281897, 0.18506710381867986, 0.1841372654059281, 0.18339268553070723, 0.18268563420822223, 0.1821370649524033, 0.18168401372929413, 0.18128762649993102, 0.18103125708798568, 0.180817330374072, 0.18066720126817623, 0.1805756029766053, 0.18052746715334556], "test_acc": [78.73, 81.93, 83.71, 84.77, 85.51, 85.73, 86.27, 86.55, 86.72, 87.12, 87.32, 87.39, 87.48, 87.7, 87.73, 87.7, 87.84, 87.91, 88.01, 87.98, 87.86, 88.15, 88.09, 87.97, 88.12, 88.19, 88.33, 88.18, 88.44, 88.41, 88.44, 88.43, 88.45, 88.46, 88.37, 88.47, 88.52, 88.44, 88.49, 88.45, 88.5, 88.46, 88.53, 88.53, 88.46, 88.51, 88.54, 88.54, 88.55, 88.55], "test_loss": [0.6219897156953812, 0.513822033032775, 0.46383700348436835, 0.4342903541773558, 0.41297282159328463, 0.39892871253192425, 0.38678420081734655, 0.37750537469983103, 0.3704747952520847, 0.36368357747793195, 0.3582032302767038, 0.35499577958136797, 0.34992707457393407, 0.3460034316405654, 0.34321495953947306, 0.3401325942575932, 0.3386341270431876, 0.33638564482331273, 0.3364075181260705, 0.3340093341842294, 0.333432943969965, 0.33157539781183004, 0.33011930119246247, 0.3302024370804429, 0.32923281788825987, 0.32927399888634684, 0.32796559561043975, 0.3284508953988552, 0.32744088500738144, 0.32747163394466045, 0.3269708738289773, 0.3276752847060561, 0.3271233996935189, 0.32741110838949683, 0.32770463824272156, 0.3271419472247362, 0.3273004386946559, 0.32726433079689743, 0.32748604491353034, 0.32719422264024617, 0.32725998809561135, 0.32723708033561705, 0.32722375748679045, 0.32727367771789434, 0.3273602549172938, 0.3272630988061428, 0.3272591004706919, 0.3272556590475142, 0.32725701715797184, 0.3272573527134955]}