{"num_param": 227338, "latency": {"mean": 0.0013531768321990967, "std": 0.00011453047436464453}, "train_acc": [82.10666666666667, 87.13, 88.44, 89.005, 89.68333333333334, 90.11166666666666, 90.59833333333333, 91.00666666666666, 91.31333333333333, 91.57166666666667, 92.01333333333334, 92.28333333333333, 92.645, 92.93, 93.27, 93.46166666666667, 93.82333333333334, 94.04, 94.43666666666667, 94.60833333333333, 94.95, 95.205, 95.50166666666667, 95.68166666666667, 96.00333333333333, 96.34166666666667, 96.55333333333333, 96.80833333333334, 97.07333333333334, 97.42166666666667, 97.58, 97.865, 98.08333333333333, 98.27333333333333, 98.53666666666666, 98.75666666666666, 98.9, 99.055, 99.19666666666667, 99.37333333333333, 99.48666666666666, 99.575, 99.62666666666667, 99.70666666666666, 99.73333333333333, 99.77833333333334, 99.80666666666667, 99.82166666666667, 99.825, 99.82833333333333], "train_loss": [0.4982954206690192, 0.35250698287039994, 0.31619833001866937, 0.2950300085792939, 0.2787840012491991, 0.2640283249908437, 0.25361442839416365, 0.2419280093597869, 0.23166440065329275, 0.22318233375282337, 0.21355544358181458, 0.20684127733266602, 0.1968538197161009, 0.18917949251364916, 0.18112112768304844, 0.17455028344566623, 0.16682872098560134, 0.15939645039848982, 0.1496907265127326, 0.14444334938346098, 0.13698023692239075, 0.12911335564528903, 0.12321102810790763, 0.1152763226410995, 0.10877435984012361, 0.10245308098383248, 0.09571319160129255, 0.08808437756844796, 0.08202690726766984, 0.07521033937266718, 0.07005767409495699, 0.06313387475092895, 0.05779694852943067, 0.053134425284030534, 0.0476513830133869, 0.04239616494237756, 0.038666014101133135, 0.03445253256077801, 0.0316127807792509, 0.027868131220845194, 0.02510901719991428, 0.023204091119017296, 0.021241901358152973, 0.01967154523920423, 0.018353778398401726, 0.01733511103860413, 0.016601072253348927, 0.016006417907968473, 0.01563291815381187, 0.015394879170198692], "test_acc": [84.88, 86.34, 86.95, 87.43, 88.27, 88.22, 88.85, 88.59, 88.9, 89.27, 88.78, 89.07, 88.48, 89.07, 89.3, 88.36, 89.47, 89.23, 89.16, 88.99, 88.85, 89.36, 88.89, 89.31, 89.12, 89.27, 89.29, 89.11, 89.16, 89.37, 89.21, 89.37, 89.23, 89.04, 89.08, 89.42, 88.91, 88.91, 89.16, 88.97, 88.99, 89.27, 89.12, 89.24, 89.14, 89.19, 89.08, 89.11, 89.09, 89.12], "test_loss": [0.4144846711307764, 0.37041998099535706, 0.35757822219282387, 0.3438009736686945, 0.32624888710677624, 0.3275507553294301, 0.3197026983648539, 0.3257383223623037, 0.32099294003099205, 0.30878031235188247, 0.3188989924639463, 0.3142778366431594, 0.34573366776108744, 0.32717538319528106, 0.32768159441649913, 0.34489832263439896, 0.32578334026038647, 0.3439132744073868, 0.34200906664133074, 0.35752813912928105, 0.3560735037922859, 0.3645649831742048, 0.3762770308181643, 0.3699186873435974, 0.37658862391486764, 0.39400417093187573, 0.4043352250568569, 0.40754105845466254, 0.41622344981878995, 0.41661830738186834, 0.43843357054516674, 0.44093319807201625, 0.4496697038412094, 0.46208156952634455, 0.4696176118031144, 0.47247719544917344, 0.4855703466013074, 0.49630592348054053, 0.5036881429795176, 0.5136975912936032, 0.5110942490398884, 0.5165737352333963, 0.5234313069377095, 0.5286738619860262, 0.5291924684867263, 0.5317573073878884, 0.5335166308376939, 0.5347907655872405, 0.5350111630186438, 0.5349426757078618]}