{"num_param": 60426, "latency": {"mean": 0.0008279290914535522, "std": 0.00016707732773890604}, "train_acc": [84.475, 87.72333333333333, 88.71833333333333, 89.21666666666667, 90.02, 90.60166666666667, 90.94166666666666, 91.46666666666667, 91.745, 92.10833333333333, 92.545, 92.64166666666667, 93.09, 93.50666666666666, 93.75833333333334, 93.95666666666666, 94.26333333333334, 94.42833333333333, 94.83166666666666, 94.955, 95.28666666666666, 95.545, 95.72166666666666, 95.99166666666666, 96.245, 96.52, 96.69833333333334, 96.83666666666667, 97.10333333333334, 97.34166666666667, 97.39666666666666, 97.67666666666666, 97.835, 97.97, 98.15166666666667, 98.36333333333333, 98.41833333333334, 98.54833333333333, 98.69, 98.79666666666667, 98.84333333333333, 98.99666666666667, 99.095, 99.12, 99.18833333333333, 99.25666666666666, 99.24333333333334, 99.30666666666667, 99.32166666666667, 99.335], "train_loss": [0.43668605499590435, 0.339288103642563, 0.3092852906199793, 0.288246075840046, 0.26988329030573366, 0.25412285898191234, 0.24364447036758066, 0.2299887364730239, 0.22038298419676722, 0.21070846919125566, 0.2003179232465724, 0.19503890257173528, 0.18363898831885309, 0.17583674481449027, 0.16822671024051183, 0.16230538533224415, 0.15374349965869138, 0.14842604080835978, 0.13941685422013203, 0.13453514324035495, 0.12709625825829182, 0.12108047201686228, 0.11716540979609515, 0.10950990664772689, 0.1027196278438593, 0.09735054194383944, 0.09198053450401251, 0.08695374080406812, 0.08151868728804403, 0.07668520820424116, 0.07332751896154756, 0.06736417136892366, 0.06429892706733274, 0.0601001277717296, 0.056422609042880746, 0.05180443332588766, 0.04981980817392469, 0.04646541096425305, 0.04360016556388776, 0.041202754078161284, 0.038776366927680404, 0.036964455078705216, 0.03534913950037056, 0.033908602690013744, 0.03248288944188971, 0.03149922660983672, 0.03072522046228793, 0.030080071094610805, 0.029647047012889137, 0.029396150071988814], "test_acc": [85.72, 86.31, 87.12, 86.9, 87.63, 88.01, 88.24, 88.28, 88.6, 88.2, 88.74, 88.43, 88.38, 88.74, 88.34, 87.89, 88.94, 88.86, 88.24, 89.08, 88.58, 88.42, 88.93, 88.19, 88.52, 88.46, 88.82, 88.06, 88.55, 88.38, 88.64, 88.49, 88.28, 88.54, 88.34, 88.47, 88.18, 88.05, 88.1, 88.13, 88.13, 88.14, 88.2, 88.11, 88.07, 88.21, 88.18, 88.21, 88.24, 88.23], "test_loss": [0.3969461254775524, 0.37581250831484797, 0.367016778960824, 0.375432376973331, 0.35832318011671305, 0.3563987256214023, 0.3509593946859241, 0.34984805189073087, 0.3620333801209927, 0.36014046661555765, 0.3655838890001178, 0.3785153079777956, 0.37516727551817897, 0.3863961488753557, 0.3934710634127259, 0.4089436988160014, 0.40011854119598866, 0.418294090218842, 0.4426665975153446, 0.42420445088297126, 0.44403068682178853, 0.448897058069706, 0.47094341525807976, 0.483202825114131, 0.490830029733479, 0.5102448002062738, 0.5122136199846864, 0.5474516280740499, 0.5500841898471117, 0.5577962186932564, 0.577422148976475, 0.5909559530578554, 0.5889069359190762, 0.6173574411123991, 0.6160234868712723, 0.6462321728095413, 0.6554227155074477, 0.6623451491072774, 0.6778846278786659, 0.6910233210399747, 0.6998109982162714, 0.702933202944696, 0.71412188898772, 0.7201909083500504, 0.7258492014557123, 0.7284264381974935, 0.7295883992686868, 0.7319168991222977, 0.7325368120521307, 0.7327449217811227]}