{"num_param": 227338, "latency": {"mean": 0.0013567767143249513, "std": 0.0001079087803227449}, "train_acc": [82.62833333333333, 87.26833333333333, 88.51166666666667, 89.27166666666666, 89.88833333333334, 90.35166666666667, 90.68166666666667, 91.14, 91.49833333333333, 91.94666666666667, 92.235, 92.535, 92.82333333333334, 93.01666666666667, 93.30166666666666, 93.62166666666667, 93.96, 94.145, 94.40166666666667, 94.78333333333333, 94.97833333333334, 95.255, 95.54333333333334, 95.785, 96.06333333333333, 96.37833333333333, 96.63833333333334, 96.95166666666667, 97.1, 97.37666666666667, 97.61166666666666, 97.89166666666667, 98.19666666666667, 98.37833333333333, 98.53333333333333, 98.74, 98.96, 99.14666666666666, 99.21833333333333, 99.37833333333333, 99.515, 99.59666666666666, 99.695, 99.73666666666666, 99.77333333333333, 99.82166666666667, 99.845, 99.86666666666666, 99.865, 99.87166666666667], "train_loss": [0.48665242875615755, 0.3462494833394885, 0.31097595805923145, 0.2884034231926004, 0.2711978398108234, 0.2597449537801246, 0.24689359748736023, 0.23621758244621258, 0.22628552720881998, 0.2163951102939124, 0.20950742423379173, 0.1998431092966348, 0.19214658987242728, 0.18561103789601474, 0.178160894655933, 0.16944645778896908, 0.16158283783122898, 0.1547176338577022, 0.14926338493668784, 0.1411944742205863, 0.1347895098042985, 0.1279361844381007, 0.1204156348722366, 0.11443438029537599, 0.1076944992528297, 0.09893710995092989, 0.09240844493266195, 0.08602177490014583, 0.08080884298232073, 0.0727659272022235, 0.06833247357203315, 0.061654279668194555, 0.05614856606620985, 0.05075494656591521, 0.046207451275355804, 0.04196102768279767, 0.03700499335459123, 0.03306084765208652, 0.030161646060296334, 0.027060306782562597, 0.024363739272618357, 0.022457733838964485, 0.020482397409311185, 0.019070824957355702, 0.017818506652062447, 0.01686047204770148, 0.016079156840666353, 0.015528262612351683, 0.015170876586538118, 0.014950609004348128], "test_acc": [84.42, 87.01, 87.28, 87.41, 87.94, 88.33, 87.93, 87.47, 87.28, 87.7, 88.1, 88.7, 88.42, 88.55, 88.86, 88.76, 88.43, 88.54, 88.68, 88.83, 88.37, 88.84, 88.68, 88.78, 88.67, 88.6, 88.61, 88.6, 88.34, 88.23, 88.67, 88.47, 88.56, 88.59, 88.64, 88.46, 88.48, 88.69, 88.7, 88.57, 88.64, 88.57, 88.5, 88.7, 88.55, 88.67, 88.71, 88.66, 88.69, 88.66], "test_loss": [0.42276494309306145, 0.35791390810161827, 0.35213345382362604, 0.3546169938147068, 0.33781793240457775, 0.33385405477136376, 0.3427972465381026, 0.34553451552987097, 0.3651738535612822, 0.3569132973998785, 0.34830726075917484, 0.3281164517626166, 0.33574554722756145, 0.34150764759629965, 0.3371041486598551, 0.3493861836567521, 0.34858109526336195, 0.3494011394307017, 0.3578147620148957, 0.35396475058048965, 0.3826850772835314, 0.3751275346800685, 0.37426549565047024, 0.3870182963460684, 0.3871048776805401, 0.40743963757529855, 0.41252761432901025, 0.4308575246669352, 0.4379147695377469, 0.4527862774580717, 0.44528892304748297, 0.46155028047040103, 0.4746415979042649, 0.47814336279407144, 0.4850463500246406, 0.4974494356662035, 0.5018773460015654, 0.5146106578782201, 0.5207702584564686, 0.528375700134784, 0.5346799275279045, 0.5420593737252056, 0.5449970133788884, 0.5501431097835302, 0.549292244054377, 0.553013463690877, 0.5548405503854156, 0.5556408525630832, 0.5559800677374005, 0.5560291371867061]}