{"num_param": 863242, "latency": {"mean": 0.000966942024230957, "std": 0.00011196360559901706}, "train_acc": [75.14166666666667, 83.77, 85.79166666666667, 87.21166666666667, 88.27333333333333, 89.11333333333333, 89.83, 90.53166666666667, 91.10333333333334, 91.69833333333334, 92.24666666666667, 92.74833333333333, 93.16833333333334, 93.64166666666667, 94.05833333333334, 94.47833333333334, 94.85666666666667, 95.20333333333333, 95.53166666666667, 95.91166666666666, 96.16833333333334, 96.49833333333333, 96.765, 97.025, 97.255, 97.47166666666666, 97.665, 97.87166666666667, 98.03833333333333, 98.215, 98.35333333333334, 98.455, 98.615, 98.71, 98.79666666666667, 98.85333333333334, 98.93166666666667, 98.99333333333334, 99.05333333333333, 99.07, 99.115, 99.14166666666667, 99.16833333333334, 99.195, 99.21333333333334, 99.22333333333333, 99.22666666666667, 99.23333333333333, 99.23666666666666, 99.24333333333334], "train_loss": [0.8174868567536274, 0.48490946494042875, 0.41139721213529507, 0.36799014007051783, 0.33682399303962784, 0.3122479243700703, 0.29067050775513054, 0.2728501760059347, 0.25659928428009154, 0.24163897513101498, 0.2285721265990287, 0.2155911438042919, 0.2042457506991923, 0.1932851609773934, 0.18246713049244134, 0.172412129274259, 0.16360189340698222, 0.15415242906970283, 0.14545886737915376, 0.1371904771278302, 0.1295139838506778, 0.12195663519203663, 0.11517303856555372, 0.10867678668349981, 0.10267887296310316, 0.09668425536093612, 0.09143582498965164, 0.08634048901032657, 0.08132889561355114, 0.07675374816016604, 0.07309779576879616, 0.0695460013501967, 0.06589361420754965, 0.06317201329162345, 0.06028671143964554, 0.0579171675334995, 0.05575468561456849, 0.0538280825316906, 0.05221411915185551, 0.05075136486440897, 0.04945270157108704, 0.04845102620621522, 0.04754117045318708, 0.04685049385492069, 0.0462812493997626, 0.04584832734389541, 0.045506564484288296, 0.04527304631386263, 0.045121245215802144, 0.045041251057603704], "test_acc": [81.24, 83.74, 84.94, 85.8, 86.43, 86.54, 86.8, 87.09, 87.28, 87.46, 87.55, 87.81, 87.77, 87.87, 87.7, 88.08, 88.08, 87.8, 87.89, 87.86, 87.99, 87.97, 87.98, 87.97, 88.1, 87.92, 88.04, 88.02, 87.92, 87.91, 88.18, 88.05, 88.0, 87.93, 88.04, 88.05, 88.15, 88.12, 88.12, 88.06, 88.1, 88.04, 88.11, 88.0, 88.01, 88.02, 88.05, 88.04, 88.03, 88.03], "test_loss": [0.5673755018413067, 0.47339055620133874, 0.43001959420740604, 0.40386139541864396, 0.3859783288836479, 0.37448948562145234, 0.365828273370862, 0.3596545925363898, 0.3542766505107284, 0.3453440696373582, 0.3472858491539955, 0.34474638579413297, 0.34423776539042594, 0.34425009386613964, 0.34249602127820256, 0.3414690387248993, 0.342081956975162, 0.3467145060747862, 0.34487863777205346, 0.3475073664076626, 0.3491938462294638, 0.3502207054384053, 0.35189510833472015, 0.3555926913768053, 0.3575798872299492, 0.3634855725057423, 0.36340598076581954, 0.364892494417727, 0.3690851048566401, 0.3713325895555317, 0.37083164356648923, 0.3748332357034087, 0.3780470705218613, 0.3799163306877017, 0.38139324106276035, 0.38112915713340045, 0.3838889125548303, 0.3867742413841188, 0.3874215789325535, 0.3885366296395659, 0.38923623334616425, 0.39031145798042416, 0.3906994612514973, 0.39092890564352273, 0.39149166096001864, 0.3916723369807005, 0.3919574152305722, 0.3920711991377175, 0.39210994020104406, 0.39213104110211133]}