{"num_param": 77834, "latency": {"mean": 0.0002953370571136475, "std": 7.629789756597751e-05}, "train_acc": [83.95333333333333, 88.07833333333333, 89.49333333333334, 90.42333333333333, 91.11833333333334, 91.97666666666667, 92.37333333333333, 93.11666666666666, 93.44333333333333, 94.02, 94.29833333333333, 94.75666666666666, 95.155, 95.46166666666667, 95.80833333333334, 96.015, 96.42833333333333, 96.59166666666667, 96.91833333333334, 97.09666666666666, 97.35833333333333, 97.7, 97.745, 97.93666666666667, 98.205, 98.42, 98.48, 98.59833333333333, 98.89, 99.03166666666667, 99.13833333333334, 99.28833333333333, 99.39833333333333, 99.50666666666666, 99.565, 99.675, 99.80333333333333, 99.80166666666666, 99.85666666666667, 99.90833333333333, 99.93833333333333, 99.955, 99.95, 99.97333333333333, 99.98166666666667, 99.98833333333333, 99.99166666666666, 99.99166666666666, 99.99333333333334, 99.99333333333334], "train_loss": [0.44911838065211973, 0.3278668198051552, 0.287118729117016, 0.25714812106142443, 0.23755152659801146, 0.21684331324261924, 0.20289263531565666, 0.18862792826723307, 0.17514315090918292, 0.16245761156625424, 0.15254858307540417, 0.14199704653583467, 0.13233178546341756, 0.1248817662980097, 0.11485122690947416, 0.10782245343162988, 0.10009259512919622, 0.09317985342815518, 0.08541211739027252, 0.08095010282064323, 0.07395970702171326, 0.06719530173034097, 0.06325737720306886, 0.05785408036123651, 0.05198985743879651, 0.04670605594234076, 0.04311934153588178, 0.04049068325335005, 0.03473536976501539, 0.03139560072294747, 0.028540554773450518, 0.024865391974793358, 0.021846931911519884, 0.018950200057782543, 0.01736950063170904, 0.014845765876962104, 0.012506619271346912, 0.011366027107675715, 0.009928387396551747, 0.008721083510269333, 0.007839182074870527, 0.006979487048277709, 0.006448381262792585, 0.005901782289195884, 0.0054261174686932164, 0.005144086470318143, 0.004924978680307201, 0.004720858765237305, 0.004608947380426495, 0.004529958803638389], "test_acc": [85.88, 86.75, 87.67, 87.82, 88.85, 88.78, 89.44, 89.25, 89.49, 88.96, 89.33, 89.09, 88.97, 89.53, 89.23, 89.36, 89.48, 89.7, 89.08, 89.46, 89.56, 89.73, 89.48, 89.57, 89.33, 89.22, 89.74, 89.35, 89.46, 89.73, 89.38, 89.72, 89.63, 89.5, 89.41, 89.47, 89.49, 89.44, 89.57, 89.62, 89.61, 89.5, 89.51, 89.69, 89.59, 89.64, 89.63, 89.66, 89.68, 89.66], "test_loss": [0.386857086494565, 0.3597682835906744, 0.3402754877880216, 0.34433572929352524, 0.3146704125963151, 0.3162741280347109, 0.3072924030199647, 0.3189489829540253, 0.32695123087614775, 0.34023940505459904, 0.3208834248222411, 0.3407900617457926, 0.34046422492712736, 0.34240728985518215, 0.35810338642448186, 0.35534453893080353, 0.36859982470050456, 0.38026358366012575, 0.38539817798882725, 0.39021570174023507, 0.39397648273035885, 0.41360329687595365, 0.4290122337453067, 0.4286268566176295, 0.43897907216101884, 0.4538106058165431, 0.4564905292354524, 0.48050509989261625, 0.4805232732370496, 0.48783810226246715, 0.5010451504960656, 0.49745610520243644, 0.5139103078283369, 0.5198559892736375, 0.5272650224529207, 0.5352250113338232, 0.5459105507284403, 0.547771288473159, 0.55349175311625, 0.5585298341140151, 0.559925327654928, 0.5700892801210284, 0.5725811125524342, 0.5760770083032548, 0.5776768442057073, 0.5787571168877185, 0.5801113362796605, 0.5808224349468947, 0.581121636312455, 0.58133704431355]}