{"num_param": 201738, "latency": {"mean": 0.0006943661212921142, "std": 4.326659411544078e-05}, "train_acc": [83.77333333333333, 88.29, 89.75666666666666, 90.75666666666666, 91.60833333333333, 92.32166666666667, 92.86833333333334, 93.65333333333334, 93.975, 94.51166666666667, 95.075, 95.41333333333333, 95.74833333333333, 96.165, 96.45, 96.75666666666666, 97.12666666666667, 97.42666666666666, 97.635, 97.865, 98.11666666666666, 98.45666666666666, 98.58166666666666, 98.83166666666666, 98.92333333333333, 99.17333333333333, 99.23666666666666, 99.47, 99.56333333333333, 99.64833333333333, 99.76666666666667, 99.835, 99.85833333333333, 99.92666666666666, 99.95, 99.96666666666667, 99.99833333333333, 99.99833333333333, 100.0, 100.0, 100.0, 100.0, 100.0, 100.0, 100.0, 100.0, 100.0, 100.0, 100.0, 100.0], "train_loss": [0.45716437839592494, 0.3183470160017411, 0.27707395838884014, 0.24798361857732137, 0.22525641882792116, 0.20671761059667915, 0.19024770914576947, 0.17346734776782494, 0.16188997788044313, 0.14676849553671975, 0.13449762907810509, 0.12484579048197096, 0.11602587965006629, 0.1047540531742076, 0.09680746627467064, 0.08980128641744765, 0.08114673634952245, 0.07181339029998829, 0.06662114664698796, 0.05986929393703273, 0.0547645150354947, 0.04543517535125526, 0.04240708091723112, 0.036147299430740534, 0.03169840138910028, 0.026417930918105414, 0.02414249226252044, 0.018980573096632723, 0.015984395189661882, 0.013355755454637498, 0.01050176217337139, 0.008021968314690943, 0.006838181149769298, 0.005251244502845414, 0.00413458488190372, 0.0032504072033892346, 0.0019818647504143885, 0.0017189317273065777, 0.0013649914540231596, 0.001106236017755388, 0.0009020848913193428, 0.0007532077104891263, 0.0006195867075772791, 0.0005474080703394672, 0.00048797509785496613, 0.0004426840471630082, 0.000408279616103755, 0.00038762190471819245, 0.00037282669761680155, 0.00036464396801723825], "test_acc": [85.4, 87.13, 87.54, 88.18, 88.59, 88.95, 88.81, 88.73, 88.32, 88.3, 88.65, 88.95, 88.59, 88.47, 88.39, 88.56, 88.59, 88.3, 88.65, 88.56, 88.63, 88.54, 88.42, 88.61, 88.82, 88.31, 88.48, 88.49, 88.37, 88.48, 88.65, 88.73, 88.61, 88.72, 88.39, 88.58, 88.79, 88.58, 88.7, 88.64, 88.79, 88.71, 88.76, 88.84, 88.73, 88.77, 88.74, 88.83, 88.83, 88.82], "test_loss": [0.3956664041429758, 0.35559221003204583, 0.339643618799746, 0.3346576415747404, 0.32468610920012, 0.32004619255661965, 0.3353874418884516, 0.3441473811119795, 0.3728778136521578, 0.3680264127999544, 0.3619534161873162, 0.37876710832118987, 0.3787006975896656, 0.43509139761328697, 0.42252404961735013, 0.41443083543330433, 0.4273782749474049, 0.4574629572406411, 0.4749223515763879, 0.4793396233953536, 0.49953045018017295, 0.5330072949267923, 0.5216101188771427, 0.5462819794565439, 0.565691316574812, 0.574234810974449, 0.5986493568308652, 0.6291772072389722, 0.6274859118834137, 0.6346918680146336, 0.6455729372054338, 0.6529389428719878, 0.6907770365476609, 0.6895362115651369, 0.7213080655410886, 0.713467997778207, 0.7225275146588683, 0.7366351797059179, 0.7514126011729241, 0.7635863710939884, 0.7713071880489588, 0.7846404528990388, 0.7938469124957919, 0.8056464760378003, 0.808099548984319, 0.8106438089162111, 0.8149095734208822, 0.8166889385133982, 0.8180415565520525, 0.8184135897830128]}