{"num_param": 201738, "latency": {"mean": 0.0007569251775741577, "std": 4.398991015527379e-05}, "train_acc": [83.16166666666666, 88.16, 89.49333333333334, 90.56, 91.46166666666667, 92.07333333333334, 92.69833333333334, 93.22666666666667, 93.915, 94.3, 94.73333333333333, 95.12666666666667, 95.50666666666666, 96.05166666666666, 96.28166666666667, 96.70666666666666, 96.93166666666667, 97.335, 97.52166666666666, 97.89833333333333, 98.08166666666666, 98.275, 98.55166666666666, 98.79, 98.92166666666667, 99.09833333333333, 99.255, 99.36166666666666, 99.49833333333333, 99.61833333333334, 99.745, 99.78833333333333, 99.88, 99.9, 99.96666666666667, 99.965, 99.98166666666667, 99.99833333333333, 100.0, 100.0, 100.0, 100.0, 100.0, 100.0, 100.0, 100.0, 100.0, 100.0, 100.0, 100.0], "train_loss": [0.46735018307343124, 0.3229353363532573, 0.28256379187107084, 0.25199609027865033, 0.22968794535535078, 0.21111216763034463, 0.19350340412153552, 0.1813664795892934, 0.16329207337150972, 0.15232847668773805, 0.13997141900317123, 0.13056214610580355, 0.11985179622968038, 0.10801480049965903, 0.10013384655700065, 0.09016676921552667, 0.08471345782124748, 0.07441044729707452, 0.06921630314046827, 0.06038293128076475, 0.05379317744188787, 0.04903972469522463, 0.04219804262344648, 0.03682032278176242, 0.03207488756335806, 0.02734914222630323, 0.02367847128455954, 0.020681604619191298, 0.01726294884455759, 0.013878391418002138, 0.010593280154110592, 0.009428387095649669, 0.006843117659324586, 0.005986373451863377, 0.0041966828110889766, 0.003370551100439722, 0.0028997665164145776, 0.0018394265475095988, 0.001409692091698768, 0.001238282844533387, 0.0010065539139426012, 0.0008185197696639079, 0.0006949857907663197, 0.0006231021717697634, 0.0005438796032134027, 0.0004956905883803605, 0.000458603086981384, 0.00043317473999309185, 0.0004179969199625096, 0.00040899095614652955], "test_acc": [85.02, 86.1, 87.21, 87.91, 88.88, 88.06, 88.12, 88.8, 89.02, 88.64, 87.99, 89.08, 88.37, 88.92, 88.67, 88.17, 88.7, 88.84, 88.7, 88.85, 88.8, 89.16, 88.56, 88.72, 88.9, 88.55, 88.49, 89.03, 89.06, 89.01, 89.0, 88.99, 88.85, 88.7, 89.02, 88.95, 89.13, 89.16, 89.1, 89.07, 89.16, 89.11, 89.2, 89.14, 89.11, 89.15, 89.2, 89.22, 89.21, 89.16], "test_loss": [0.4173501614481211, 0.3840179454162717, 0.3512649966776371, 0.3485789579153061, 0.324492544233799, 0.3439058092609048, 0.3448401870205998, 0.3322787009179592, 0.33688917370513083, 0.3583849175646901, 0.38634547911584377, 0.36808803748339414, 0.391436553709209, 0.39184290714561937, 0.41442734327167274, 0.4292277381196618, 0.43349500123411416, 0.4455367089435458, 0.4489952227845788, 0.4774953477270901, 0.49055609695613384, 0.5064374824240804, 0.5378059808164835, 0.5362735056690872, 0.5429523869650439, 0.567521270075813, 0.5920029334910214, 0.602305337106809, 0.6011700577335433, 0.6241282281372696, 0.6337711141316685, 0.6412852294184268, 0.664577162466012, 0.6868789775529877, 0.6773888650815933, 0.7075805151741952, 0.704331766217947, 0.70934152552858, 0.7280621241638436, 0.7351359445019625, 0.7469472812535242, 0.7544582147896289, 0.7598818030999973, 0.7708009964134545, 0.7755196412606165, 0.7780905842129141, 0.7818258485337719, 0.7835624473635108, 0.7845919908117502, 0.7850002845446579]}