{"num_param": 289802, "latency": {"mean": 0.0009780675888061523, "std": 0.00013996744606678972}, "train_acc": [71.70833333333333, 81.63666666666667, 84.025, 85.27833333333334, 86.36166666666666, 87.115, 87.79833333333333, 88.355, 88.81166666666667, 89.15833333333333, 89.49833333333333, 89.755, 90.07, 90.34833333333333, 90.63166666666666, 90.82166666666667, 91.04833333333333, 91.30666666666667, 91.445, 91.65, 91.775, 92.02833333333334, 92.13333333333334, 92.31, 92.43166666666667, 92.56333333333333, 92.69333333333333, 92.85166666666667, 92.96833333333333, 93.05333333333333, 93.165, 93.20333333333333, 93.28833333333333, 93.35666666666667, 93.465, 93.50833333333334, 93.57666666666667, 93.62833333333333, 93.64166666666667, 93.68666666666667, 93.70833333333333, 93.73833333333333, 93.78833333333333, 93.79166666666667, 93.81, 93.80666666666667, 93.82166666666667, 93.83666666666667, 93.84166666666667, 93.84333333333333], "train_loss": [0.9112561167528231, 0.538659278601408, 0.4585151520123084, 0.4151791629816095, 0.3862393589814504, 0.3644591908529401, 0.3470009459679325, 0.3324314246202509, 0.3198387905023992, 0.3091114767765005, 0.29908279232680796, 0.2902678664587438, 0.282331494508932, 0.2747956695780158, 0.26777142426619926, 0.261545397490263, 0.2557311497069895, 0.24978993219013015, 0.24452541615503529, 0.23963067069028815, 0.23483121485138933, 0.23050309744353095, 0.22662669346978268, 0.22246038797001044, 0.2188303333396713, 0.21544477017285923, 0.21230577189164856, 0.20915354007544618, 0.20658951446724436, 0.204072206299752, 0.20166703454839688, 0.19934718121929715, 0.19741996163502334, 0.19553318731176356, 0.19391084670399625, 0.19237787472394605, 0.19105787812111277, 0.18996735063691933, 0.18894065624413392, 0.18799164982823033, 0.1871762700813512, 0.18655721416076024, 0.18601208762576182, 0.18553674009007712, 0.1851690123633792, 0.18489248887014886, 0.18468389419838785, 0.18453934993594884, 0.18444927531604965, 0.18440138664096595], "test_acc": [78.62, 81.85, 83.69, 84.52, 85.24, 85.75, 86.35, 86.69, 86.75, 87.06, 87.2, 87.31, 87.4, 87.51, 87.57, 87.65, 87.94, 87.8, 87.97, 87.87, 88.06, 88.11, 88.19, 88.14, 88.2, 88.22, 88.29, 88.22, 88.15, 88.3, 88.27, 88.26, 88.29, 88.34, 88.37, 88.32, 88.32, 88.27, 88.44, 88.4, 88.31, 88.39, 88.43, 88.4, 88.43, 88.4, 88.4, 88.42, 88.41, 88.41], "test_loss": [0.6220056024193764, 0.5115532221645117, 0.4601318670064211, 0.42956530272960664, 0.40873860850930216, 0.3940052192658186, 0.38212228335440157, 0.37411320716142654, 0.3647874783724546, 0.3579876698926091, 0.35208669379353524, 0.34845442589372394, 0.34516834054142237, 0.34125612150877715, 0.3404402348771691, 0.3379819861426949, 0.3343798523768783, 0.3335189986228943, 0.3321222700923681, 0.3310969067364931, 0.3291560764983296, 0.32856574185192583, 0.3286838860437274, 0.3275649954378605, 0.32661598958075044, 0.32664624448865653, 0.32574307508766653, 0.3263327780365944, 0.32637685149908063, 0.32458303932100535, 0.32493597399443386, 0.32503509633243083, 0.3246382425352931, 0.3243862207233906, 0.3250279030948877, 0.3244369649514556, 0.32464934267103673, 0.3245702192932367, 0.32454331882297993, 0.3247016208618879, 0.32483105931431056, 0.32466350454837084, 0.32470170486718414, 0.3247901977226138, 0.3247072333842516, 0.32473081022500994, 0.3247178100049496, 0.32472443114966154, 0.3247281704843044, 0.3247282744571567]}