{"num_param": 32778, "latency": {"mean": 0.0007450083255767822, "std": 3.7465576546245134e-05}, "train_acc": [82.93, 86.325, 87.48, 88.30333333333333, 88.97166666666666, 89.61166666666666, 90.085, 90.48666666666666, 90.725, 90.94166666666666, 91.25333333333333, 91.61, 91.91833333333334, 91.99333333333334, 92.20833333333333, 92.365, 92.54333333333334, 92.77833333333334, 93.04833333333333, 93.27666666666667, 93.36833333333334, 93.60333333333334, 93.74333333333334, 93.94, 94.08833333333334, 94.28666666666666, 94.37333333333333, 94.605, 94.62833333333333, 94.725, 94.83333333333333, 95.10833333333333, 95.13, 95.27, 95.41166666666666, 95.48166666666667, 95.63333333333334, 95.73, 95.77333333333333, 95.845, 95.92833333333333, 95.97333333333333, 96.02, 96.14333333333333, 96.12333333333333, 96.17, 96.23666666666666, 96.25166666666667, 96.23333333333333, 96.265], "train_loss": [0.48537516240651407, 0.3801912833377719, 0.3447892227830986, 0.3206722216370205, 0.2991632775962353, 0.2854038032144308, 0.27254634456088145, 0.2606812547706068, 0.2515478064088772, 0.2440127887080113, 0.2364980539958924, 0.22775550943799316, 0.2213486014554898, 0.21585588172699013, 0.21050311132334174, 0.20510146673613538, 0.19969981705459455, 0.19350865528608363, 0.18771534007353088, 0.182818167625616, 0.17935165383542578, 0.17435567596306403, 0.17076198940941442, 0.1663135767262429, 0.16253659709046284, 0.15902635596382123, 0.15560856295749545, 0.15097677624551578, 0.14822566784607868, 0.14462087189778686, 0.14196480186656119, 0.13806173124971488, 0.1354478948144242, 0.13236563248715053, 0.13003586343489587, 0.12830068729352206, 0.1260942449901874, 0.12358458375558257, 0.12206611232754463, 0.11999869553527484, 0.11844838796183467, 0.11732346063402171, 0.11600366266289105, 0.11485145305128147, 0.11405056614273539, 0.11315524858888239, 0.11257475036351632, 0.11206431708997115, 0.11173156927883005, 0.1115103044655795], "test_acc": [83.92, 85.4, 85.57, 87.28, 87.17, 87.27, 87.54, 87.64, 86.77, 87.07, 87.43, 88.33, 88.1, 87.87, 88.51, 88.33, 88.34, 88.35, 88.71, 89.01, 88.34, 88.88, 89.07, 88.88, 89.13, 88.4, 88.96, 88.95, 88.57, 89.08, 88.81, 88.8, 89.1, 88.98, 88.98, 88.92, 88.93, 88.91, 88.99, 88.9, 88.88, 88.99, 88.92, 89.06, 88.97, 89.02, 88.98, 88.92, 88.92, 88.94], "test_loss": [0.44521459244191647, 0.40547392077744004, 0.39430640239268544, 0.3597790225222707, 0.3584437045454979, 0.3515026814863086, 0.35267524540424344, 0.3515866532176733, 0.3840052933245897, 0.3582686919718981, 0.35022335533052684, 0.33363631524145604, 0.3340876239165664, 0.3491661080159247, 0.3352300509251654, 0.33945101272314787, 0.34012481056153776, 0.3387416483461857, 0.33819917749613526, 0.3323585982993245, 0.35762330181896684, 0.34161186166107654, 0.338175406716764, 0.341883234642446, 0.3430461024492979, 0.3540755699202418, 0.3445539639145136, 0.35198190888389946, 0.35678950175642965, 0.35070310413837436, 0.35135309867560865, 0.3619632201269269, 0.3548793365061283, 0.35844825506210326, 0.35909600924700497, 0.363053829818964, 0.3616967877745628, 0.3617776998504996, 0.3624543540924787, 0.36728084355592727, 0.3665269576758146, 0.36606048937886954, 0.36478956051170824, 0.3658513776957989, 0.365743453130126, 0.36557135988026856, 0.36559438969939945, 0.36570422023534777, 0.3657154567539692, 0.3657043207064271]}