{"num_param": 125962, "latency": {"mean": 0.0009664021253585816, "std": 5.028148757628071e-05}, "train_acc": [70.34, 80.40666666666667, 82.87166666666667, 84.13166666666666, 85.03666666666666, 85.71166666666667, 86.24666666666667, 86.65666666666667, 87.08833333333334, 87.42166666666667, 87.74166666666666, 88.02333333333333, 88.29833333333333, 88.52166666666666, 88.72666666666667, 88.88166666666666, 88.99333333333334, 89.21, 89.31666666666666, 89.47333333333333, 89.54166666666667, 89.69, 89.745, 89.81833333333333, 89.94, 90.00166666666667, 90.05, 90.14166666666667, 90.21333333333334, 90.275, 90.33166666666666, 90.355, 90.385, 90.455, 90.475, 90.51166666666667, 90.555, 90.56333333333333, 90.62333333333333, 90.62166666666667, 90.64166666666667, 90.67833333333333, 90.67, 90.68333333333334, 90.69333333333333, 90.70166666666667, 90.68833333333333, 90.705, 90.69666666666667, 90.7], "train_loss": [0.9915559775133928, 0.568663848862052, 0.4906353976080815, 0.4499890649070342, 0.42287851971884566, 0.4026454613978664, 0.38676329540709653, 0.3734197782104214, 0.36221577155093354, 0.35277609481786687, 0.3443893401697278, 0.33683976327379545, 0.3302929488569498, 0.3241780082695186, 0.3187312788826724, 0.31361439380173883, 0.3090415221080184, 0.30484712202101943, 0.3007906777287523, 0.2972195804491639, 0.2939522111415863, 0.2907092333398759, 0.2879939169126252, 0.2852235367211203, 0.2827905263379216, 0.2803976439063748, 0.27839503715746106, 0.2763462034302453, 0.2746734059229493, 0.2730311087332666, 0.27153407846267025, 0.270074096309642, 0.26882579913983745, 0.2677523948810995, 0.26675086594497166, 0.2658780162129551, 0.26508130768314003, 0.2643828660994768, 0.26374522591630617, 0.2632277285742263, 0.2627974706422538, 0.2623979030735791, 0.26210631468643747, 0.26185410834228, 0.26165063739443817, 0.2615088441533347, 0.2614011055013786, 0.26132670087739823, 0.26128432411700486, 0.26126330555106203], "test_acc": [77.85, 80.83, 82.48, 83.59, 84.17, 84.49, 84.96, 85.43, 85.89, 86.0, 86.14, 86.43, 86.59, 86.7, 86.96, 87.17, 87.2, 87.36, 87.5, 87.56, 87.57, 87.62, 87.79, 87.8, 87.91, 87.89, 87.94, 87.9, 88.03, 88.02, 88.04, 87.98, 88.02, 88.07, 88.12, 88.04, 88.12, 88.1, 88.11, 88.12, 88.05, 88.12, 88.09, 88.13, 88.13, 88.11, 88.12, 88.1, 88.11, 88.11], "test_loss": [0.6561371621489525, 0.5434258643537759, 0.49476766034960745, 0.4651599445939064, 0.4440655405074358, 0.42854228243231773, 0.41588627800345424, 0.4054623717814684, 0.39732081927359103, 0.3891968408226967, 0.38240880638360975, 0.3785310474783182, 0.37219810985028745, 0.36766451433300973, 0.36380768831819293, 0.3604411555454135, 0.3579975658655167, 0.354001341573894, 0.3521491977572441, 0.3491834307461977, 0.347587756626308, 0.3452018003165722, 0.3432499181106687, 0.34216769993305207, 0.34057757567614316, 0.33912131503224374, 0.3377937965095043, 0.33730433367192747, 0.33610473439097405, 0.33495776876807215, 0.3344238165020943, 0.3336833157762885, 0.333127927146852, 0.3326383950933814, 0.3321975527703762, 0.3314854224398732, 0.3310730852559209, 0.3309091229364276, 0.33057762004435065, 0.330239894464612, 0.3301811200380325, 0.32994777817279103, 0.32989218555390837, 0.3298201716691256, 0.3297675783932209, 0.32965229015797376, 0.329634719081223, 0.32961522847414015, 0.32960767187178136, 0.3296061397716403]}