{"num_param": 60426, "latency": {"mean": 0.0008014124631881713, "std": 4.614274205950228e-05}, "train_acc": [84.69, 87.69, 88.77333333333333, 89.45833333333333, 90.12333333333333, 90.56166666666667, 91.095, 91.50166666666667, 91.865, 92.29333333333334, 92.59166666666667, 92.78166666666667, 93.17833333333333, 93.54666666666667, 93.65166666666667, 94.03, 94.15666666666667, 94.41333333333333, 94.73666666666666, 94.92833333333333, 95.23666666666666, 95.32, 95.67333333333333, 96.005, 96.13333333333334, 96.33333333333333, 96.61833333333334, 96.77833333333334, 96.91666666666667, 97.05166666666666, 97.35, 97.59666666666666, 97.67166666666667, 97.92666666666666, 98.02833333333334, 98.19, 98.29166666666667, 98.53666666666666, 98.585, 98.66833333333334, 98.79666666666667, 98.855, 98.95666666666666, 99.01, 99.07166666666667, 99.11666666666666, 99.15666666666667, 99.195, 99.21333333333334, 99.22833333333334], "train_loss": [0.4309546329205235, 0.3416174353348712, 0.30656674383208155, 0.2837912301781277, 0.2672645188309252, 0.25346068415480355, 0.24052696959115566, 0.22868197578626373, 0.21790063343010843, 0.2069602220163991, 0.19865937537203232, 0.1901916054977725, 0.18387070572779823, 0.1745225055888295, 0.16930937636643648, 0.1603140634826074, 0.1557107772445306, 0.14776087728484225, 0.1410944060391436, 0.13454782199192172, 0.12812699504584696, 0.1231669841093632, 0.11792208340329428, 0.10991573574719951, 0.10479718506646653, 0.10062861792199934, 0.09383744905780379, 0.08902887007260385, 0.08482433026384872, 0.07991402684575102, 0.07498271381967546, 0.06987504543173903, 0.06619520972288835, 0.0620563293339607, 0.05850235345618179, 0.05538154243879641, 0.05198760120644389, 0.04855108733948631, 0.046052341897351044, 0.04355705771847473, 0.041412170367354215, 0.03958473436417989, 0.03773933954541765, 0.03607274936938969, 0.03497795265885846, 0.033791819222193833, 0.03299569848284591, 0.03234456392334929, 0.03191702000350536, 0.031649150857313846], "test_acc": [85.51, 86.39, 86.73, 87.96, 87.81, 87.93, 88.13, 88.0, 87.27, 87.47, 87.85, 89.02, 88.49, 88.15, 88.56, 88.51, 88.56, 88.71, 88.74, 89.05, 88.41, 88.84, 88.67, 88.31, 88.77, 88.54, 88.68, 88.62, 88.32, 88.49, 88.7, 88.34, 88.63, 88.44, 88.39, 88.02, 88.47, 88.51, 88.43, 87.95, 88.51, 88.51, 88.31, 88.42, 88.24, 88.35, 88.35, 88.33, 88.37, 88.39], "test_loss": [0.40294020507484674, 0.3770278313010931, 0.36581174839287994, 0.34708340510725977, 0.35282214801758527, 0.34651336558163165, 0.3481417597830296, 0.354903382062912, 0.40484415024518966, 0.37901294060051444, 0.3743587016314268, 0.358322670198977, 0.3665023084357381, 0.3864304078742862, 0.382926489263773, 0.3975811801850796, 0.4054638421908021, 0.39835580240935087, 0.4051566143333912, 0.4111195465549827, 0.43856423124670985, 0.4345697084441781, 0.4360837921872735, 0.46312920972704885, 0.46372558671981096, 0.484515065215528, 0.5003755676373839, 0.5149951601028442, 0.5020420123264193, 0.5264298395812511, 0.5433784044906497, 0.5577150287106634, 0.5819170554727315, 0.58490887330845, 0.6021610531955958, 0.616374477520585, 0.6231682170927525, 0.6400706679001451, 0.6475649115070701, 0.6673142052441835, 0.6621820833161474, 0.6709276909008622, 0.6790710022300481, 0.6891268368065357, 0.6918890001624822, 0.6946331996470689, 0.6978454349189996, 0.6999003411084413, 0.7005929007381201, 0.7007230884581804]}