{"num_param": 754698, "latency": {"mean": 0.0007737619638442993, "std": 0.00012604331181751658}, "train_acc": [84.20166666666667, 88.73166666666667, 90.13666666666667, 91.19166666666666, 91.94166666666666, 92.70666666666666, 93.205, 93.88, 94.44333333333333, 94.90166666666667, 95.33166666666666, 95.68166666666667, 96.145, 96.49333333333334, 96.84333333333333, 97.11333333333333, 97.38333333333334, 97.71833333333333, 98.01166666666667, 98.19666666666667, 98.44166666666666, 98.62333333333333, 98.82666666666667, 99.03333333333333, 99.115, 99.45, 99.445, 99.62, 99.66666666666667, 99.775, 99.86, 99.86166666666666, 99.96166666666667, 99.895, 99.99833333333333, 100.0, 100.0, 100.0, 99.95333333333333, 100.0, 100.0, 100.0, 100.0, 100.0, 100.0, 100.0, 100.0, 100.0, 100.0, 100.0], "train_loss": [0.4383572380617261, 0.3058263378497213, 0.2652250028649966, 0.23675996550979714, 0.21554952689446508, 0.1945181211239348, 0.1791835222269098, 0.16402076048155625, 0.14779847723897546, 0.1353840006981045, 0.12368500566886118, 0.11383914934005589, 0.10190749592419403, 0.09267162070143968, 0.08542098102819486, 0.07655432688634999, 0.0695870411231105, 0.06212805049571519, 0.05483568639892231, 0.049783583612006625, 0.043140837062868136, 0.038192790125103786, 0.03281564666229921, 0.027598327507682065, 0.02552506160400905, 0.01768436610577434, 0.016782863889748114, 0.012368621196134579, 0.01093959762874268, 0.008044677332582068, 0.006219653954091579, 0.00579713069909, 0.002894294527271389, 0.0041780304222872175, 0.0011074001627669834, 0.0005072248114993272, 0.00039120739549616704, 0.00034915893147323613, 0.0019027267591839822, 0.00048416267054108176, 0.00024060968636528438, 0.000191427653038924, 0.00016224915668431095, 0.00014090091848629528, 0.00012229458808443876, 0.00010767275639561073, 9.586509586786937e-05, 8.788265928766729e-05, 8.283014600503217e-05, 8.015347017211145e-05], "test_acc": [86.44, 87.62, 88.51, 88.62, 88.76, 88.69, 89.49, 89.47, 89.55, 89.49, 89.1, 89.41, 89.6, 89.46, 89.36, 89.12, 89.33, 89.06, 89.36, 88.8, 89.34, 89.5, 89.71, 89.41, 89.01, 89.37, 89.45, 89.4, 89.67, 89.29, 89.37, 89.46, 89.66, 89.75, 89.58, 89.73, 89.9, 89.69, 89.45, 89.57, 89.58, 89.66, 89.71, 89.71, 89.77, 89.73, 89.76, 89.69, 89.73, 89.74], "test_loss": [0.3642721789330244, 0.33711305815726517, 0.3141921477019787, 0.3228986656293273, 0.32150427673012016, 0.32670879535377023, 0.30856495652347804, 0.3154229900240898, 0.3354604708775878, 0.3419509771093726, 0.35379536300897596, 0.35982224844396116, 0.3672971650771797, 0.3859508652240038, 0.38863572414964437, 0.4195068550854921, 0.43274268867447974, 0.47092236135154963, 0.45901115201413634, 0.4981905054859817, 0.49312482323497536, 0.4936452232208103, 0.5204556984081864, 0.5506859447434544, 0.558851329125464, 0.5807866490259767, 0.587611003704369, 0.6221240499615669, 0.610165732242167, 0.6402875035256147, 0.6540345210582018, 0.6511017814651132, 0.6667229481413961, 0.6778668048232794, 0.6779384913295508, 0.6885560605302453, 0.6957747362926603, 0.719543400965631, 0.7360418567806483, 0.7338409938104451, 0.7375507134199143, 0.7423130139708519, 0.7501660962030292, 0.7568340087682008, 0.7620972111076116, 0.7671898443624378, 0.7720719341188669, 0.7737966526299715, 0.7752140394598246, 0.7757377363368869]}