{"num_param": 105482, "latency": {"mean": 0.0003369773149490356, "std": 0.00011221929675238459}, "train_acc": [84.795, 88.37833333333333, 89.635, 90.465, 91.23833333333333, 91.93666666666667, 92.50833333333334, 93.045, 93.42, 93.93, 94.25333333333333, 94.67, 94.97333333333333, 95.275, 95.62666666666667, 95.91, 96.09333333333333, 96.48, 96.74, 97.01333333333334, 97.335, 97.57666666666667, 97.83166666666666, 97.88333333333334, 98.32833333333333, 98.45666666666666, 98.66666666666667, 98.71333333333334, 99.02333333333333, 99.13166666666666, 99.25166666666667, 99.45833333333333, 99.56666666666666, 99.71, 99.74166666666666, 99.84166666666667, 99.865, 99.91333333333333, 99.95, 99.97166666666666, 99.99333333333334, 100.0, 100.0, 100.0, 100.0, 100.0, 100.0, 100.0, 100.0, 100.0], "train_loss": [0.42384383162483574, 0.31959958834573626, 0.280062238946557, 0.2535606586219122, 0.23257661755817632, 0.21283699105804166, 0.20011941823953142, 0.18543849158876885, 0.17429422203917055, 0.1625433461406889, 0.15146757662761956, 0.14142488334638378, 0.13343498643138446, 0.1258859199215658, 0.11628032968457168, 0.10906478489011837, 0.10315188636848083, 0.09424792330828495, 0.08627166214418443, 0.07970781599986367, 0.0707292531382215, 0.06611318283966587, 0.059644676081758614, 0.05744873650178003, 0.04630312392914978, 0.042398239577596544, 0.037700083239081625, 0.033299662801049026, 0.028283628018034506, 0.02569675930582889, 0.020873554621308965, 0.016273470418679305, 0.013842459762393748, 0.010605980519394508, 0.00819682644533979, 0.006240690555576596, 0.005179811052870112, 0.003673368667283512, 0.0027059716119822498, 0.0018253542437063667, 0.0010691453529265496, 0.0006824935530459205, 0.00047636534576908456, 0.00031105127659183533, 0.00022141751973295005, 0.0001830994661057635, 0.00014410851847496058, 0.00012153665463192927, 0.00010887375977183922, 0.00010159176010709814], "test_acc": [86.35, 86.7, 87.22, 87.94, 87.69, 88.87, 89.18, 88.52, 89.2, 88.56, 89.19, 88.79, 88.91, 89.12, 89.04, 88.66, 89.25, 89.28, 89.01, 89.49, 89.22, 89.68, 88.98, 89.34, 89.39, 89.2, 89.22, 89.28, 89.47, 89.49, 89.16, 89.16, 89.27, 89.43, 89.39, 89.46, 89.44, 89.43, 89.14, 89.31, 89.24, 89.16, 89.17, 89.24, 89.2, 89.18, 89.19, 89.19, 89.22, 89.23], "test_loss": [0.3762671398743987, 0.36400460205972196, 0.3584264811128378, 0.34946882851421834, 0.3677445024251938, 0.3430583352968097, 0.3475554141961038, 0.35678648920729755, 0.3703120416402817, 0.38126099018380044, 0.3892052539438009, 0.39159566022455694, 0.4012113145366311, 0.420704042930156, 0.4483646933361888, 0.4390286635607481, 0.4363988146558404, 0.47904121669009325, 0.493717786706984, 0.47336698649451137, 0.5144837019406259, 0.5301907101459801, 0.5836554506421089, 0.5645179807767272, 0.586413765437901, 0.6152786212041974, 0.6799880673643202, 0.6625320699997246, 0.690375661123544, 0.700092184022069, 0.7627220321074129, 0.8073337707668543, 0.8141286981105804, 0.8376490311324596, 0.8766642009839416, 0.928385170865804, 0.9522358726710081, 0.9866506806015969, 1.0306252402067184, 1.059723045527935, 1.1121853017807006, 1.145987889021635, 1.187856173440814, 1.219048817679286, 1.2578873006254434, 1.2859168066084385, 1.3068130289763211, 1.318692050948739, 1.3282224638015032, 1.329823661595583]}