{"num_param": 1079306, "latency": {"mean": 0.0004040078639984131, "std": 4.497040886005497e-05}, "train_acc": [84.65666666666667, 89.26166666666667, 91.04, 92.29833333333333, 93.54, 94.34666666666666, 95.13166666666666, 95.81, 96.53833333333333, 96.89833333333333, 97.36166666666666, 97.75333333333333, 97.945, 98.28166666666667, 98.48333333333333, 98.765, 98.91, 99.04, 99.22166666666666, 99.26, 99.46, 99.48, 99.64333333333333, 99.69666666666667, 99.71, 99.83833333333334, 99.755, 99.86833333333334, 99.90333333333334, 99.94333333333333, 100.0, 100.0, 99.81166666666667, 99.99833333333333, 99.99833333333333, 100.0, 100.0, 100.0, 100.0, 100.0, 99.99666666666667, 100.0, 100.0, 100.0, 100.0, 100.0, 100.0, 100.0, 100.0, 100.0], "train_loss": [0.42409832881763576, 0.2907475409625719, 0.2412885493490224, 0.2060027982496346, 0.17527558037235091, 0.15358633387756224, 0.13242688885036236, 0.11483969282863352, 0.09680254546556777, 0.08487421482801437, 0.07359257688978688, 0.06439107551879715, 0.057530295190711817, 0.04697906088860085, 0.042627892863723295, 0.034321554133930475, 0.03126649856222988, 0.02786346085629096, 0.02249593218478064, 0.021301338573757676, 0.01687436825062226, 0.015757190587203998, 0.011234687911892251, 0.009778281042223776, 0.009077316104358033, 0.006424303036219499, 0.007462172023727665, 0.004589453411355559, 0.0037920722499135686, 0.0026054419278746838, 0.00043899651728698547, 0.0002427309961043041, 0.00586015346628983, 0.0006429211639609396, 0.0003168148675160864, 0.0001587360429537436, 0.00012192821050803104, 0.00010018688717385278, 8.069409889098249e-05, 6.561713618680187e-05, 0.0003039583976917963, 8.144156553631395e-05, 5.092368000892596e-05, 4.242785983118817e-05, 3.6922990377566594e-05, 3.295765804428659e-05, 2.9792168347171356e-05, 2.7472213708013746e-05, 2.6049808679431406e-05, 2.524947164772584e-05], "test_acc": [85.81, 86.89, 88.44, 88.4, 88.9, 89.05, 89.05, 89.8, 89.57, 88.77, 88.76, 89.7, 89.38, 88.99, 88.19, 89.25, 89.65, 89.64, 88.82, 89.77, 89.63, 89.42, 89.82, 89.45, 89.55, 89.64, 89.7, 89.7, 89.88, 89.8, 90.14, 90.09, 90.04, 90.01, 90.2, 90.21, 90.16, 90.15, 90.13, 90.15, 90.2, 90.19, 90.17, 90.16, 90.23, 90.15, 90.19, 90.17, 90.26, 90.25], "test_loss": [0.3941000697761774, 0.3611561608314514, 0.32341673914343116, 0.3422467423044145, 0.33102972239255907, 0.34887322260066866, 0.3481351068615913, 0.3405119452625513, 0.35181816114112735, 0.41268084637820723, 0.39981273154728114, 0.41302168189082294, 0.4429923700867221, 0.46921447895467283, 0.5275659091118723, 0.4858429555222392, 0.4909131960244849, 0.5094077472016215, 0.5787498344108463, 0.5559529651794582, 0.5647627212945372, 0.5799846383184195, 0.5891435312572867, 0.6085049558058381, 0.6210976352542639, 0.6468419162184, 0.6281930818920956, 0.6456498849159107, 0.6485983334761113, 0.6546801335504279, 0.6586153572238982, 0.6678673697449267, 0.6621525008836762, 0.6696570386830717, 0.6764887809427456, 0.6839084304682911, 0.6929305671527982, 0.7046638974873349, 0.7145967396581545, 0.7268800255469978, 0.7298695511720144, 0.7357084469310939, 0.7380441622855142, 0.743203319653403, 0.7486382083618082, 0.7508592590736225, 0.7542405235441402, 0.756110454434529, 0.7578075443883426, 0.7580148892104626]}