{"num_param": 546826, "latency": {"mean": 0.0004168571472167969, "std": 3.908898050481926e-05}, "train_acc": [84.135, 89.07666666666667, 90.74166666666666, 91.98833333333333, 92.94166666666666, 94.09166666666667, 94.765, 95.47666666666667, 96.11666666666666, 96.57166666666667, 96.91333333333333, 97.455, 97.795, 98.155, 98.385, 98.54666666666667, 98.86833333333334, 99.09666666666666, 99.175, 99.225, 99.39166666666667, 99.53166666666667, 99.54, 99.70833333333333, 99.70166666666667, 99.77, 99.845, 99.83333333333333, 99.98, 99.79833333333333, 99.98833333333333, 100.0, 100.0, 99.87666666666667, 99.99166666666666, 100.0, 100.0, 100.0, 100.0, 100.0, 100.0, 100.0, 100.0, 100.0, 100.0, 100.0, 100.0, 100.0, 100.0, 100.0], "train_loss": [0.43924936797469855, 0.29935499649494884, 0.25120393828178444, 0.21510445742557446, 0.1893144160384933, 0.16266955249166737, 0.14367724350498368, 0.12448226420752083, 0.10674900175072252, 0.09405527842851977, 0.08287841227060805, 0.07026964544696966, 0.06125990207093612, 0.052969591361858574, 0.04568891552029527, 0.04001830564666307, 0.03341895311163777, 0.027751261347778684, 0.02410794536214477, 0.023059197708474432, 0.01791329532941745, 0.014921520910835777, 0.013524064984846216, 0.010021743019012016, 0.009726051835593049, 0.00773895388073773, 0.0059061999809212765, 0.00598799302915116, 0.002034436680487488, 0.006538341468246169, 0.0012772908990071603, 0.0004579135994178311, 0.0003317091176139305, 0.0035177507920995292, 0.0009128622488772938, 0.0003167496544006099, 0.00022645387575683648, 0.00018452185549449495, 0.00015951799342777426, 0.0001319117749403631, 0.00011505278973667525, 0.00011673423907230547, 8.922829892753726e-05, 6.472360148715476e-05, 5.746706595687101e-05, 5.2166016358228264e-05, 4.789441880234335e-05, 4.489204436178322e-05, 4.311571943067823e-05, 4.202086893390818e-05], "test_acc": [86.37, 87.29, 88.13, 87.89, 88.45, 89.21, 89.35, 88.97, 89.21, 88.89, 88.53, 88.81, 88.97, 88.88, 89.26, 88.6, 88.8, 88.78, 88.71, 88.94, 89.19, 89.0, 89.17, 89.19, 89.0, 88.89, 89.21, 89.0, 89.41, 89.15, 89.27, 89.35, 89.58, 89.47, 89.52, 89.46, 89.48, 89.49, 89.45, 89.54, 89.53, 89.52, 89.56, 89.52, 89.56, 89.58, 89.57, 89.6, 89.58, 89.57], "test_loss": [0.37002662912011147, 0.3447258316725492, 0.3217209920659661, 0.34575104650110006, 0.3443473646044731, 0.32264066983014345, 0.3230106832832098, 0.35551323257386686, 0.36471764486283065, 0.38955841954797504, 0.40449939731508494, 0.4291635919734836, 0.43064662367105483, 0.4486631037294865, 0.4614926554635167, 0.46750358378514645, 0.5076854512281715, 0.5367555364733562, 0.5237705345638096, 0.5573164005950093, 0.5658137214370071, 0.5817036360129714, 0.585023389402777, 0.6088099594227969, 0.6173422920703888, 0.6432064056769013, 0.6645863425731658, 0.6577932796999812, 0.6586833016108722, 0.6665222018584609, 0.6731548471935094, 0.677419305909425, 0.6888919019512832, 0.6991285159997642, 0.700208574924618, 0.7096069608442486, 0.7172010457515716, 0.7221749152056873, 0.7324544818513096, 0.7417200320772827, 0.7526644591242075, 0.7625258978269994, 0.7677991159260273, 0.772374591846019, 0.7757246440649033, 0.7796002463437617, 0.783597130458802, 0.7845178276672959, 0.7852530431747436, 0.7855386238917709]}