{"num_param": 105482, "latency": {"mean": 0.0002923649549484253, "std": 3.259578119834355e-05}, "train_acc": [85.025, 88.24833333333333, 89.62166666666667, 90.63166666666666, 91.36333333333333, 92.09166666666667, 92.40333333333334, 93.01666666666667, 93.36833333333334, 93.93666666666667, 94.39166666666667, 94.62666666666667, 95.01333333333334, 95.33833333333334, 95.69166666666666, 95.93166666666667, 96.25666666666666, 96.47333333333333, 96.77666666666667, 97.02333333333333, 97.37, 97.51666666666667, 97.70833333333333, 98.05333333333333, 98.19666666666667, 98.33, 98.58666666666667, 98.88333333333334, 98.91333333333333, 99.16333333333333, 99.30166666666666, 99.46166666666667, 99.50333333333333, 99.62833333333333, 99.76333333333334, 99.825, 99.855, 99.93333333333334, 99.95, 99.95833333333333, 99.985, 99.99666666666667, 99.99833333333333, 100.0, 100.0, 100.0, 100.0, 100.0, 100.0, 100.0], "train_loss": [0.4173698640738924, 0.32080575415243706, 0.28011186447615427, 0.25255166460759937, 0.23263145718102654, 0.21547434269450605, 0.20079123321765413, 0.18507847980130465, 0.17449926699666926, 0.1610773237515241, 0.15212780396143596, 0.14373022350482642, 0.1327291287924163, 0.12421962819372614, 0.11464727729326114, 0.10702346873547261, 0.10092072222731076, 0.09251061010562504, 0.08520239533293837, 0.07803522724541835, 0.07177571199640322, 0.06560520152590471, 0.06105690136416039, 0.05273668866216515, 0.04867659134217926, 0.043298954746084445, 0.03793955044161218, 0.03148225822369568, 0.030396157643008338, 0.024546987766240515, 0.021180868506853585, 0.01666528256941092, 0.014367569799145106, 0.01149731479357797, 0.008478291865250185, 0.006527743237446278, 0.005927272691545416, 0.003639824081366593, 0.0027824342189853722, 0.0021587119896821607, 0.0014150492220845006, 0.0007996273250180744, 0.0005253324253585371, 0.0003858903682801914, 0.00027416285051103274, 0.00021195906725291516, 0.000170513371352475, 0.00014655054780124744, 0.00012998754630381805, 0.0001214240238951921], "test_acc": [86.7, 87.16, 87.48, 88.15, 88.17, 88.25, 88.5, 88.15, 88.08, 88.26, 88.42, 89.16, 88.3, 88.75, 88.99, 89.0, 89.06, 88.65, 88.66, 88.95, 88.95, 88.85, 89.17, 89.36, 89.14, 89.22, 89.13, 89.2, 89.45, 88.97, 89.16, 89.05, 89.17, 89.05, 89.02, 89.13, 89.03, 89.18, 89.15, 88.97, 89.1, 89.1, 89.12, 89.06, 89.05, 89.07, 89.0, 89.04, 88.96, 88.98], "test_loss": [0.37264862764626744, 0.3655912533029914, 0.35013472381979227, 0.34974738392978905, 0.34863023962825535, 0.3437568762898445, 0.3571754790097475, 0.3605608180910349, 0.41335062254220245, 0.4030175548046827, 0.4081784944422543, 0.40370721481740474, 0.4314140410348773, 0.4485120569355786, 0.437791341766715, 0.4601666243560612, 0.441488893777132, 0.4968697681091726, 0.4959207993745804, 0.5178492140024901, 0.5577657921984792, 0.579240927984938, 0.5913826730102301, 0.607779542542994, 0.6295057124458253, 0.6501785900164395, 0.6830492846202105, 0.698713596239686, 0.7194635938107967, 0.7348578777723014, 0.7748041537124664, 0.8198283902648836, 0.8412819281592965, 0.8947006827127189, 0.9310819570440799, 0.9589703378849663, 0.9813240377185867, 1.0488842537719756, 1.0809116316959262, 1.1020497035607695, 1.1283414252381772, 1.1780597573146223, 1.2054430077411233, 1.2557866680808365, 1.2849547735787927, 1.312798385648057, 1.335631761290133, 1.3487297822441906, 1.3566872420627625, 1.3590405359305442]}