{"num_param": 280586, "latency": {"mean": 0.0004145718812942505, "std": 3.8082275706693436e-05}, "train_acc": [84.055, 88.67833333333333, 90.13166666666666, 91.46166666666667, 92.47, 93.29333333333334, 94.14166666666667, 94.79666666666667, 95.55166666666666, 96.00166666666667, 96.49833333333333, 96.86666666666666, 97.32833333333333, 97.69333333333333, 97.94166666666666, 98.28333333333333, 98.47666666666667, 98.76166666666667, 98.91833333333334, 99.09833333333333, 99.2, 99.39166666666667, 99.49166666666666, 99.54833333333333, 99.65166666666667, 99.82, 99.77166666666666, 99.87666666666667, 99.79, 99.935, 99.88333333333334, 99.96, 99.99166666666666, 100.0, 99.96666666666667, 99.97333333333333, 100.0, 100.0, 100.0, 100.0, 100.0, 100.0, 100.0, 100.0, 100.0, 100.0, 100.0, 100.0, 100.0, 100.0], "train_loss": [0.44648590543617805, 0.3094550857568781, 0.26531031740518907, 0.23024709273440142, 0.20322345867753028, 0.18343212268625697, 0.16025893298598629, 0.14335421283186103, 0.12401740631864716, 0.11159067716139058, 0.09848779508223136, 0.08670354044258904, 0.07697973549870464, 0.06559044093786118, 0.057901366055593824, 0.05106310392099355, 0.04448737673286814, 0.03737458886957029, 0.033542686891596535, 0.02796392662533132, 0.024808737204099696, 0.02016784617463903, 0.016536728708888403, 0.014746860723486558, 0.012089965877203212, 0.007861362012845348, 0.009205063393819728, 0.0061438223089984, 0.0074935455412135825, 0.004001366319128768, 0.004522788344426469, 0.002578486107989496, 0.0014714314866250788, 0.0011349720785256067, 0.0014805078209731923, 0.00170984374098983, 0.0005271112028549396, 0.0004334022955254113, 0.0003815129184446657, 0.00035014904370958295, 0.00029483709746424815, 0.00024123180595400602, 0.00020686383192090337, 0.00018212844548315843, 0.00016123338932175102, 0.0001471123383006064, 0.00013665943319021305, 0.0001297110194313215, 0.00012551489828714087, 0.00012312819230752818], "test_acc": [85.0, 86.41, 87.44, 87.76, 88.5, 88.43, 88.65, 88.83, 88.87, 88.69, 88.12, 88.7, 88.29, 88.58, 87.78, 88.64, 88.9, 88.99, 88.04, 88.67, 88.9, 88.64, 88.5, 88.6, 88.87, 88.57, 88.69, 88.91, 88.65, 88.59, 88.74, 88.95, 88.9, 88.92, 88.47, 89.03, 89.15, 88.97, 89.06, 89.02, 89.01, 88.98, 89.01, 89.03, 89.08, 89.03, 89.03, 89.08, 89.05, 89.04], "test_loss": [0.41427155062556265, 0.37808363914489745, 0.340604043751955, 0.3436741173267365, 0.33254438914358614, 0.34316733073443173, 0.34439616203308104, 0.3392430577427149, 0.3565107523649931, 0.3725816609710455, 0.4163787243515253, 0.4110339068621397, 0.433134875074029, 0.4368307379074395, 0.5016240257397294, 0.4753602542169392, 0.4793374284356833, 0.5025788651034236, 0.5582680919393898, 0.5476797926053405, 0.5642173949629068, 0.5626853142492473, 0.5793782821204513, 0.6180991806276143, 0.6093200010620058, 0.6435859259963036, 0.6449587699770928, 0.6464311528764665, 0.6694825539365411, 0.6811702183261513, 0.6789520863443613, 0.7016573568433523, 0.7085337116196752, 0.7150813517346978, 0.7594697063416243, 0.7309024910256267, 0.7399519306793809, 0.7467729546129703, 0.7591456759348512, 0.7727371452748776, 0.7782820196077228, 0.7900897056236863, 0.7967587016150355, 0.8019927546381951, 0.8067670810595154, 0.8102347591891885, 0.8139072115719318, 0.8155287840217352, 0.816856297366321, 0.8171194680407643]}