{"num_param": 60426, "latency": {"mean": 0.0005245203018188477, "std": 0.00011434575002961498}, "train_acc": [84.75666666666666, 87.89, 89.12166666666667, 89.79666666666667, 90.61666666666666, 91.08666666666667, 91.54, 92.13333333333334, 92.60333333333334, 92.87333333333333, 93.345, 93.535, 93.89833333333333, 94.16666666666667, 94.49333333333334, 94.83, 95.09166666666667, 95.35666666666667, 95.68333333333334, 95.88333333333334, 96.22, 96.485, 96.60166666666667, 96.865, 97.09333333333333, 97.26333333333334, 97.535, 97.67, 97.91, 98.135, 98.215, 98.525, 98.58, 98.75, 98.86, 98.995, 99.14, 99.27333333333333, 99.335, 99.46166666666667, 99.545, 99.60833333333333, 99.62833333333333, 99.7, 99.73, 99.76333333333334, 99.805, 99.81333333333333, 99.82333333333334, 99.83666666666667], "train_loss": [0.4284847699664533, 0.3364275486705204, 0.297835645902281, 0.273547964921842, 0.25468936073904236, 0.240057744976754, 0.22625575525996586, 0.21190709580046435, 0.19997941627011945, 0.1894339377169187, 0.17809879976169515, 0.1713099577759082, 0.1618845962267369, 0.15432406006924188, 0.14539344285459568, 0.1385635589583156, 0.1314489849943978, 0.12456910862742612, 0.11655813069548458, 0.11010379428354403, 0.10434350955106007, 0.09698358470651632, 0.09208260635651337, 0.08515525383525528, 0.07957693187869154, 0.07505042997848553, 0.06943701054609847, 0.06449290267114217, 0.05943240397920211, 0.0548578186884212, 0.05185962530163427, 0.04643457812160098, 0.042535430446247725, 0.038408744990204774, 0.03580662956829959, 0.032864484017676054, 0.029556040974833497, 0.026766400054184486, 0.02443437337444872, 0.02218655847638729, 0.020315593781221348, 0.01888400247580042, 0.01733980376147277, 0.0162250914756684, 0.015248133754648735, 0.01447668091757805, 0.01389995188411073, 0.013441007304597102, 0.01313947216515468, 0.012954572240075018], "test_acc": [85.44, 86.39, 86.64, 87.59, 88.0, 87.8, 88.15, 88.06, 87.65, 87.76, 88.17, 88.44, 88.29, 88.25, 88.68, 88.44, 88.48, 88.63, 88.48, 88.7, 88.43, 88.35, 88.77, 88.13, 88.81, 88.51, 88.58, 88.71, 88.61, 88.42, 88.51, 88.3, 88.42, 88.24, 88.3, 88.22, 88.66, 88.13, 88.19, 88.23, 88.11, 88.18, 88.22, 88.17, 88.12, 88.11, 88.02, 88.09, 88.08, 88.08], "test_loss": [0.4002478493750095, 0.3765335497260094, 0.37433188281953333, 0.36077211633324624, 0.35046450518071653, 0.35192276515066623, 0.36474035032093527, 0.3604452639445663, 0.40047197431325915, 0.3905758820846677, 0.3883926948904991, 0.39543711703270673, 0.4076043670997024, 0.43419288044795395, 0.43031355381011965, 0.43549094796180726, 0.4445399313792586, 0.45692582599818704, 0.4684664042666554, 0.4769958852976561, 0.5208395016938447, 0.5198845612630248, 0.5308147623762488, 0.567157695516944, 0.5610090446844697, 0.5751995201408863, 0.6137516490742564, 0.6095541271939874, 0.6210395004600286, 0.6401340809464454, 0.6675450708344579, 0.6853833556175232, 0.7001816273853183, 0.7204032132774592, 0.7449295388907194, 0.7682249812036752, 0.7783263612538576, 0.8020912613719702, 0.8173009774833918, 0.8325495532155037, 0.8427286627888679, 0.8535492835193872, 0.8670337387174368, 0.8782888669520617, 0.8857001822441817, 0.8917015043646097, 0.8955034030228853, 0.8977453032881022, 0.8988968631625176, 0.8992700961977244]}