{"num_param": 386058, "latency": {"mean": 0.0007716177701950073, "std": 4.2935828446030657e-05}, "train_acc": [83.755, 88.55333333333333, 89.91166666666666, 91.04833333333333, 91.86, 92.575, 93.21166666666667, 93.71666666666667, 94.27, 94.81333333333333, 95.11, 95.64333333333333, 96.085, 96.355, 96.69166666666666, 97.1, 97.27333333333333, 97.72166666666666, 97.96166666666667, 98.125, 98.35666666666667, 98.66166666666666, 98.815, 98.99833333333333, 99.115, 99.37166666666667, 99.47, 99.60166666666667, 99.695, 99.79, 99.74666666666667, 99.86333333333333, 99.945, 99.89166666666667, 99.99166666666666, 99.99, 100.0, 100.0, 99.945, 100.0, 100.0, 100.0, 100.0, 100.0, 100.0, 100.0, 100.0, 100.0, 100.0, 100.0], "train_loss": [0.44953050250187515, 0.311694083660841, 0.27036156377444664, 0.24058684535324573, 0.21953893849470962, 0.19876729241727542, 0.1823802268722405, 0.1676492030825466, 0.15275159277332326, 0.14035675490895907, 0.12847550098008165, 0.1170796703081578, 0.10558366346308806, 0.09865066237514838, 0.08927251438358022, 0.07958143319294322, 0.07329821947632202, 0.06435240337392316, 0.05645832571065208, 0.05177501214881583, 0.04576385613967432, 0.03920841635146644, 0.03575655255966315, 0.028874418069754028, 0.026298142496088986, 0.020289742498910832, 0.016571000412805004, 0.014040735960540285, 0.011108259456147304, 0.00901824483279294, 0.009896235308830607, 0.006012760242653409, 0.003730314994296956, 0.004602475779023128, 0.0018239516338508111, 0.0013098563346132625, 0.0006861780767121673, 0.0005891839772872723, 0.0021724208775382673, 0.0006383496592434312, 0.0003836372482101069, 0.00031977301175932857, 0.000283088781329847, 0.0002467024203906476, 0.000218299665637763, 0.0001942654823627284, 0.0001752713309451792, 0.00016285547240992552, 0.0001553455676124334, 0.0001509325312402628], "test_acc": [85.86, 87.21, 87.74, 88.07, 88.74, 89.01, 89.15, 88.73, 88.95, 89.0, 89.27, 89.26, 88.88, 88.96, 88.88, 89.03, 88.97, 89.56, 88.66, 88.87, 89.19, 89.15, 89.0, 89.04, 89.02, 88.88, 89.35, 88.99, 88.85, 89.28, 89.29, 89.39, 89.16, 89.39, 89.28, 89.48, 89.54, 89.46, 89.3, 89.59, 89.59, 89.47, 89.55, 89.53, 89.54, 89.53, 89.48, 89.48, 89.51, 89.52], "test_loss": [0.3777430258318782, 0.3510243671014905, 0.34127737106755374, 0.3404326737485826, 0.3169621348939836, 0.33103171341121196, 0.316482520326972, 0.3507004034332931, 0.36245802087709306, 0.35827181674540043, 0.36498066525906325, 0.36253760682418945, 0.3848052050732076, 0.38413442864082753, 0.41107983744703236, 0.41858477963134644, 0.4473926153033972, 0.44459253780543806, 0.47037672019563614, 0.48788591315969826, 0.4857597413286567, 0.4976360707916319, 0.5223815802950412, 0.5303062308114022, 0.5676344992034137, 0.5695540825556964, 0.5831705615110695, 0.611425138162449, 0.6351219203136861, 0.6224116799561307, 0.6403846415132284, 0.6523691226169467, 0.6543521201144904, 0.6678828970342875, 0.6756631900044158, 0.6830624379962683, 0.6961515145748853, 0.7081626920495182, 0.7199188685789705, 0.7224464327096939, 0.729351746365428, 0.7369518655352294, 0.7433660205453634, 0.750832228269428, 0.7564808989129961, 0.7611411443632096, 0.7665728489868343, 0.7682696394529194, 0.7692308278474956, 0.7694187772925943]}