{"num_param": 546826, "latency": {"mean": 0.0004166385889053345, "std": 3.883309334161154e-05}, "train_acc": [84.71166666666667, 89.00166666666667, 90.63, 91.93, 93.02333333333333, 93.885, 94.85833333333333, 95.30833333333334, 95.99833333333333, 96.53333333333333, 96.96833333333333, 97.39333333333333, 97.73166666666667, 98.075, 98.33333333333333, 98.50166666666667, 98.815, 98.93333333333334, 99.02333333333333, 99.34833333333333, 99.35666666666667, 99.40833333333333, 99.61666666666666, 99.62166666666667, 99.67, 99.76833333333333, 99.815, 99.855, 99.95166666666667, 99.86, 99.94166666666666, 99.95833333333333, 100.0, 99.97333333333333, 99.94333333333333, 100.0, 100.0, 100.0, 100.0, 100.0, 99.99833333333333, 100.0, 100.0, 100.0, 100.0, 100.0, 100.0, 100.0, 100.0, 100.0], "train_loss": [0.4283175073501964, 0.29988057831612724, 0.2519884579349309, 0.21756286305685837, 0.18802238490277282, 0.1661214800303181, 0.14413879036670552, 0.1282181681661556, 0.11033981894608587, 0.09529177285032348, 0.08398397943393017, 0.07270049667897789, 0.06392392923119283, 0.054169048352826696, 0.047322782728006135, 0.04295656886213692, 0.03505349065109234, 0.030889730199245, 0.027170261176506755, 0.019708856860840267, 0.019312355378363767, 0.017828299178848588, 0.012768578338400402, 0.012296571063561714, 0.010717806853123572, 0.007757999211207789, 0.006596940078640425, 0.005358330332564947, 0.0027441983954334622, 0.004865789611826586, 0.003040338287070578, 0.0021989608141151015, 0.0006027667439699751, 0.0012421458034623356, 0.0022970480110931627, 0.0003211882582688001, 0.00023169587750696035, 0.00018568197588137992, 0.00015313853050808273, 0.000132717254051992, 0.0002344540369972492, 9.725623415287525e-05, 8.014372294648334e-05, 7.14635851136336e-05, 6.31593828336463e-05, 5.705216353173152e-05, 5.208976382922022e-05, 4.846195007833861e-05, 4.6430174048737175e-05, 4.5277614293960745e-05], "test_acc": [85.99, 87.24, 88.05, 88.45, 88.57, 88.05, 88.69, 88.52, 88.38, 88.1, 89.15, 89.11, 89.06, 88.96, 87.93, 89.03, 88.9, 88.92, 89.22, 88.84, 89.37, 88.93, 88.52, 89.22, 89.19, 89.25, 89.14, 89.43, 89.21, 88.85, 89.24, 89.43, 89.39, 88.99, 89.44, 89.57, 89.54, 89.64, 89.52, 89.49, 89.39, 89.55, 89.47, 89.58, 89.52, 89.55, 89.56, 89.53, 89.61, 89.57], "test_loss": [0.38245049938559533, 0.3487886897847056, 0.3268140267208219, 0.33522568294778465, 0.3317619125545025, 0.3487204356119037, 0.35624206859618424, 0.36332918766885997, 0.40711134497076273, 0.4032975418120623, 0.38493626810610293, 0.4073085691779852, 0.4194751660339534, 0.45218521647155285, 0.5065166665241122, 0.4761766502074897, 0.5039427607879042, 0.4987262562662363, 0.5230174002796412, 0.5520305331796408, 0.5391756890900433, 0.5675364895537496, 0.6196919143944979, 0.5837780087441206, 0.5791815892606974, 0.6054949821904302, 0.6157877071760595, 0.6384699499979615, 0.6247546310722828, 0.6641533669456839, 0.6500933576188982, 0.6487801008298993, 0.6617853550240398, 0.6923832097649574, 0.670843179449439, 0.6799675944447517, 0.6891312784701585, 0.7012535948306322, 0.7112106965482234, 0.7218903559446335, 0.7263065449148417, 0.7345815452188253, 0.7399047953262925, 0.7481019071862102, 0.7513574631139636, 0.7551925106346608, 0.7594038291275501, 0.7609823792800308, 0.7619246626645326, 0.7621223891526461]}