{"num_param": 105482, "latency": {"mean": 0.0003295987129211426, "std": 0.00011508804107854231}, "train_acc": [84.59333333333333, 88.44166666666666, 89.58666666666667, 90.67666666666666, 91.43166666666667, 91.87333333333333, 92.43833333333333, 92.94, 93.60666666666667, 93.935, 94.18833333333333, 94.715, 94.98666666666666, 95.38166666666666, 95.66, 95.94166666666666, 96.09833333333333, 96.57833333333333, 96.705, 97.00333333333333, 97.25, 97.57, 97.84166666666667, 97.975, 98.185, 98.38166666666666, 98.57333333333334, 98.835, 98.89833333333333, 99.155, 99.29833333333333, 99.44166666666666, 99.53666666666666, 99.68, 99.75, 99.79166666666667, 99.89333333333333, 99.89, 99.97666666666667, 99.96666666666667, 99.98333333333333, 100.0, 99.99666666666667, 99.99833333333333, 100.0, 100.0, 100.0, 100.0, 100.0, 100.0], "train_loss": [0.42511596735566853, 0.31811016287654637, 0.2797443518228829, 0.2525014762332042, 0.2296518650247405, 0.21558943294920027, 0.1994236961985007, 0.18768924666413417, 0.1697464291146025, 0.1620446694161122, 0.1531737231137231, 0.13998047878577685, 0.13455435063922777, 0.1249794570247953, 0.11628475377850313, 0.10820517482158418, 0.10420636896742508, 0.0932364676031284, 0.087293967299629, 0.07876953832310392, 0.07329454926153024, 0.06655564333215201, 0.05884728103342544, 0.05389744340267498, 0.048901860949214705, 0.042708818855656625, 0.038998420674712785, 0.03309800563676011, 0.03005495518591488, 0.0242012926455997, 0.02038677068053706, 0.017393653726643, 0.014756484350643102, 0.010532225302487557, 0.008613307978151474, 0.0074526922740309, 0.004943864948745613, 0.004127528404374819, 0.002355845886872127, 0.002017898136985347, 0.0015142183265872216, 0.0006734654953481822, 0.0005090688792815001, 0.0004462040558759147, 0.00025386414236128495, 0.00020058541312947635, 0.00017055393083211356, 0.00014484907203510033, 0.0001285258381049914, 0.00012032301303015913], "test_acc": [85.11, 86.2, 87.26, 88.1, 88.32, 87.88, 88.59, 88.79, 89.12, 88.98, 88.68, 89.08, 88.5, 88.92, 88.46, 88.76, 89.49, 89.42, 89.1, 89.28, 89.0, 89.21, 89.12, 89.04, 88.86, 89.09, 89.18, 89.2, 89.46, 89.35, 89.23, 89.14, 89.33, 88.99, 88.8, 88.98, 89.08, 89.13, 89.03, 89.1, 89.26, 89.21, 89.0, 89.02, 89.08, 89.14, 89.14, 89.11, 89.06, 89.11], "test_loss": [0.4125921795144677, 0.37796697549521924, 0.354676040224731, 0.34926702484488487, 0.34178393103182314, 0.3766861118003726, 0.36085898589342835, 0.36139158144593236, 0.3608369514718652, 0.4037427346408367, 0.39275398530066014, 0.4056279751472175, 0.4245446560531855, 0.4363773051649332, 0.4653638933226466, 0.45588270235806705, 0.46231573697179557, 0.47546980127692223, 0.5174130994826556, 0.5338180078938604, 0.547996287625283, 0.5381396804377436, 0.5578626063093544, 0.5917555661126971, 0.5983090209867805, 0.6403626115992666, 0.6519830119609833, 0.700295127555728, 0.7024938460811972, 0.745832324102521, 0.7930148781836033, 0.8323341653496027, 0.8265165486186743, 0.9089015600457787, 0.9300305857229978, 0.9687092539761215, 1.0181252434942871, 1.0156324475817382, 1.0868073027580976, 1.1226808813214302, 1.1506294721364976, 1.1927215590327978, 1.2334402244910598, 1.2593224996700882, 1.2864844419434667, 1.3182119630277156, 1.337425429597497, 1.351084460131824, 1.3578575560823083, 1.3600178326666355]}