{"num_param": 280586, "latency": {"mean": 0.0004097371339797974, "std": 3.5632121231766454e-05}, "train_acc": [84.25666666666666, 88.805, 90.33, 91.51333333333334, 92.64666666666666, 93.32833333333333, 94.00666666666666, 94.82333333333334, 95.32666666666667, 95.97, 96.50166666666667, 96.85333333333334, 97.23333333333333, 97.515, 97.92833333333333, 98.09, 98.39333333333333, 98.62666666666667, 98.84166666666667, 99.09833333333333, 99.20166666666667, 99.33666666666667, 99.46833333333333, 99.54833333333333, 99.56166666666667, 99.73166666666667, 99.725, 99.835, 99.92833333333333, 99.90666666666667, 99.96666666666667, 99.905, 99.985, 99.97666666666667, 99.995, 100.0, 100.0, 99.98666666666666, 100.0, 100.0, 100.0, 100.0, 100.0, 100.0, 100.0, 100.0, 100.0, 100.0, 100.0, 100.0], "train_loss": [0.4429298896652957, 0.30693459599589307, 0.2616657731278489, 0.2295634769834578, 0.2017757711869975, 0.18169969839664796, 0.16115125345842293, 0.14323480278563996, 0.1276045576351074, 0.11190735845593736, 0.09950603275443427, 0.08753807459802677, 0.07810170766936304, 0.0686603761704949, 0.0598510997032281, 0.0534402131314467, 0.045754890080327945, 0.03933263243166342, 0.03493557327528833, 0.028459915974381148, 0.024876262697653147, 0.02126784876891179, 0.0178504472594553, 0.015391987027657402, 0.014268258969580833, 0.010024874820216306, 0.009779971655965104, 0.007024823992724123, 0.004315246581245447, 0.004948129071478131, 0.002867857899915786, 0.0038895804497982075, 0.00173212383180271, 0.0017319769631800833, 0.0011906499226127683, 0.0006195045148645779, 0.0005246846482077672, 0.0010683816734005328, 0.000486065529469973, 0.00031095652154363053, 0.00027545809949610126, 0.0002502742138517533, 0.00021811448503134063, 0.00019091664401609402, 0.0001722604619650762, 0.00015635404800150353, 0.0001448373507719225, 0.00013739590820629626, 0.00013298077511005127, 0.00013047723564075871], "test_acc": [86.05, 87.03, 87.67, 88.41, 88.32, 88.24, 88.51, 88.66, 88.29, 88.08, 88.75, 88.74, 87.94, 88.54, 88.7, 88.95, 88.78, 88.96, 88.88, 88.48, 89.11, 88.79, 88.58, 88.97, 89.27, 89.14, 88.88, 89.38, 89.03, 89.27, 88.99, 89.39, 89.32, 89.14, 89.37, 89.36, 89.37, 89.42, 89.41, 89.43, 89.48, 89.53, 89.53, 89.57, 89.49, 89.52, 89.55, 89.56, 89.54, 89.56], "test_loss": [0.3848613526672125, 0.3526314341276884, 0.3295175550505519, 0.3307372058928013, 0.32887426394969227, 0.3405115756765008, 0.3432648694701493, 0.35202074620872736, 0.3935298463702202, 0.39613731037825345, 0.38950756419450044, 0.4032949855178595, 0.43100967282429337, 0.44226605381816625, 0.46183871526271103, 0.4577859017252922, 0.4747126916795969, 0.4959896000474691, 0.5236111886426806, 0.5426401539519429, 0.5358941609784961, 0.5747979799471795, 0.5980236383527517, 0.5906516085192561, 0.5910823281109333, 0.6003441609442234, 0.6287290490418672, 0.6341056023165583, 0.6414411383774131, 0.6536785712838173, 0.6625609846413135, 0.6664099254831671, 0.6757279244996607, 0.6995479146018624, 0.7067693937383592, 0.7079509577713907, 0.7207225282676518, 0.7353432700224221, 0.7381659843213856, 0.7478615795820951, 0.7545758095011115, 0.763834006441757, 0.7708154603652656, 0.7764827470853924, 0.7819142010249197, 0.784593907315284, 0.7877689178008587, 0.788617165191099, 0.7894160783290863, 0.7896876440383493]}