{"num_param": 841738, "latency": {"mean": 0.0013462074756622315, "std": 8.20361600754691e-05}, "train_acc": [83.29, 87.42166666666667, 88.59333333333333, 89.55166666666666, 90.07166666666667, 90.535, 90.935, 91.26833333333333, 91.72166666666666, 91.89666666666666, 92.46833333333333, 92.66333333333333, 92.95166666666667, 93.22, 93.61666666666666, 93.99, 94.16333333333333, 94.7, 94.79333333333334, 95.14666666666666, 95.34, 95.645, 95.98333333333333, 96.335, 96.65333333333334, 96.94333333333333, 97.21833333333333, 97.50333333333333, 97.77333333333333, 98.04166666666667, 98.36333333333333, 98.67666666666666, 98.885, 99.02333333333333, 99.36166666666666, 99.49833333333333, 99.62666666666667, 99.75833333333334, 99.83, 99.91333333333333, 99.94833333333334, 99.97666666666667, 99.99166666666666, 99.99666666666667, 99.99833333333333, 100.0, 100.0, 100.0, 100.0, 100.0], "train_loss": [0.46644210421169796, 0.34340882653370497, 0.308683113977313, 0.2838041099595527, 0.26835135800453525, 0.25557453284971415, 0.2430425015464425, 0.23455129455154142, 0.22041341628724087, 0.213958438259239, 0.20191169260380168, 0.1956273502856493, 0.18750235127595563, 0.17814787686647227, 0.17098599936347456, 0.16164857060027618, 0.15523283952847122, 0.14606372118229047, 0.13843985804744685, 0.1299770901251274, 0.12467246746877209, 0.11617987702212607, 0.10741783132078125, 0.10032271219805504, 0.09082799079304095, 0.08450514251405063, 0.07653771346551366, 0.06955361753760371, 0.06274244806632244, 0.054648180726605156, 0.047659633003834946, 0.04089003492272847, 0.03519372517737793, 0.030193886977795046, 0.024202399100274004, 0.02034985755381058, 0.01663079347020054, 0.013378594620832397, 0.01066801761914879, 0.008545813273328045, 0.00678785080058636, 0.0056167969438926475, 0.004704670987812278, 0.004022611560958467, 0.0035039936401881277, 0.003133141783400788, 0.0028912438940703095, 0.0026962575948952386, 0.002584941375607741, 0.0025167517056615906], "test_acc": [84.08, 85.8, 86.84, 87.9, 88.24, 87.73, 88.64, 88.6, 88.9, 89.25, 88.65, 89.28, 89.02, 89.39, 88.99, 89.35, 89.29, 89.35, 89.12, 89.2, 89.42, 88.89, 89.33, 89.74, 89.2, 89.64, 89.53, 89.28, 89.15, 89.21, 89.27, 89.03, 89.17, 88.95, 89.35, 89.03, 89.4, 89.36, 89.31, 89.43, 89.43, 89.52, 89.29, 89.22, 89.31, 89.28, 89.3, 89.3, 89.3, 89.29], "test_loss": [0.4348057647049427, 0.39129196129739285, 0.36326236847788096, 0.34596774145960807, 0.33029607359319924, 0.34570533376187085, 0.3172325766831636, 0.3095395717024803, 0.31512004900723695, 0.30458755511790514, 0.3099912332370877, 0.3138782408088446, 0.31875053778290746, 0.31527540247887376, 0.31479401016607883, 0.30942356189712883, 0.3250454677641392, 0.32505381608381867, 0.33015110809355974, 0.3515733522363007, 0.3544179592654109, 0.3625882435776293, 0.3695157832279801, 0.3629056017100811, 0.3894561592116952, 0.39058651466853916, 0.4066820795089006, 0.4321707239188254, 0.43691253984346984, 0.4443421740271151, 0.4540207389369607, 0.47933051641099156, 0.4912758853007108, 0.5133533026464283, 0.520149920003023, 0.5486646173894405, 0.5468499758490362, 0.5557089338125661, 0.5642636266443879, 0.5737301721330732, 0.5863120434735901, 0.592699199700728, 0.602921993797645, 0.6079194968612864, 0.6144248125026934, 0.6202303782780655, 0.6238804412307217, 0.6259555930783972, 0.6266426693717949, 0.6268714465782977]}