{"num_param": 60426, "latency": {"mean": 0.0005210239648818969, "std": 0.00011148151837379486}, "train_acc": [84.57833333333333, 87.92, 89.115, 89.74166666666666, 90.595, 91.19333333333333, 91.505, 92.12166666666667, 92.55333333333333, 92.83666666666667, 93.26333333333334, 93.56, 93.90833333333333, 94.31166666666667, 94.59666666666666, 94.86666666666666, 95.13666666666667, 95.40166666666667, 95.68666666666667, 95.91, 96.20833333333333, 96.33333333333333, 96.59166666666667, 96.86, 97.15833333333333, 97.27833333333334, 97.45833333333333, 97.655, 97.97, 98.125, 98.31166666666667, 98.50833333333334, 98.59666666666666, 98.76833333333333, 98.905, 99.03, 99.18, 99.25666666666666, 99.38, 99.46666666666667, 99.53833333333333, 99.615, 99.65833333333333, 99.715, 99.755, 99.785, 99.79833333333333, 99.81833333333333, 99.83666666666667, 99.83833333333334], "train_loss": [0.4333128402195871, 0.3340368762550255, 0.2994400191493332, 0.2765660679899156, 0.2559224246225009, 0.23791306967536607, 0.2260273018075774, 0.21188380666698017, 0.20000104763234655, 0.19019696255059293, 0.17817299789904306, 0.17235677100718022, 0.16035820379232366, 0.15440912605884174, 0.14430032047908753, 0.13760775635950268, 0.13135758948978038, 0.1227108557568863, 0.1162770584396397, 0.10982486992298315, 0.10239383525409115, 0.09765594189617938, 0.09261929470851707, 0.08588850358345856, 0.07896143376458592, 0.07513215461823468, 0.06917854246508796, 0.06437977467780001, 0.05841154545661993, 0.05450781617624064, 0.05040594825394995, 0.04606422444204024, 0.04198245910927653, 0.038400770119333176, 0.03513703502884406, 0.03171807705504762, 0.028912495452629326, 0.02642189452347035, 0.023918704241368688, 0.021465706801585233, 0.01973247149658467, 0.01816750563821794, 0.016814827516839916, 0.015568324379928526, 0.01456267250253101, 0.01382109641478261, 0.013239740012722904, 0.012767069004936881, 0.012457009489553457, 0.012280823831072969], "test_acc": [85.88, 86.39, 86.81, 86.95, 87.5, 87.85, 88.31, 88.2, 87.99, 88.3, 87.77, 88.28, 88.06, 88.43, 88.08, 88.11, 88.16, 88.8, 88.13, 88.85, 88.03, 88.62, 88.48, 88.33, 88.21, 87.9, 88.43, 88.23, 88.34, 88.08, 88.12, 88.26, 88.27, 88.3, 88.28, 88.21, 88.31, 88.2, 88.13, 88.36, 88.13, 88.13, 88.21, 88.21, 87.99, 88.25, 88.24, 88.22, 88.22, 88.21], "test_loss": [0.3930473872646689, 0.37483540520071984, 0.37162563037127255, 0.3748186020925641, 0.3698488549888134, 0.3586442241817713, 0.3625750440731645, 0.37288002703338863, 0.38903354030102494, 0.38395295407623053, 0.4001084729470313, 0.3968130191601813, 0.40993843995034696, 0.4196887240931392, 0.43843132581561806, 0.4382879276946187, 0.4459670889005065, 0.46160456832498314, 0.4830445713177323, 0.47276247063651683, 0.49708326138556, 0.49785409988835455, 0.530621122829616, 0.5338349914737046, 0.5587076637893915, 0.5900742778554559, 0.5909836019016802, 0.6036588906496764, 0.6283667678572238, 0.6405126585252583, 0.6606044374406338, 0.6782542970497161, 0.685598480720073, 0.7072661339305342, 0.7244467242248356, 0.7408105590008199, 0.7604946087859571, 0.7743420286104084, 0.7990386219322682, 0.8098514392413199, 0.8252685733884573, 0.8363724698778242, 0.8428108471445739, 0.8526362149231136, 0.8620398615859449, 0.8659186020679772, 0.8699901371169836, 0.8725799096561968, 0.8735224633943289, 0.8737181586399675]}