{"num_param": 1079306, "latency": {"mean": 0.0004142307996749878, "std": 3.908943829871297e-05}, "train_acc": [84.99333333333334, 89.28666666666666, 91.07666666666667, 92.31, 93.53833333333333, 94.405, 95.23833333333333, 95.78833333333333, 96.41833333333334, 97.02166666666666, 97.425, 97.73833333333333, 98.05666666666667, 98.42833333333333, 98.58, 98.62166666666667, 99.09, 99.06166666666667, 99.15166666666667, 99.39, 99.44, 99.53666666666666, 99.59, 99.695, 99.66833333333334, 99.80833333333334, 99.855, 99.82666666666667, 99.94, 99.86833333333334, 99.93333333333334, 99.99666666666667, 100.0, 99.97166666666666, 99.93166666666667, 100.0, 100.0, 100.0, 100.0, 100.0, 100.0, 100.0, 100.0, 100.0, 100.0, 100.0, 100.0, 100.0, 100.0, 100.0], "train_loss": [0.4176665220161279, 0.28842915361747146, 0.2398121981105457, 0.20547677353024482, 0.17555638005025684, 0.15191207765912015, 0.1318625587155111, 0.11517528951517306, 0.09717956949879104, 0.08244276995421387, 0.07277607488989209, 0.06074994295961612, 0.05370521292051611, 0.04437643290080208, 0.040290549091732825, 0.03746724718667489, 0.027152431046561107, 0.02636802600551164, 0.023690516489708293, 0.018477086992643308, 0.016364629767122097, 0.01470064804037823, 0.013041523296412076, 0.00949159929790009, 0.010308785770694157, 0.006553491987109131, 0.005405893342798057, 0.00596769240441669, 0.002694899144677644, 0.004302211092572179, 0.0025741747698960656, 0.0005750673167305346, 0.00023169726002834068, 0.0011794621007068901, 0.002498364512259741, 0.00020788446450353604, 0.00013808700735542818, 0.000110924650424901, 8.675867509320294e-05, 7.071068284100571e-05, 5.697523659894917e-05, 4.591726594280014e-05, 3.6084476721309023e-05, 2.9104635592413313e-05, 2.420325035368857e-05, 2.068268391383299e-05, 1.828351185717262e-05, 1.6719054582191953e-05, 1.580093436871266e-05, 1.533078554677066e-05], "test_acc": [86.42, 87.69, 88.33, 88.42, 89.5, 88.65, 89.21, 89.28, 89.32, 89.06, 89.39, 89.08, 89.31, 89.34, 89.36, 89.21, 89.33, 89.67, 89.37, 89.49, 89.5, 89.93, 89.73, 89.28, 89.65, 89.5, 89.62, 89.7, 89.74, 89.75, 89.93, 90.04, 89.88, 89.7, 90.08, 90.07, 90.16, 90.0, 90.16, 90.14, 90.09, 90.03, 90.06, 90.05, 90.11, 90.22, 90.14, 90.11, 90.11, 90.08], "test_loss": [0.37239502392709256, 0.3384607633575797, 0.31988854315131904, 0.33756904512643815, 0.31264234784990547, 0.34499677032232284, 0.3452366640232503, 0.35365578858181834, 0.37856553923338654, 0.3879298704862595, 0.3957235175557435, 0.4337720014899969, 0.4237411124445498, 0.45661083396524194, 0.47672650747932493, 0.4822485538013279, 0.486723429877311, 0.5042830980103463, 0.5367616024101153, 0.5326662634592503, 0.5616184391453862, 0.5694929054100066, 0.5671732921339572, 0.5962260374799371, 0.6064772291481495, 0.6029209268558771, 0.6207416561525315, 0.6259944719821214, 0.6063057803548872, 0.6293147709965706, 0.6262173272436484, 0.635243741539307, 0.6448397184163333, 0.6985478452732786, 0.6519714418891818, 0.656986480364576, 0.6674786019837484, 0.6761353176692501, 0.6840548467449844, 0.6942931640008464, 0.704023923445493, 0.7144524866528809, 0.723203882756643, 0.7321177845541388, 0.7360601885337382, 0.7406082219770178, 0.7448131924681366, 0.7467929328465834, 0.7482361401990056, 0.7486943422583863]}