{"num_param": 201738, "latency": {"mean": 0.0007641376733779908, "std": 5.918730812577885e-05}, "train_acc": [83.3, 88.19666666666667, 89.575, 90.595, 91.335, 92.18, 92.76333333333334, 93.38666666666667, 93.80833333333334, 94.21666666666667, 94.74833333333333, 95.17333333333333, 95.64166666666667, 95.90666666666667, 96.35166666666667, 96.51833333333333, 96.955, 97.22333333333333, 97.585, 97.79833333333333, 98.07, 98.335, 98.47166666666666, 98.67666666666666, 98.82333333333334, 99.06166666666667, 99.25666666666666, 99.39, 99.53666666666666, 99.56166666666667, 99.73333333333333, 99.80333333333333, 99.85166666666667, 99.91833333333334, 99.96, 99.96, 99.99166666666666, 99.99666666666667, 100.0, 100.0, 100.0, 100.0, 100.0, 100.0, 100.0, 100.0, 100.0, 100.0, 100.0, 100.0], "train_loss": [0.4650527483411133, 0.32302341107899946, 0.2809342172803978, 0.2516780955499659, 0.23107153195887803, 0.2101277947301666, 0.19489403168670832, 0.1797861712798476, 0.16503949653978148, 0.1542609402956441, 0.13953800272196532, 0.1297669638778704, 0.11770981717544297, 0.11181665589140417, 0.09958397434403499, 0.09375380645661305, 0.08395360362056332, 0.07586453962295006, 0.06751162885416609, 0.06257215634512249, 0.05473097141764204, 0.04679680887764941, 0.044578889651262825, 0.03845337103538138, 0.03362729275036448, 0.028282428556315912, 0.024259801278385566, 0.02079687274082971, 0.016935636703589503, 0.015073460566903426, 0.011322464153563487, 0.009621164660832923, 0.007831647654699432, 0.005638226491264504, 0.004218598222808699, 0.004145756820047003, 0.0023804218630539254, 0.002070632226568705, 0.0016229077749994759, 0.0012457297175266528, 0.0010983264471330282, 0.0008827424264690838, 0.000745210920649697, 0.0006538489643086602, 0.000582465834637939, 0.0005309577031160491, 0.0004916876129815743, 0.0004639768665704954, 0.0004486088199397879, 0.0004386663973915953], "test_acc": [85.43, 86.8, 87.92, 87.57, 88.29, 88.26, 88.69, 89.08, 89.11, 88.62, 88.65, 88.86, 88.45, 88.97, 88.86, 88.52, 88.43, 89.08, 88.73, 88.25, 88.96, 88.95, 88.53, 88.74, 88.63, 88.87, 88.89, 88.81, 88.56, 88.98, 89.03, 88.99, 88.89, 89.16, 88.83, 89.01, 89.02, 88.98, 89.11, 88.99, 88.93, 89.02, 88.99, 89.04, 89.03, 89.01, 89.09, 89.02, 89.07, 89.06], "test_loss": [0.3944242135435343, 0.34940875455737114, 0.3306115435808897, 0.3467616692557931, 0.3293134585954249, 0.3349166610091925, 0.32766097312793135, 0.3271361596509814, 0.33722048688679934, 0.357819728218019, 0.35949709471315144, 0.3717944747954607, 0.3809126980602741, 0.3865264376997948, 0.4061582577973604, 0.41747111443430185, 0.44664321329444645, 0.4454919283743948, 0.45955923441797497, 0.4799204018712044, 0.48024759512394666, 0.49261510990560053, 0.5244221807643771, 0.5271828451566398, 0.5544649215042591, 0.5685167891904712, 0.5927262613736093, 0.5909349256753922, 0.6085756809264421, 0.6143618442118168, 0.623737170919776, 0.6401084185391664, 0.6496875690668822, 0.6705850144755096, 0.6751319384761154, 0.69539940899238, 0.6991315188258886, 0.7087468189001084, 0.7256760387122632, 0.7379229666292667, 0.7463224056363106, 0.756458729878068, 0.7633181368932128, 0.7712513326853514, 0.7767559494450689, 0.7803837132826448, 0.7838682435825467, 0.7855782578140498, 0.7863703141361476, 0.7866529118642211]}