{"num_param": 32778, "latency": {"mean": 0.00046480929851531983, "std": 3.535018061404423e-05}, "train_acc": [83.035, 86.895, 88.03666666666666, 89.085, 89.65666666666667, 90.17833333333333, 90.73166666666667, 91.08166666666666, 91.69666666666667, 91.885, 92.2, 92.505, 92.73666666666666, 93.09833333333333, 93.28833333333333, 93.61666666666666, 93.79833333333333, 94.035, 94.24666666666667, 94.54166666666667, 94.605, 94.84833333333333, 95.07666666666667, 95.18166666666667, 95.355, 95.59333333333333, 95.66833333333334, 95.955, 96.08666666666667, 96.22, 96.36, 96.495, 96.59666666666666, 96.69333333333333, 96.86833333333334, 97.02833333333334, 97.09166666666667, 97.175, 97.265, 97.40833333333333, 97.455, 97.53333333333333, 97.57833333333333, 97.61833333333334, 97.63333333333334, 97.71333333333334, 97.72666666666667, 97.76333333333334, 97.74333333333334, 97.74833333333333], "train_loss": [0.47643197514116764, 0.3656176843245824, 0.3291326731815934, 0.30123907526334126, 0.2821296941364805, 0.26657544705085456, 0.25170036755812664, 0.2403808078573396, 0.22655190718670687, 0.21829135421042642, 0.2104137714765966, 0.20252021265837053, 0.19487100395994883, 0.18751425543334335, 0.18184660434102018, 0.17448909449391067, 0.16848229036821674, 0.16321750627675405, 0.15805545607736954, 0.15169669231167063, 0.14636514610766121, 0.14153514225268737, 0.137371691968292, 0.13221591749849418, 0.1278520725450168, 0.12421091389997552, 0.11965051675137753, 0.11664337439307322, 0.11215539488087718, 0.1082653843301038, 0.10460822754461939, 0.1016405151062645, 0.09896463346124316, 0.09611832435708494, 0.09297487686465805, 0.09121114207897335, 0.08858868280037617, 0.08663890259650846, 0.08452421782771126, 0.0828573565534316, 0.0811700673874778, 0.07985022065384935, 0.07870873436098919, 0.07771361849969254, 0.0766760847492454, 0.07592853479164963, 0.07549146678376321, 0.07496656065535111, 0.07466471102864793, 0.07445397468438993], "test_acc": [83.93, 85.04, 85.61, 87.02, 87.52, 87.87, 87.8, 88.4, 88.67, 88.52, 87.86, 88.89, 88.37, 88.45, 88.22, 88.58, 88.56, 88.59, 88.95, 88.9, 89.14, 88.42, 89.1, 88.96, 88.75, 89.05, 89.03, 88.97, 88.93, 88.92, 88.95, 88.79, 88.95, 88.73, 88.83, 88.86, 89.02, 89.08, 89.02, 89.03, 89.01, 88.95, 88.97, 88.9, 88.96, 88.94, 88.93, 89.0, 88.99, 88.97], "test_loss": [0.4534290412068367, 0.41263171695172784, 0.3933566534891725, 0.36909470489248636, 0.3451338206231594, 0.34809787552803756, 0.3435230195894837, 0.33128666484728453, 0.3273979711532593, 0.3303716295398772, 0.34447885101661085, 0.3274235713109374, 0.34208210118114946, 0.3447010188177228, 0.3485237758234143, 0.3458370806090534, 0.348123680613935, 0.34996196523308754, 0.3517312104254961, 0.35399600319564345, 0.3535703834146261, 0.36618370827287433, 0.3605923154205084, 0.36802520129829647, 0.37138901934027674, 0.3727779737859964, 0.3734284584224224, 0.37895930755883456, 0.37919447384774685, 0.3808285125344992, 0.3904771986976266, 0.38705233050510285, 0.3961966113187373, 0.3999625034816563, 0.40119300577789546, 0.4018841947428882, 0.39974103247746823, 0.3991908508725464, 0.40481957014650105, 0.4061318146809936, 0.4077361750416458, 0.40830706305801867, 0.4101285174489021, 0.40912426060065626, 0.40953129846602676, 0.41081277260556814, 0.40996246971189976, 0.4101534335315227, 0.41012273080646994, 0.41015932174399494]}