{"num_param": 546826, "latency": {"mean": 0.0004061864614486694, "std": 3.7101001163311854e-05}, "train_acc": [84.48333333333333, 89.02666666666667, 90.515, 92.005, 93.05333333333333, 93.855, 94.71, 95.32, 96.00333333333333, 96.41666666666667, 96.98333333333333, 97.33833333333334, 97.76833333333333, 98.06666666666666, 98.325, 98.55, 98.70333333333333, 98.94833333333334, 99.14, 99.19666666666667, 99.345, 99.525, 99.53833333333333, 99.66166666666666, 99.685, 99.77666666666667, 99.74333333333334, 99.92333333333333, 99.815, 99.90833333333333, 99.95666666666666, 99.845, 99.995, 100.0, 100.0, 100.0, 99.985, 99.98, 100.0, 100.0, 100.0, 100.0, 100.0, 100.0, 100.0, 100.0, 100.0, 100.0, 100.0, 100.0], "train_loss": [0.432645319160074, 0.2989960438245907, 0.2522077572376778, 0.21702825418052574, 0.18808726036765924, 0.16632471164843687, 0.14357772415891912, 0.12654432272848984, 0.10872138200871026, 0.09676412785697418, 0.08364457940799185, 0.0738871017092606, 0.06318835203535855, 0.053714109605449874, 0.04731537282379577, 0.041225721644538374, 0.036165478170175146, 0.03033468252629973, 0.025788497184597265, 0.023185960428333298, 0.019758859038544567, 0.01563628491493849, 0.013909799777999676, 0.011006428546394697, 0.010333285562131398, 0.0077254470312315485, 0.008737750204246974, 0.00389689699404092, 0.006000666143870603, 0.0037049341058749026, 0.0018435403427974962, 0.004714445494724563, 0.0011040357697766011, 0.0004307618359750146, 0.00032166836441774646, 0.0002664469033743444, 0.0007309585610573776, 0.0011426746852699428, 0.00018766484650465523, 0.00015253383459101617, 0.00013045068649716996, 0.00011456908922658233, 9.895463289770609e-05, 8.706920761975804e-05, 7.467926452136452e-05, 6.67273940503795e-05, 6.079303150708408e-05, 5.670060902540778e-05, 5.405131328274138e-05, 5.2778616499627636e-05], "test_acc": [85.45, 86.84, 87.59, 88.43, 88.81, 88.2, 88.82, 89.1, 89.5, 88.74, 88.86, 89.39, 89.02, 88.74, 88.34, 88.64, 89.1, 89.36, 88.92, 89.21, 88.98, 88.93, 88.98, 89.26, 89.37, 89.02, 89.31, 89.48, 89.17, 89.57, 89.34, 89.42, 89.37, 89.53, 89.72, 89.68, 89.22, 89.74, 89.74, 89.74, 89.76, 89.66, 89.69, 89.7, 89.74, 89.75, 89.68, 89.75, 89.73, 89.75], "test_loss": [0.40536650985479356, 0.3726683293282986, 0.3469787634536624, 0.32996932266280055, 0.3265238666906953, 0.35396785972639916, 0.3358382975868881, 0.3463022401742637, 0.3428073303773999, 0.39268160866107793, 0.38801076107658444, 0.395468061119318, 0.41521907281130555, 0.46320874271914364, 0.487132637319155, 0.47267183758784087, 0.4829235238581896, 0.4895216237194836, 0.5337851539067924, 0.5396743406169117, 0.5715629812702536, 0.5542412631772459, 0.5759807048365474, 0.587048224285245, 0.6049810761143454, 0.6387650663033128, 0.6328016960888635, 0.6182912964536809, 0.6528183557558804, 0.6236975067527964, 0.6658659230382181, 0.6614921444491483, 0.6522092081629671, 0.6544558852061164, 0.6652957850333769, 0.6821275958034676, 0.7441950578941032, 0.6903163924906403, 0.6950021952902898, 0.6999099230661523, 0.7080846401082818, 0.7172470515593886, 0.7229987740691286, 0.7294543542340398, 0.7344300527393353, 0.7374282427481376, 0.7410104520083405, 0.7429207019193563, 0.7444458496337757, 0.7447863679693546]}