{"num_param": 60426, "latency": {"mean": 0.0005223961591720581, "std": 0.00016859457873170613}, "train_acc": [84.56666666666666, 87.97833333333334, 89.12833333333333, 90.07333333333334, 90.71333333333334, 91.155, 91.78166666666667, 92.06833333333333, 92.61166666666666, 93.04833333333333, 93.35, 93.72666666666667, 93.94666666666667, 94.45333333333333, 94.63166666666666, 94.92333333333333, 95.23, 95.58333333333333, 95.77166666666666, 96.03833333333333, 96.20833333333333, 96.44666666666667, 96.76666666666667, 97.03833333333333, 97.26333333333334, 97.41333333333333, 97.61166666666666, 97.835, 98.03166666666667, 98.30166666666666, 98.41, 98.59333333333333, 98.73166666666667, 98.89833333333333, 99.04166666666667, 99.16333333333333, 99.29833333333333, 99.42166666666667, 99.495, 99.53166666666667, 99.64666666666666, 99.695, 99.77, 99.79666666666667, 99.82833333333333, 99.845, 99.87333333333333, 99.88666666666667, 99.89333333333333, 99.89333333333333], "train_loss": [0.43319880032291014, 0.33340798880904915, 0.29839330178685486, 0.27177933607560895, 0.25223088331831, 0.23768653752282262, 0.22231198146163175, 0.21025715868299205, 0.19634485782744984, 0.18578313454675177, 0.17598047502649328, 0.1681595267689166, 0.1593822799785994, 0.14859530036648114, 0.1426620734638224, 0.13519190046936275, 0.1285695574475297, 0.11923275170188087, 0.11409055893697466, 0.10653381137681815, 0.10022382383816876, 0.09641659037520488, 0.08850312176393345, 0.08225696188320096, 0.07677730951788059, 0.07110625861523052, 0.06657637632684782, 0.061219600787153466, 0.05636914780305233, 0.05077784521185094, 0.047020000691603246, 0.04333207708511812, 0.03961905268156746, 0.035320898309000766, 0.031820583765608416, 0.02923927902117915, 0.02645054890665051, 0.02365018547701766, 0.02128144207429917, 0.01947984155078302, 0.017214345372703974, 0.015811565023747486, 0.014446769630315734, 0.013467664716445142, 0.012511806123335797, 0.011813129701719542, 0.011268769341501563, 0.010854486936283743, 0.010574270282789561, 0.010409658358233476], "test_acc": [84.52, 85.53, 86.48, 87.72, 88.11, 87.76, 88.09, 87.9, 88.37, 88.33, 87.71, 87.98, 87.66, 88.17, 87.71, 88.09, 88.25, 88.48, 88.49, 88.27, 88.03, 88.35, 88.07, 88.5, 88.28, 88.28, 88.38, 88.31, 88.33, 88.17, 88.15, 88.15, 88.43, 88.21, 88.33, 88.2, 88.29, 88.15, 88.2, 88.2, 88.07, 88.09, 87.9, 88.18, 88.06, 88.04, 88.1, 88.08, 88.09, 88.09], "test_loss": [0.4427815940603614, 0.40556025490164754, 0.3869594058394432, 0.3623742351680994, 0.3574119063094258, 0.3709541614353657, 0.3732795652747154, 0.38142168847844005, 0.3779317153245211, 0.4016058160364628, 0.41991754591464997, 0.44197549395263197, 0.4331738009303808, 0.429053616784513, 0.46206588339060545, 0.45865877423435447, 0.472652702331543, 0.48069845013320445, 0.49441383831202984, 0.5182267406582832, 0.5391580936312675, 0.5282280460000038, 0.5507635714486241, 0.5594326029717922, 0.5718209892511368, 0.5972080374136567, 0.5964040774479509, 0.6350663366913796, 0.6474660510197282, 0.6704329914599657, 0.6845881218835711, 0.7056264724582434, 0.71022560313344, 0.7409846509248018, 0.7631700548529625, 0.7838850775361061, 0.8008165683597326, 0.8184414719045162, 0.8328329153358937, 0.8452902022004127, 0.8656972009688616, 0.8754384931176901, 0.8904456201195717, 0.8956689782440662, 0.905371052250266, 0.9119110628217458, 0.9142968572676182, 0.9176026962697506, 0.9184637725353241, 0.9185354413837195]}