{"num_param": 77834, "latency": {"mean": 0.00028745765686035156, "std": 7.638499870786709e-05}, "train_acc": [84.14666666666666, 88.02166666666666, 89.17833333333333, 90.34666666666666, 91.12666666666667, 91.74, 92.46, 92.905, 93.61166666666666, 93.85166666666667, 94.265, 94.69833333333334, 95.0, 95.36333333333333, 95.72333333333333, 96.02833333333334, 96.13333333333334, 96.65166666666667, 96.89666666666666, 97.08833333333334, 97.34, 97.57666666666667, 97.81833333333333, 97.91333333333333, 98.16333333333333, 98.43, 98.53666666666666, 98.73666666666666, 98.84833333333333, 99.005, 99.06333333333333, 99.30166666666666, 99.38166666666666, 99.48666666666666, 99.54833333333333, 99.67333333333333, 99.755, 99.79, 99.87, 99.88833333333334, 99.93333333333334, 99.96, 99.96833333333333, 99.96833333333333, 99.985, 99.98833333333333, 99.995, 99.99666666666667, 99.99333333333334, 99.99833333333333], "train_loss": [0.44298476215451954, 0.3273762312438339, 0.28786496521284183, 0.25847029984928666, 0.23678690693030754, 0.21931994592150053, 0.20252422895592948, 0.18992097033342967, 0.17408585781231523, 0.16412411814865965, 0.153592087913615, 0.14409009528812022, 0.13558308493113144, 0.12488995391021793, 0.11789112982650597, 0.10929488906326393, 0.1036340401119863, 0.0941407307020078, 0.08852312714385334, 0.08160181088450676, 0.0751903310980803, 0.06958698463470986, 0.06238696322407729, 0.05902019805468929, 0.054078979564559024, 0.047978711984857605, 0.04491168110903042, 0.038992783768626395, 0.03613047091756016, 0.03204277890976907, 0.028647953852293236, 0.024862345226186636, 0.02218257235159399, 0.01946905892798289, 0.017458608500552752, 0.01517519860586617, 0.013220077504859849, 0.011608227930749612, 0.010105522774756537, 0.009150720516893973, 0.0078168593783145, 0.007209784756826897, 0.006472487999756898, 0.006088150645421895, 0.005560517991228456, 0.005268800169093689, 0.005010300747283812, 0.0048413351119234, 0.004718599521171806, 0.004641030685403772], "test_acc": [84.78, 86.21, 87.26, 87.98, 88.74, 88.61, 88.48, 89.26, 89.36, 89.35, 88.91, 89.74, 89.72, 89.57, 88.83, 88.94, 89.71, 89.28, 89.07, 89.69, 89.19, 89.08, 89.5, 89.62, 89.36, 89.59, 89.36, 89.24, 89.19, 89.55, 89.12, 89.33, 89.56, 89.41, 89.4, 89.32, 89.72, 89.49, 89.52, 89.51, 89.3, 89.47, 89.35, 89.4, 89.55, 89.48, 89.56, 89.64, 89.6, 89.63], "test_loss": [0.42118025973439216, 0.3821592057496309, 0.35227691523730753, 0.3455346423760057, 0.31506962683051826, 0.32703987173736093, 0.3214342799037695, 0.31261824728921056, 0.31328878734260796, 0.32854280445724726, 0.332525751683861, 0.3368137980252504, 0.3313121222704649, 0.34356471318751575, 0.36576605869457124, 0.37425108678638935, 0.3653766514360905, 0.3834462291561067, 0.38924394046887756, 0.40314006922766565, 0.40908376380801204, 0.4117086574807763, 0.42288718665018676, 0.4269380360096693, 0.4367347066570073, 0.4544399138353765, 0.45149660551920534, 0.4751547844335437, 0.4715758505091071, 0.4853134380467236, 0.5005599308013916, 0.5002002223394811, 0.5077252799645067, 0.5161967919021845, 0.51839644882828, 0.5363580611348152, 0.5389593241177499, 0.5405626754648983, 0.5455355032719672, 0.5472679140046239, 0.5557291424274444, 0.5586558031104505, 0.5641538057103753, 0.5643593569099903, 0.5664574051834643, 0.5684250631369651, 0.5696304908581078, 0.5701312953978777, 0.5706643675267696, 0.5707983178272843]}