{"num_param": 386058, "latency": {"mean": 0.0006932819604873658, "std": 4.6715319376187195e-05}, "train_acc": [84.18333333333334, 88.47166666666666, 90.09166666666667, 91.07666666666667, 92.07666666666667, 92.625, 93.37166666666667, 93.85, 94.35333333333334, 94.87, 95.385, 95.79333333333334, 96.055, 96.43166666666667, 96.72833333333334, 97.145, 97.385, 97.74833333333333, 98.04166666666667, 98.20333333333333, 98.425, 98.705, 98.78, 99.05333333333333, 99.15166666666667, 99.36166666666666, 99.48166666666667, 99.51666666666667, 99.71333333333334, 99.72, 99.815, 99.92333333333333, 99.86166666666666, 99.96166666666667, 99.96333333333334, 100.0, 99.995, 99.97833333333334, 100.0, 100.0, 100.0, 100.0, 100.0, 100.0, 100.0, 100.0, 100.0, 100.0, 100.0, 100.0], "train_loss": [0.44100018898025156, 0.31012050232539573, 0.2673177354813864, 0.23852550329950947, 0.21516551626225314, 0.19774719253958514, 0.17955194658134133, 0.16494986919375756, 0.15090535088830317, 0.13748483647747586, 0.12533012972290938, 0.11446154919064915, 0.10625706473947502, 0.09619775522228641, 0.08778647431444066, 0.07861420972001118, 0.07179511923478761, 0.06283242952136789, 0.05613975433399901, 0.04969704327566433, 0.04425698102636185, 0.03717248664094465, 0.03516403051743206, 0.028411563074672207, 0.02522016868805319, 0.020286548898632947, 0.01682773149945812, 0.01610198755185896, 0.010424317165161482, 0.010276553412889673, 0.007229429086085777, 0.004326181892023063, 0.005700077501084404, 0.0025856364698605225, 0.002903045712434202, 0.0009402134455952667, 0.0008944448347604824, 0.001798703937784012, 0.0005073338951569894, 0.00038862658992608583, 0.0003403276810240641, 0.00029259279591997255, 0.000247204544619611, 0.0002043599093872217, 0.00017497353109926432, 0.00015401314320039698, 0.0001390275429199998, 0.00012912241318796685, 0.00012318976766512909, 0.00011987126043815503], "test_acc": [85.98, 87.76, 87.56, 88.69, 88.76, 88.87, 88.95, 88.77, 88.96, 88.47, 88.98, 88.76, 88.57, 89.05, 88.85, 88.74, 88.68, 89.02, 89.05, 89.44, 89.51, 89.29, 89.13, 88.67, 89.59, 89.25, 89.12, 89.6, 89.21, 89.43, 89.32, 88.88, 89.42, 89.25, 89.33, 89.47, 89.02, 89.55, 89.55, 89.53, 89.56, 89.57, 89.58, 89.76, 89.69, 89.65, 89.62, 89.72, 89.71, 89.74], "test_loss": [0.3866718392819166, 0.3379438496381044, 0.33948942858725784, 0.31949772641062735, 0.3264113100245595, 0.3164119033329189, 0.32709829647094013, 0.3348741242289543, 0.355331841558218, 0.36123482340946794, 0.3578890137001872, 0.38249792374670505, 0.390340565033257, 0.39790233412757514, 0.40966720778495075, 0.4331372715905309, 0.4336325814202428, 0.44745642334222796, 0.4772293007932603, 0.47575923724099994, 0.47664986017160116, 0.5058376782760025, 0.5210664774850011, 0.5762418850138783, 0.5465358827449381, 0.5584642403200268, 0.5761231253109872, 0.5774003145471215, 0.6171549144759774, 0.6119393005361781, 0.6240996565995738, 0.6859332081861794, 0.6448785652965308, 0.6710772282257677, 0.6671100496221334, 0.6701040646992624, 0.7175083829974755, 0.6928786705527454, 0.6983876064815558, 0.7102234006929211, 0.720274424715899, 0.734767789049074, 0.7423794091329909, 0.7502215532190166, 0.755565541179385, 0.7614436953258701, 0.7663317726040259, 0.7682036587712355, 0.7693994893925264, 0.7696698606526479]}