{"num_param": 32778, "latency": {"mean": 0.000480611252784729, "std": 3.3461060421014814e-05}, "train_acc": [83.10833333333333, 86.71333333333334, 87.98, 88.85166666666667, 89.625, 90.21833333333333, 90.75, 91.21833333333333, 91.54833333333333, 91.85833333333333, 92.25833333333334, 92.49, 92.73666666666666, 92.95166666666667, 93.32833333333333, 93.48833333333333, 93.81666666666666, 94.02833333333334, 94.25833333333334, 94.48166666666667, 94.61666666666666, 94.845, 95.00333333333333, 95.21666666666667, 95.32666666666667, 95.52833333333334, 95.73666666666666, 95.905, 95.95833333333333, 96.19666666666667, 96.27833333333334, 96.455, 96.55666666666667, 96.735, 96.78666666666666, 97.01333333333334, 96.97333333333333, 97.12833333333333, 97.27333333333333, 97.375, 97.41, 97.48333333333333, 97.58333333333333, 97.555, 97.62333333333333, 97.65, 97.70333333333333, 97.72333333333333, 97.77333333333333, 97.76833333333333], "train_loss": [0.4775023888920744, 0.3682199537691971, 0.33052528332298, 0.3042206359592577, 0.281684123504286, 0.2672426575794816, 0.25240738852260014, 0.24038635700009764, 0.23024956855302056, 0.22097101056016982, 0.21196613166170816, 0.2032651772443205, 0.1964212992011259, 0.18900470789521934, 0.18283087286166846, 0.17710326024796813, 0.1706795184702302, 0.16440311130912352, 0.15859088442133118, 0.15350519108586014, 0.14932218020471433, 0.14439407045952976, 0.13934397912118585, 0.13457156254289052, 0.13068762341514228, 0.12650335035131624, 0.1224804936000146, 0.11819892623849834, 0.11529609147187633, 0.1107500800048001, 0.1081644446348461, 0.10414356324045608, 0.10155659016260567, 0.0980793883643734, 0.09610743388300762, 0.09364057152648457, 0.0917352742399089, 0.08908766597043723, 0.08762278362099703, 0.08554397780215367, 0.08391359610056194, 0.08271404185526383, 0.08143495691164086, 0.08033897748527427, 0.07945967005371737, 0.07862216589351495, 0.07804534126926835, 0.07758299627651771, 0.07724272142862901, 0.07704495473609617], "test_acc": [84.64, 85.74, 85.91, 87.63, 87.44, 87.92, 88.01, 87.88, 87.25, 87.62, 88.23, 88.89, 88.83, 88.53, 89.22, 89.03, 89.22, 88.93, 89.32, 89.48, 88.89, 89.24, 89.42, 89.17, 89.6, 89.16, 89.22, 89.45, 89.07, 89.66, 89.34, 89.11, 89.49, 89.54, 89.22, 89.25, 89.54, 89.51, 89.51, 89.3, 89.41, 89.52, 89.38, 89.57, 89.58, 89.48, 89.51, 89.52, 89.54, 89.53], "test_loss": [0.43284252054989336, 0.3962179149314761, 0.37815664142370226, 0.3512555113807321, 0.350911068841815, 0.34489744070917366, 0.34511599931865933, 0.3464030722156167, 0.38100782454013826, 0.35751606587320567, 0.34418608132749795, 0.3360788239911199, 0.3323032429814339, 0.35165471360087397, 0.33693904597312213, 0.34223414592444895, 0.3391210013628006, 0.3429317022114992, 0.34384095948189497, 0.3413837266713381, 0.36301884103566406, 0.3497900180146098, 0.3501299586892128, 0.3583624430373311, 0.35528457097709176, 0.36601219695061443, 0.36374747432768345, 0.36386334225535394, 0.37412433747202156, 0.3742515894398093, 0.3735425203666091, 0.3813379430770874, 0.3768629349023104, 0.38273465817794206, 0.38377960305660963, 0.3879213937930763, 0.38707895018160343, 0.38929210405796766, 0.3891584192961454, 0.3924147023633122, 0.39167230926454066, 0.39312309749424457, 0.3921744293347001, 0.39473214812576773, 0.393492798730731, 0.3931748853251338, 0.3937979467585683, 0.39377351839095354, 0.39379185482859613, 0.39380379736423493]}