{"num_param": 386058, "latency": {"mean": 0.0007582767486572266, "std": 0.0001113937616555624}, "train_acc": [83.96166666666667, 88.57166666666667, 89.87833333333333, 91.02, 91.83166666666666, 92.47666666666667, 93.28333333333333, 93.835, 94.505, 94.83833333333334, 95.33833333333334, 95.68833333333333, 96.15166666666667, 96.53166666666667, 96.80666666666667, 97.15333333333334, 97.54666666666667, 97.71833333333333, 97.94333333333333, 98.255, 98.60166666666667, 98.665, 98.89666666666666, 99.06666666666666, 99.24833333333333, 99.44166666666666, 99.5, 99.60666666666667, 99.76666666666667, 99.735, 99.85833333333333, 99.89666666666666, 99.95166666666667, 99.98666666666666, 99.97333333333333, 100.0, 100.0, 99.99, 99.985, 100.0, 100.0, 100.0, 100.0, 100.0, 100.0, 100.0, 100.0, 100.0, 100.0, 100.0], "train_loss": [0.44767964851732056, 0.31236633310094475, 0.27020008441371224, 0.24069426650491854, 0.21932661346470317, 0.1995495545056959, 0.18134141832590103, 0.1669798601884395, 0.15005362967960537, 0.1371661044439922, 0.12468887969308222, 0.11496873878253003, 0.10492669028656867, 0.09300689624156804, 0.08627098732045851, 0.0776774525444489, 0.06857966778799891, 0.06319300634980513, 0.05649368140807686, 0.048566451326284246, 0.04125971422933314, 0.03798839117645306, 0.03092175595763062, 0.027373944662782985, 0.023373997409435104, 0.01821139786162045, 0.016692588924027706, 0.01269437100260499, 0.009740326114697382, 0.009355543824094639, 0.0070738521101460115, 0.005054391453692612, 0.0034543500143036, 0.001979843180397438, 0.0025119409709350293, 0.0009208754568044242, 0.0005526220080779846, 0.0007797437844298353, 0.0014673616527761625, 0.0003652697725184832, 0.0002927090923367359, 0.0002554598347508848, 0.00022302188856580566, 0.000196738143396639, 0.00016949837833711475, 0.00014919222649723452, 0.00013503435536506457, 0.00012548524776396638, 0.00011953419825204037, 0.0001163963118688116], "test_acc": [85.32, 86.86, 88.19, 88.21, 88.63, 88.53, 88.81, 89.26, 89.09, 89.37, 88.72, 89.02, 88.92, 88.81, 88.51, 89.12, 88.98, 88.83, 88.59, 88.79, 88.97, 88.57, 88.46, 88.7, 88.57, 88.69, 89.09, 88.92, 89.16, 88.96, 88.82, 89.05, 89.21, 89.09, 89.31, 89.33, 89.48, 88.98, 89.49, 89.51, 89.53, 89.47, 89.55, 89.51, 89.44, 89.44, 89.44, 89.5, 89.42, 89.43], "test_loss": [0.4000836272165179, 0.3624877718091011, 0.32421912644058465, 0.33825444120913745, 0.32057773273438217, 0.3397532648220658, 0.3347140387073159, 0.3268061903119087, 0.34596700470894576, 0.34863815546035765, 0.36725010282360016, 0.38587045213207605, 0.3840233894204721, 0.39903290361166, 0.44196606693789364, 0.4210704226884991, 0.44644779939204454, 0.46006763990968463, 0.4809609444439411, 0.5169817687850445, 0.5079260155651718, 0.5475725101679564, 0.5646471783146262, 0.5563931818772108, 0.5606722788326443, 0.5981851645093411, 0.599229915930191, 0.6178077904880047, 0.6213501759711653, 0.661581561435014, 0.6478681365959347, 0.666102380277589, 0.6705075080133974, 0.6985376531351357, 0.6896647158451379, 0.7049222022946924, 0.7064256992819719, 0.7421260053198785, 0.724797428988386, 0.7341240512277, 0.741660915913526, 0.7487406138738152, 0.7567655759258196, 0.7685997277253773, 0.7716770741483197, 0.7772567037539556, 0.7818048944033217, 0.7842544412310235, 0.7855569869664032, 0.7860942125541623]}