{"num_param": 32778, "latency": {"mean": 0.0007811722755432129, "std": 5.5204965213691486e-05}, "train_acc": [82.53, 86.305, 87.44166666666666, 88.19833333333334, 88.99833333333333, 89.67333333333333, 90.03, 90.38166666666666, 90.77666666666667, 91.03833333333333, 91.27833333333334, 91.47, 91.8, 92.15, 92.36333333333333, 92.45333333333333, 92.61333333333333, 92.91166666666666, 93.06666666666666, 93.12333333333333, 93.41666666666667, 93.655, 93.82833333333333, 93.905, 94.08166666666666, 94.30333333333333, 94.37166666666667, 94.54, 94.72166666666666, 94.9, 95.02, 95.065, 95.25666666666666, 95.38833333333334, 95.50333333333333, 95.60666666666667, 95.66333333333333, 95.765, 95.85166666666667, 95.87833333333333, 96.01333333333334, 96.07166666666667, 96.13, 96.225, 96.31333333333333, 96.30833333333334, 96.34666666666666, 96.32666666666667, 96.37, 96.36666666666666], "train_loss": [0.49117202404886484, 0.382498863209039, 0.3464794651108484, 0.3223251993643741, 0.3026566386905809, 0.28450054955047865, 0.27245949425113697, 0.26271291489402454, 0.2505803107408186, 0.24249070073788365, 0.2335468131521096, 0.22843016347537437, 0.21876342682167887, 0.21451079407396415, 0.20776740246762831, 0.2028289326497664, 0.19810425219746927, 0.1913770081785818, 0.18590245564312985, 0.18301078838917118, 0.17725009957173218, 0.1729105709043021, 0.17071964109161247, 0.16524492372448246, 0.1613361857055376, 0.15769699630637965, 0.15335501191051057, 0.14942079616400103, 0.14624904678668826, 0.1427295352704823, 0.13963725275670488, 0.1367126945964992, 0.13406739372294396, 0.13156687000300735, 0.12886908269797762, 0.12642797894931088, 0.12439585031475872, 0.12202124794945121, 0.1205412924126722, 0.11889142834270994, 0.11710125628858804, 0.11594888145802543, 0.11478534256263326, 0.1135759267428269, 0.11258837099342296, 0.11170488683274016, 0.11123416862838591, 0.11071340065992748, 0.11037976495611171, 0.11017274221948659], "test_acc": [84.34, 85.27, 85.81, 86.82, 87.17, 87.49, 88.08, 88.04, 88.25, 88.31, 88.64, 88.27, 88.22, 88.48, 88.54, 88.38, 88.7, 88.76, 88.87, 89.02, 88.64, 88.96, 88.89, 88.94, 88.85, 88.87, 89.05, 89.0, 89.18, 89.16, 88.91, 88.99, 88.9, 88.81, 89.05, 88.8, 88.84, 89.05, 88.91, 88.91, 88.84, 88.86, 89.05, 88.91, 89.04, 89.0, 88.93, 88.9, 88.89, 88.89], "test_loss": [0.4423999748378992, 0.4094414086639881, 0.39064384646713735, 0.3814372199401259, 0.3584693799167871, 0.35168786652386186, 0.3382591637969017, 0.3360800979658961, 0.3399403775110841, 0.33654889173805713, 0.3270180447585881, 0.3326740878261626, 0.3382417329214513, 0.3365954946540296, 0.33547002272680404, 0.3385307266935706, 0.33587448608130216, 0.33697859352454546, 0.33355911906808616, 0.3334702125750482, 0.3437648344412446, 0.3361393180862069, 0.350215149410069, 0.343152235224843, 0.3420894668437541, 0.3495532627403736, 0.34203605774790047, 0.3515271679311991, 0.3470191688463092, 0.34990205988287926, 0.35631804961711167, 0.3507396058738232, 0.35541460871696473, 0.3582055137678981, 0.3575036735646427, 0.35838384939357637, 0.36004540510475636, 0.3596630898304284, 0.3632708204165101, 0.36302843572571875, 0.3625711634196341, 0.36169821076095104, 0.3625709319114685, 0.3622619017586112, 0.3637346921302378, 0.3633272534050047, 0.36289342077448966, 0.36295809350907804, 0.36300004832446575, 0.36301730932667853]}