{"num_param": 125962, "latency": {"mean": 0.0009792306423187255, "std": 0.00011568221596732988}, "train_acc": [70.06, 80.24333333333334, 82.87166666666667, 84.22333333333333, 85.09, 85.81833333333333, 86.26166666666667, 86.79, 87.17333333333333, 87.515, 87.715, 87.94833333333334, 88.24333333333334, 88.36166666666666, 88.59, 88.755, 88.85666666666667, 89.03333333333333, 89.17166666666667, 89.255, 89.395, 89.52333333333333, 89.57333333333334, 89.64833333333333, 89.7, 89.78666666666666, 89.84833333333333, 89.965, 90.00833333333334, 90.07333333333334, 90.115, 90.155, 90.21333333333334, 90.23666666666666, 90.305, 90.33833333333334, 90.37833333333333, 90.37833333333333, 90.40333333333334, 90.43166666666667, 90.45166666666667, 90.44833333333334, 90.45, 90.48166666666667, 90.47833333333334, 90.49833333333333, 90.50166666666667, 90.49666666666667, 90.50333333333333, 90.50166666666667], "train_loss": [0.9824471415330966, 0.5735853831097484, 0.49318287391215565, 0.45162998023132483, 0.42409123060603937, 0.40359323569883904, 0.3874190911526481, 0.3742957380972803, 0.36325327048699063, 0.3541216415601472, 0.3458502076131602, 0.33878836954633396, 0.33242162490884464, 0.32674458916609483, 0.3214740272300939, 0.31665981699402135, 0.31235005975390473, 0.30802921117593846, 0.3043088335481783, 0.3007082363901039, 0.29741733107715845, 0.29437090042357644, 0.291748061121131, 0.28894443290929, 0.28658708012352385, 0.2843321120801071, 0.2823221419689556, 0.2802385709558924, 0.27855902845039965, 0.27692796630163985, 0.2754488144442439, 0.2741026635809491, 0.2728770885430276, 0.2716931043192744, 0.27075747039789955, 0.2698347671640416, 0.2689907666357855, 0.26834135234355927, 0.26775722559541465, 0.2671939653903246, 0.26673790339070064, 0.2663886642456055, 0.26608968308505915, 0.2658266593826314, 0.26562993274070323, 0.2654903586705526, 0.2653818746532003, 0.2653093424687783, 0.26526711373279493, 0.26524640230461954], "test_acc": [77.15, 80.61, 82.18, 83.46, 84.05, 84.5, 85.03, 85.4, 85.75, 86.02, 86.38, 86.47, 86.7, 86.83, 86.86, 86.97, 87.2, 87.16, 87.3, 87.47, 87.64, 87.7, 87.67, 87.63, 87.65, 87.71, 87.82, 87.89, 88.02, 87.94, 87.95, 87.78, 87.89, 87.87, 87.96, 87.85, 87.89, 87.9, 87.94, 87.93, 87.91, 88.0, 87.97, 88.0, 87.98, 87.98, 87.99, 87.99, 87.99, 87.99], "test_loss": [0.6602747240662574, 0.5441728609800339, 0.493083536028862, 0.46205494925379753, 0.4407762938737869, 0.4252163521945477, 0.41247239805758, 0.40254281997680663, 0.3935370460897684, 0.38675759106874463, 0.38003772757947446, 0.3749412930011749, 0.3707783441990614, 0.36620617769658564, 0.3633085697889328, 0.36023826763033867, 0.35645485077053307, 0.35471748929470776, 0.35191204216331246, 0.35042163241654634, 0.3476367188245058, 0.34613919869065285, 0.34432832051068546, 0.34285843785852194, 0.34133174184709786, 0.34020062077790497, 0.33897966355085374, 0.3385430187359452, 0.33743602465838196, 0.33596446231007576, 0.3351237360388041, 0.3346131867542863, 0.3340755521133542, 0.33346711218357084, 0.33319941602647307, 0.33259858217090366, 0.33243195470422504, 0.33203275114297864, 0.33174243979156015, 0.33146439913660286, 0.33133585639297963, 0.3311527551710606, 0.3310240577161312, 0.3309937982261181, 0.3309055766835809, 0.3308563793450594, 0.3308269300684333, 0.33080879509449007, 0.33080326590687037, 0.3308013490214944]}