{"num_param": 754698, "latency": {"mean": 0.0007606661319732666, "std": 0.00011082479026743009}, "train_acc": [84.23333333333333, 88.80833333333334, 90.265, 91.20166666666667, 91.98666666666666, 92.67833333333333, 93.41666666666667, 93.75, 94.685, 94.93, 95.37, 95.66833333333334, 96.155, 96.62333333333333, 96.95, 97.17166666666667, 97.46333333333334, 97.75, 98.04333333333334, 98.32166666666667, 98.49166666666666, 98.73666666666666, 98.91666666666667, 99.10166666666667, 99.125, 99.43333333333334, 99.47833333333334, 99.615, 99.64666666666666, 99.77666666666667, 99.91666666666667, 99.775, 99.90666666666667, 99.97, 99.995, 100.0, 100.0, 99.93166666666667, 100.0, 100.0, 100.0, 100.0, 100.0, 100.0, 100.0, 100.0, 100.0, 100.0, 100.0, 100.0], "train_loss": [0.43604817818229397, 0.30407666906714437, 0.26327524582855405, 0.2349225366457055, 0.21455476007113855, 0.1975730121321976, 0.17655924781536061, 0.16473023945465684, 0.14429540921080236, 0.1353964869173554, 0.12480264796176925, 0.11431317071042334, 0.10330445584841072, 0.09132930774901372, 0.08332666345018272, 0.07561813588797425, 0.0694141307840861, 0.06030128843345058, 0.053696005952951965, 0.04691566538150558, 0.04204974476403246, 0.03537620590444324, 0.03032151767135171, 0.02596635640579431, 0.0239345294872813, 0.01815633583930321, 0.01576385867070106, 0.013028986392722193, 0.011043686397788405, 0.00817811438954474, 0.004429580313850844, 0.007400072827622352, 0.004173310073801986, 0.0020429404440589377, 0.0010748720343265934, 0.0004726587011358182, 0.00035226977274608847, 0.0026813312669204, 0.000437913391345622, 0.00026584288721096525, 0.00021705911784086613, 0.00018560384081865776, 0.00015985945540554288, 0.0001343871120775475, 0.00011382327879289278, 9.835510944583348e-05, 8.723400067083276e-05, 7.97729761188748e-05, 7.508927319046659e-05, 7.27239743616792e-05], "test_acc": [85.34, 87.29, 88.49, 88.33, 89.26, 88.86, 89.05, 89.46, 89.33, 89.31, 88.68, 89.52, 89.59, 89.83, 88.9, 89.89, 89.4, 89.1, 89.38, 89.75, 89.55, 89.22, 89.6, 89.64, 89.79, 89.75, 89.87, 89.47, 89.96, 89.8, 89.68, 89.68, 90.04, 89.84, 90.04, 89.99, 90.06, 90.13, 90.19, 90.23, 90.33, 90.28, 90.35, 90.38, 90.36, 90.38, 90.39, 90.5, 90.38, 90.41], "test_loss": [0.4052431656047702, 0.3497985148429871, 0.3195049450919032, 0.33921749610453844, 0.2988629382289946, 0.32318841507658363, 0.32323652151972054, 0.3120811503380537, 0.331122882142663, 0.33999628487974404, 0.3459116620570421, 0.3561389135196805, 0.3592603073455393, 0.37076763808727264, 0.4053219337388873, 0.3936346250586212, 0.4241181099973619, 0.4622771091386676, 0.4597019972465932, 0.4732723163068295, 0.47896637411788107, 0.5002106495201588, 0.5025449386518449, 0.5241899524070323, 0.5303496345691383, 0.5576952642388642, 0.5696356457751244, 0.599540781751275, 0.5661169381532818, 0.596160643438343, 0.6227737261820585, 0.6259384452458471, 0.6333822420239449, 0.6283001662837342, 0.6413352562766522, 0.647217908827588, 0.6578527403995394, 0.6772523426823318, 0.6714453919790685, 0.6750804418325425, 0.6821951645798982, 0.6917996687814594, 0.6979564576409757, 0.7065986732952296, 0.7115918284282088, 0.7186809741146862, 0.7219980799965561, 0.7254194965213537, 0.7270982232689858, 0.7274296639859676]}