{"num_param": 754698, "latency": {"mean": 0.0006859192132949829, "std": 4.157749900300409e-05}, "train_acc": [84.36, 88.705, 90.13333333333334, 91.09, 91.89833333333333, 92.59833333333333, 93.34166666666667, 93.925, 94.27, 94.95666666666666, 95.30333333333333, 95.94, 96.22333333333333, 96.44333333333333, 96.82666666666667, 97.04166666666667, 97.49333333333334, 97.855, 98.07833333333333, 98.27, 98.49666666666667, 98.76666666666667, 98.78333333333333, 99.08166666666666, 99.19333333333333, 99.395, 99.455, 99.665, 99.7, 99.80166666666666, 99.76166666666667, 99.91833333333334, 99.89666666666666, 99.95, 100.0, 100.0, 100.0, 100.0, 99.94333333333333, 100.0, 100.0, 100.0, 100.0, 100.0, 100.0, 100.0, 100.0, 100.0, 100.0, 100.0], "train_loss": [0.43357780142997704, 0.30535942073290545, 0.265838330918923, 0.23727765723131597, 0.21516484146627288, 0.19691763781942428, 0.1782200676156208, 0.16353854888739686, 0.14994560131337495, 0.1359178342918555, 0.1252720653824508, 0.11032991646556184, 0.10178166560091388, 0.09338163786373722, 0.08461801738633463, 0.07840067848291558, 0.06881123693427071, 0.05904835280040667, 0.0545073389444345, 0.04673138939988954, 0.04196828600290852, 0.035159884942768255, 0.033332035161583916, 0.0255348088019673, 0.02358773391933937, 0.018224837620121736, 0.017175337974719394, 0.011549810947896427, 0.01000853202842336, 0.0078114580038709394, 0.009098323027798566, 0.004043074159199023, 0.004601522068051054, 0.002931217357169468, 0.0009297202228814664, 0.0005357265697769738, 0.00042530820278443573, 0.00035396956942956116, 0.002262659676557632, 0.0003796316460829985, 0.000234407658535171, 0.00019318198478003977, 0.00016453250036950825, 0.00014218743509748796, 0.0001237851482589273, 0.00010763231291813706, 9.548327411418237e-05, 8.765625177299323e-05, 8.256162110721259e-05, 7.993697008487288e-05], "test_acc": [86.39, 87.46, 87.6, 88.14, 88.73, 89.2, 88.91, 89.25, 88.9, 88.58, 89.5, 89.4, 88.71, 89.16, 88.9, 89.36, 88.59, 88.97, 89.21, 88.86, 89.24, 88.5, 89.14, 88.97, 89.16, 89.05, 89.04, 89.01, 88.89, 89.18, 89.27, 89.68, 89.11, 89.56, 89.6, 89.62, 89.84, 89.59, 89.87, 89.85, 89.91, 89.87, 89.93, 89.9, 90.0, 90.02, 90.07, 90.02, 90.02, 90.04], "test_loss": [0.37318637426942586, 0.34374948985874654, 0.34088003877550366, 0.33151565756648776, 0.32022187661379575, 0.3170454541966319, 0.33588351830840113, 0.32846642458811404, 0.3537653090432286, 0.36375656371936205, 0.3522001643385738, 0.36656716180965304, 0.3861290555074811, 0.4093452702369541, 0.4240291510988027, 0.4197747026383877, 0.44130275793373586, 0.4500194576382637, 0.4808932431787252, 0.49156869207508863, 0.5068209932930767, 0.5635095166414976, 0.5362788654305041, 0.5791493614763021, 0.5656931842723861, 0.5946866810834035, 0.608200115780346, 0.6266083366482053, 0.6472918521333486, 0.6361842111591249, 0.6450402587186546, 0.6549435614212417, 0.6930749898962677, 0.6707625750440639, 0.6821750762336888, 0.69162446990842, 0.7060108660848345, 0.7315332548553124, 0.7216325043619145, 0.7272368404688314, 0.7341874477802776, 0.7403278377634706, 0.7488463356846478, 0.7563305751618463, 0.7617917974560987, 0.7675411589525174, 0.7723009178577922, 0.7749039259366691, 0.77646616031765, 0.7767475290596485]}