{"num_param": 432138, "latency": {"mean": 0.0013596981048583983, "std": 0.000157208122479007}, "train_acc": [82.74333333333334, 87.42333333333333, 88.56166666666667, 89.285, 89.96666666666667, 90.37333333333333, 90.68666666666667, 91.19666666666667, 91.52, 91.755, 92.09, 92.39333333333333, 92.84333333333333, 92.77166666666666, 93.33666666666667, 93.51, 93.91666666666667, 94.07666666666667, 94.57166666666667, 94.77666666666667, 95.025, 95.38833333333334, 95.61166666666666, 95.87, 96.265, 96.57833333333333, 96.87333333333333, 97.02166666666666, 97.41, 97.66, 97.90666666666667, 98.185, 98.395, 98.56666666666666, 98.87, 99.05, 99.19, 99.36333333333333, 99.48833333333333, 99.625, 99.73166666666667, 99.81666666666666, 99.88, 99.92, 99.92833333333333, 99.945, 99.96333333333334, 99.96833333333333, 99.97166666666666, 99.97666666666667], "train_loss": [0.47972307782620194, 0.34349154997617004, 0.3093158851377666, 0.28734744547555846, 0.27183553083178896, 0.2580585937652116, 0.2490722078581651, 0.23693068789007762, 0.22699135969082515, 0.2178669815758864, 0.20879755231551825, 0.20291574850678443, 0.19244541456146785, 0.18808353712161383, 0.17672643102239818, 0.170529675767757, 0.161992414125707, 0.1555970666029801, 0.1457536509586498, 0.13976531804694484, 0.1325823109325332, 0.1243639227245391, 0.11869875478247802, 0.11237390909576789, 0.10358527443604544, 0.09547403408912941, 0.08745819541664483, 0.08150095880652468, 0.07487548228508482, 0.0673968785033018, 0.06099555703306881, 0.055157295646495186, 0.04867850436324564, 0.04414871437387774, 0.03785359088544889, 0.033068483951113496, 0.028988609345882044, 0.024926148048349812, 0.02164325177000137, 0.018322080521126435, 0.01570471164479386, 0.013868032695415118, 0.01203889602443572, 0.010725398519474159, 0.009758193148009013, 0.008950070905363343, 0.008360481283937892, 0.007934170561250842, 0.0076599786367660275, 0.007498215136365616], "test_acc": [85.36, 86.15, 87.82, 87.66, 88.14, 88.45, 88.67, 89.28, 88.7, 89.13, 89.16, 88.7, 89.05, 89.31, 89.16, 88.78, 89.31, 89.47, 88.73, 89.48, 88.93, 89.79, 89.32, 89.24, 89.08, 88.94, 89.54, 89.11, 89.22, 89.44, 88.77, 89.69, 89.2, 89.42, 89.65, 89.4, 89.44, 89.55, 89.53, 89.38, 89.36, 89.46, 89.43, 89.3, 89.44, 89.38, 89.42, 89.41, 89.43, 89.44], "test_loss": [0.39769773557782173, 0.3758907436206937, 0.3370480554178357, 0.34489308174699546, 0.32835100527852773, 0.3325413260981441, 0.3175035310909152, 0.30556762486696243, 0.3292645787447691, 0.3159545623883605, 0.30641130106523634, 0.3287798646464944, 0.32093826301395895, 0.3115979242697358, 0.3203507347404957, 0.3318854198604822, 0.33171355724334717, 0.3426947116106749, 0.33667055156081915, 0.34209703221917154, 0.348833490498364, 0.33637665040791037, 0.36308478984981774, 0.36880855418741704, 0.3736986041814089, 0.39591751610860226, 0.3806401825509965, 0.4128679644688964, 0.41580087453126907, 0.4175871278531849, 0.44197664491832256, 0.43483250729739664, 0.4539842499233782, 0.46146896481513977, 0.4635451511852443, 0.4824683065805584, 0.4897219989262521, 0.5006109203957021, 0.508479140009731, 0.5211171595193446, 0.5298954509105533, 0.5349284985475242, 0.5430867346096784, 0.54592111277394, 0.5494343617884442, 0.5522649185173214, 0.5544061356689781, 0.5552421786356717, 0.5562255223328247, 0.5563914300315083]}