{"num_param": 863242, "latency": {"mean": 0.0009752530336380005, "std": 0.0001121272927529827}, "train_acc": [74.335, 83.325, 85.75, 87.27166666666666, 88.26, 89.06666666666666, 89.845, 90.57333333333334, 91.18333333333334, 91.68166666666667, 92.23166666666667, 92.64333333333333, 93.22666666666667, 93.645, 94.03166666666667, 94.47166666666666, 94.8, 95.20333333333333, 95.50333333333333, 95.87166666666667, 96.135, 96.39166666666667, 96.69, 96.96166666666667, 97.22166666666666, 97.44166666666666, 97.67166666666667, 97.88333333333334, 98.055, 98.18666666666667, 98.36, 98.44833333333334, 98.63333333333334, 98.70166666666667, 98.79, 98.88, 98.94833333333334, 98.99166666666666, 99.03333333333333, 99.07833333333333, 99.13166666666666, 99.135, 99.18166666666667, 99.18333333333334, 99.21333333333334, 99.22166666666666, 99.22666666666667, 99.23333333333333, 99.24, 99.24333333333334], "train_loss": [0.8178040024886528, 0.4894414454326034, 0.413262466105322, 0.36926618017877144, 0.33783729566882054, 0.3131871567480266, 0.29233314024905366, 0.2740478626638651, 0.2582431816123426, 0.24302336742480596, 0.22988568450634678, 0.21769723248668016, 0.20503357203056416, 0.19396436191784838, 0.18341562224552035, 0.17318059698057672, 0.16356997911818325, 0.1540899976187696, 0.14568119276314972, 0.1374888800922781, 0.1296055988393103, 0.12301100482853751, 0.11620046528521925, 0.10920847995051493, 0.10319574884915103, 0.09759855838492512, 0.09200277523913732, 0.087044039927423, 0.08209231653871636, 0.07856078814249486, 0.07426725161029026, 0.07054819842955719, 0.067098955034744, 0.06435184069133053, 0.06162877190237244, 0.059170082908434174, 0.057072905659054714, 0.055185332554392515, 0.05360414317653825, 0.052175812794982145, 0.05088256593250359, 0.04985339081458127, 0.048985947718222934, 0.0482420840614941, 0.04767102186994938, 0.04724565962057871, 0.04689858506976937, 0.04666550945412989, 0.04651495896745473, 0.04643251344483967], "test_acc": [80.49, 83.56, 84.88, 85.72, 86.36, 86.41, 86.58, 86.85, 87.14, 87.0, 87.29, 87.32, 87.54, 87.3, 87.7, 87.52, 87.59, 87.71, 87.58, 87.62, 87.58, 87.65, 87.66, 87.66, 87.63, 87.53, 87.51, 87.41, 87.48, 87.39, 87.34, 87.38, 87.42, 87.35, 87.26, 87.4, 87.31, 87.25, 87.33, 87.29, 87.29, 87.17, 87.23, 87.21, 87.2, 87.18, 87.22, 87.2, 87.23, 87.23], "test_loss": [0.5753203447163105, 0.48017115212976935, 0.43383038640022276, 0.40990254454314706, 0.38992247126996515, 0.3804334878176451, 0.37186403416097163, 0.3645381040498614, 0.3579783095046878, 0.35625353012233973, 0.3526577485352755, 0.3531502677500248, 0.34977495908737183, 0.35196118116378783, 0.34936088517308234, 0.35040986616164443, 0.3515324798971415, 0.35078395444899796, 0.35510148011147974, 0.3548235423117876, 0.36310401897877453, 0.35953568655997514, 0.3614863993600011, 0.36431638166308405, 0.3673104526847601, 0.37010981794446707, 0.3739011863619089, 0.3787885843217373, 0.37850982539355754, 0.3824624793604016, 0.3836754510551691, 0.39098349172621966, 0.39072638034820556, 0.3921750284358859, 0.39677950080484153, 0.39734081700444224, 0.40003946620970965, 0.4010833942145109, 0.40175556365400555, 0.40244203511625526, 0.4047919459268451, 0.40526307724416255, 0.40595237251371147, 0.40707079742103813, 0.40758558638393877, 0.4076287155598402, 0.4078916522115469, 0.40795576516538856, 0.40804788485169413, 0.4080496368557215]}