{"num_param": 684042, "latency": {"mean": 0.00034597069691545283, "std": 2.7500591943749518e-05}, "train_acc": [34.874, 40.816, 43.338, 45.402, 46.758, 48.056, 49.054, 49.684, 50.664, 51.18, 51.606, 52.428, 53.022, 53.432, 53.718, 54.182, 54.58, 55.098, 55.39, 55.858, 55.884, 56.21, 56.73, 56.832, 57.006, 57.416, 57.388, 57.914, 57.674, 58.206, 58.442, 58.634, 58.674, 58.904, 59.002, 59.27, 59.624, 60.0, 59.59, 59.72, 60.226, 60.434, 60.406, 60.632, 60.844, 60.868, 61.012, 61.336, 61.57, 61.516, 61.72, 61.878, 61.942, 61.96, 62.498, 62.354, 62.538, 62.772, 62.968, 62.95, 62.968, 63.154, 62.966, 63.412, 63.248, 63.372, 63.722, 63.878, 63.998, 64.162, 64.49, 64.218, 64.42, 64.458, 64.58, 64.79, 64.698, 64.858, 64.804, 65.392, 65.106, 64.86, 65.444, 65.582, 65.668, 65.602, 65.988, 65.986, 65.932, 66.108, 65.988, 66.256, 66.45, 66.848, 66.382, 66.692, 66.734, 67.018, 66.884, 67.218, 67.206, 67.25, 67.268, 67.508, 67.508, 67.752, 67.774, 67.712, 68.218, 68.132, 68.232, 68.144, 68.19, 68.534, 68.394, 68.652, 68.6, 68.698, 68.706, 68.846, 68.76, 69.09, 69.252, 69.308, 69.47, 69.35, 69.87, 69.588, 69.618, 69.828, 70.012, 69.986, 69.76, 69.844, 70.148, 70.356, 70.288, 70.034, 70.144, 70.616, 70.602, 70.34, 70.836, 70.894, 70.8, 70.58, 70.816, 71.008, 71.222, 70.962, 70.772, 70.964, 71.09, 71.278, 71.584, 71.478, 71.44, 71.64, 71.374, 71.824, 71.68, 71.742, 71.772, 71.952, 71.838, 71.796, 71.994, 72.164, 71.886, 71.948, 71.94, 72.224, 71.776, 72.258, 71.946, 72.142, 72.166, 72.18, 72.388, 72.306, 72.338, 72.458, 72.546, 72.22, 72.184, 72.5, 72.496, 72.264, 72.412, 72.442, 72.676, 72.4, 72.55, 72.458, 72.59, 72.658, 72.106, 72.61, 72.708, 72.22], "train_loss": [1.9596629938252523, 1.6881493780754806, 1.59304520089277, 1.5313819429467141, 1.4916172498552294, 1.453511905837959, 1.4258131786408672, 1.4059092845202865, 1.3780297888675257, 1.3605886046427302, 1.3470542647101829, 1.3306965165922295, 1.3204579481846692, 1.3039803202153777, 1.2946533171015524, 1.2790152057576316, 1.2707434298896056, 1.2634360145393733, 1.2512789241259326, 1.2386202189835385, 1.2345859781717994, 1.229609333736654, 1.2222931839988083, 1.214751175024993, 1.2087114848391947, 1.196296435285667, 1.1981541571217473, 1.1890248913301236, 1.1865995806985685, 1.1776407003326441, 1.1719009611214573, 1.1666121085103476, 1.161250701830773, 1.157584368305487, 1.1502937319106348, 1.1446339374387866, 1.1423052911642493, 1.1313178249070528, 1.1339965378025443, 1.129494363691131, 1.122188239584195, 1.1175522382489702, 1.111411462551649, 1.1025917562093022, 1.1009181054143362, 1.1018873374010612, 1.0974160165490818, 1.0933692593339615, 1.0886774301261988, 1.086797993418046, 1.080974685558507, 1.0743049096771333, 1.0712899804039027, 1.075703242880674, 1.0628936261758541, 1.0643456069536874, 1.0593431334577916, 1.0543437810258383, 1.0499394985245956, 1.0490496629564257, 1.047126037870091, 1.0397656936334327, 1.0419123249220223, 1.0352353089830468, 1.0348252855427205, 1.0295260634776193, 1.026334001079097, 1.0193257042405244, 1.017724053511159, 1.0176497059263485, 1.0096142374965829, 1.0111461755219593, 1.0073749288220628, 1.004075246309517, 1.0052610100917303, 0.9971262934073681, 0.9943712289067925, 0.9958820462379406, 0.9902143374476308, 0.9827233744941304, 0.9844008455731056, 0.9872821907698155, 0.978372327406591, 0.9778833322165033, 0.9718735596917031, 0.9725247547554802, 0.9646710988160363, 0.9633612718364022, 0.9625379504756293, 0.959888767524934, 0.9579456112778347, 0.9557273724448276, 0.9521241062967273, 0.9457105156212988, 0.9475072279086268, 0.9449223157540393, 0.9391125208356788, 0.936327156945062, 0.933688890091212, 0.9267430876549131, 0.92846840560932, 0.9267146767177264, 0.9242920808241448, 0.9216709715467344, 0.9160373128917227, 0.9146821858481726, 0.9137138108831907, 0.9120175702520006, 0.9031265656954192, 0.9065442367654082, 0.9010733101166599, 0.899581619698652, 0.8971728349601468, 0.8959032377789437, 0.8937929695184919, 0.889605173394227, 0.8915123622232878, 0.8859522252302481, 0.8870709984445907, 0.8845441715120888, 0.8831996841836418, 0.8806136910418098, 0.8728242818163666, 0.8698784257842422, 0.8650782907230307, 0.8670074597086879, 0.8576004449099359, 0.8643740813509441, 0.8634078249630833, 0.862400420968226, 0.8537188653601184, 0.8541267958498886, 0.8577652951119729, 0.8526267596566365, 0.8489450822445497, 0.8367557464237787, 0.8443453136309552, 0.8432942837266989, 0.8432516484442081, 0.8331680819916557, 0.8357001443131947, 0.840868445176462, 0.8321543816222035, 0.8274938024756852, 0.8316226722487866, 0.8304798827671653, 0.8264574481749947, 0.8230157595030101, 0.8194025022931688, 0.8250091937170987, 0.8277072786178943, 0.8243268027529835, 0.8251391457809673, 0.8089135041316198, 0.8146345440539045, 0.8118160431078437, 0.809207801111829, 0.8048852976323394, 0.8101532048166218, 0.8031738530117506, 0.8024014883787298, 0.801060800608045, 0.8036023063760344, 0.8001887927014173, 0.8044431989229572, 0.8000847471309486, 0.7971763120808055, 0.7956875172739828, 0.7960703023259486, 0.7977706539424962, 0.7945778955462951, 0.7964509821098277, 0.7986186464780123, 0.7905718089103394, 0.7945238851387381, 0.7927477996050358, 0.7913256720023054, 0.7943355476368107, 0.7890239490847974, 0.7899647292729303, 0.7885090280860491, 0.7829942991355254, 0.7890771874158107, 0.7886945304585358, 0.7886835998132758, 0.7858764021845102, 0.7880629112685406, 0.7882975864433281, 0.7877634374933676, 0.7804458507230018, 0.7825699624386798, 0.7858342794714566, 0.7843041969123591, 0.7822279507390826, 0.7841391535386472, 0.7816312157489974, 0.7909491217182145, 0.7794669619257909, 0.7810349467085937, 0.7879200068446054], "test_acc": [41.07, 42.27, 45.75, 46.28, 47.53, 47.93, 49.01, 50.26, 50.34, 51.18, 51.09, 51.9, 52.22, 52.77, 53.1, 52.14, 53.11, 54.45, 53.71, 54.16, 52.84, 54.68, 54.97, 54.26, 55.67, 54.32, 56.13, 55.63, 55.06, 55.75, 55.82, 56.28, 56.02, 56.34, 56.28, 55.22, 56.03, 56.52, 56.96, 57.23, 56.7, 57.65, 57.48, 57.05, 57.55, 57.18, 57.32, 57.51, 57.52, 57.53, 58.14, 57.34, 57.51, 57.89, 58.33, 58.12, 57.87, 57.91, 58.33, 57.9, 58.87, 58.81, 58.98, 58.49, 58.27, 58.03, 58.6, 58.82, 58.79, 59.06, 59.18, 59.53, 58.29, 59.1, 58.42, 58.95, 59.61, 59.03, 59.26, 59.5, 59.29, 59.18, 58.83, 59.56, 59.28, 59.59, 59.44, 59.85, 60.06, 60.07, 60.09, 60.34, 59.95, 59.74, 60.04, 59.77, 59.54, 59.81, 59.62, 60.55, 60.03, 60.04, 60.43, 60.53, 61.14, 60.47, 60.19, 60.36, 60.71, 60.56, 60.17, 60.22, 60.45, 61.09, 60.43, 60.89, 60.74, 60.74, 61.28, 61.63, 61.05, 61.33, 61.41, 60.99, 61.21, 61.36, 61.79, 61.27, 60.79, 61.11, 61.49, 60.93, 61.02, 61.18, 61.38, 61.15, 60.82, 61.37, 61.38, 60.9, 61.3, 61.21, 61.26, 61.44, 61.34, 61.42, 61.38, 61.4, 61.31, 61.9, 61.36, 61.45, 61.7, 61.8, 61.58, 61.71, 61.86, 61.71, 61.9, 61.75, 62.08, 61.98, 61.9, 61.85, 61.63, 61.61, 61.86, 61.72, 61.77, 61.79, 61.8, 61.91, 61.9, 61.87, 61.78, 61.83, 61.82, 62.01, 61.96, 61.96, 61.91, 61.99, 61.95, 61.94, 62.02, 61.98, 61.98, 62.01, 61.98, 62.05, 62.02, 61.98, 62.04, 61.97, 61.99, 61.98, 61.97, 61.97, 61.98, 61.98],