{"num_param": 8511498, "latency": {"mean": 0.0006928042062936118, "std": 0.0004303617634768688}, "train_acc": [35.376, 42.082, 44.926, 46.41, 47.65, 48.71, 49.644, 50.382, 51.356, 52.05, 52.558, 53.276, 53.746, 54.338, 54.87, 55.122, 55.47, 56.008, 56.514, 56.898, 57.22, 57.628, 57.804, 58.214, 58.616, 58.688, 59.114, 59.268, 59.304, 59.824, 59.876, 60.458, 60.82, 60.812, 61.226, 61.224, 61.774, 62.154, 62.088, 62.284, 62.416, 62.916, 63.328, 63.458, 63.67, 63.74, 64.0, 63.838, 64.018, 64.412, 64.836, 65.02, 65.266, 65.16, 65.64, 65.592, 65.78, 66.108, 66.106, 66.238, 66.644, 66.626, 66.842, 66.93, 67.142, 67.6, 67.516, 67.96, 67.908, 68.234, 68.066, 68.544, 68.622, 68.912, 68.778, 68.886, 69.336, 69.416, 69.52, 69.64, 69.908, 70.29, 70.238, 70.378, 70.504, 70.76, 70.73, 70.774, 71.298, 71.6, 71.454, 71.824, 71.652, 71.932, 71.96, 72.358, 72.598, 72.858, 72.58, 72.644, 72.738, 73.266, 73.186, 73.382, 73.414, 73.704, 73.8, 73.82, 73.992, 74.302, 74.584, 74.854, 74.58, 74.632, 74.836, 74.946, 75.234, 75.082, 75.302, 75.614, 75.54, 75.594, 75.848, 76.144, 76.216, 76.242, 76.408, 76.484, 76.692, 76.712, 76.914, 77.024, 77.154, 77.316, 77.248, 77.328, 77.61, 77.4, 77.512, 77.98, 77.912, 77.696, 78.02, 78.342, 78.208, 78.52, 78.382, 78.584, 78.682, 78.402, 78.384, 78.788, 78.786, 78.926, 79.156, 79.042, 79.32, 79.47, 79.384, 79.374, 79.526, 79.744, 79.758, 79.956, 79.798, 79.696, 79.854, 79.97, 79.982, 79.706, 80.242, 80.078, 79.828, 80.086, 80.072, 80.186, 80.306, 80.242, 80.602, 80.35, 80.542, 80.346, 80.646, 80.342, 80.504, 80.34, 80.608, 80.608, 80.266, 80.456, 80.6, 80.562, 80.45, 80.576, 80.484, 80.5, 80.684, 80.914, 80.6, 80.612], "train_loss": [1.8040816066971361, 1.6059853000207658, 1.5363467182017867, 1.4910354273332973, 1.4582547407766526, 1.4247718564760814, 1.4009896783743314, 1.380449321051858, 1.3559894902692418, 1.3350945247798414, 1.3215070007629908, 1.3054836232999312, 1.295603879620765, 1.2786471816643796, 1.2651458195364789, 1.2512376521233175, 1.23906791053822, 1.2280881412503664, 1.2183531488048214, 1.2053798994267513, 1.199047039467329, 1.1877287839058492, 1.1816192330722235, 1.1755271854495208, 1.1625338191415588, 1.1555017987963334, 1.145002954294494, 1.1368120521287923, 1.1345232218332346, 1.1272715511264058, 1.1178842842083136, 1.1109398233532066, 1.1008538118327038, 1.0976376984261276, 1.090703197343183, 1.085318216816859, 1.0763809184805369, 1.0705580771617682, 1.0636484689691168, 1.0606293941604275, 1.0511245004694505, 1.0428123475646485, 1.0355289222259059, 1.0304647449568458, 1.0239710144827325, 1.0177159365826667, 1.0161380922458756, 1.0099311049024189, 1.0042872501731452, 1.0018313319654093, 0.9937288297038771, 0.9834263248277336, 0.9777482457063325, 0.9806330219454591, 0.9709030806789472, 0.967236221408661, 0.9608104115713123, 0.9579142160089216, 0.9499347450179468, 0.945510413867117, 0.9436935988360312, 0.9382654890294114, 0.9339239230082726, 0.9290139591243888, 0.923782170352765, 0.9176730031167858, 0.9156032970755511, 0.9064881309666698, 0.9028252361298218, 0.8987350627274675, 0.8967399568376218, 0.8905376498506989, 0.884759252203327, 0.882479340581656, 0.8830255848318053, 0.872655002966342, 0.8682178309996466, 0.8626937838753903, 0.8592477602906816, 0.8555023474565165, 0.8536887644615527, 0.8459744542284189, 0.8407706915188202, 0.8334675363371636, 0.832122343896828, 0.8306589473994664, 0.8244128674554734, 0.823273820234123, 0.8122797072963385, 0.808846985920072, 0.8056943054696496, 0.8047704305773886, 0.7995355488471473, 0.7971715249850516, 0.7881328967314688, 0.7849744901356602, 0.7818349496683705, 0.771640856450594, 0.7730580962245768, 0.7728026360368698, 0.7698704256167872, 0.7583582797591227, 0.7566248076280874, 0.753150081937693, 0.7529266608196119, 0.7450283010629073, 0.7381571219544035, 0.7408359130452401, 0.7334484981369377, 0.731130002041467, 0.7240207781794737, 0.7198701590223336, 0.7186904439007862, 0.7152531538075235, 0.712520367124488, 0.7145700854840983, 0.703685767962928, 0.7027666684018444, 0.7028697380558925, 0.6934759964450231, 0.6921716074072545, 0.6926914391251459, 0.6812155393648819, 0.6786854120778183, 0.676294082366955, 0.6717343509998065, 0.669438447781808, 0.6673367025946778, 0.6682114581591184, 0.667208308784228, 0.6565137342695845, 0.656543084980964, 0.6569624985934677, 0.6463827852133521, 0.6468559573341927, 0.6415968057213879, 0.6368131003106015, 0.6406147838954505, 0.6362893323599339, 0.625921222561838, 0.629754342953898, 0.6319532970053525, 0.6278555365285275, 0.6195246132516129, 0.6236529786256514, 0.6149616874206242, 0.6145321485787267, 0.6138160742881278, 0.6067643217070318, 0.6115970454647689, 0.6136895547443983, 0.6028451225312185, 0.6052843485306412, 0.6001890100638835, 0.599556272285761, 0.595841432010525, 0.5937545962789008, 0.5888145513741999, 0.5888610112785302, 0.5895715696035252, 0.5851589165537386, 0.576304500921369, 0.5818021483552509, 0.5774654147435059, 0.5773707411739968, 0.5787322643908338, 0.5764355202248976, 0.5765822525883971, 0.5683455546163094, 0.577794160519894, 0.5671582812692443, 0.5688348196098916, 0.5742476478323902, 0.5697449091166468, 0.5661555304312965, 0.5657635898122556, 0.5638141515006335, 0.566258220139102, 0.5581422583250685, 0.5649687435504189, 0.5594355093502342, 0.5611582422916201, 0.5611091214765438, 0.5645045392782506, 0.560341353827917, 0.561553147860391, 0.5551264982000804, 0.5564354975980135, 0.5616114924370442, 0.5585579846867063, 0.5562496449290677, 0.5566717005660727, 0.560313376235184, 0.5542660345938902, 0.5595518035321989, 0.5577587775900359, 0.556262097361373, 0.5486133030150384, 0.559916044303567, 0.5574116164190374], "test_acc": [41.62, 43.61, 46.46, 46.55, 48.33, 48.75, 51.07, 51.56, 51.74, 52.58, 52.76, 54.67, 53.97, 54.08, 54.72, 54.66, 55.5, 56.1, 55.13, 56.38, 55.62, 56.74, 57.78, 57.07, 58.35, 57.43, 58.61, 58.42, 58.09, 58.01, 58.0, 57.82, 59.37, 60.27, 59.31, 58.62, 59.2, 59.77, 59.27, 60.08, 60.06, 60.4, 60.94, 60.43, 60.68, 60.59, 61.04, 61.3, 60.71, 61.06, 60.91, 61.02, 60.73, 61.41, 61.36, 61.71, 61.91, 61.37, 62.3, 61.39, 63.34, 62.1, 62.21, 62.19, 62.28, 62.2, 62.1, 61.98, 61.72, 62.91, 62.3, 62.56, 62.49, 62.27, 62.27, 62.72, 62.79, 62.82, 62.84, 62.7, 62.24, 63.0, 62.8, 63.41, 63.64, 62.73, 62.5, 63.19, 63.11, 61.88, 63.23, 63.26, 63.38, 63.85, 62.82, 62.78, 63.54, 63.21, 63.04, 63.37, 63.65, 63.25, 63.34, 63.63, 63.93, 63.44, 62.81, 63.12, 62.98, 63.07, 62.98, 63.29, 63.26, 63.56, 63.22, 63.82, 63.5, 63.5, 63.14, 63.58, 63.44, 63.55, 64.26, 63.11, 63.5, 63.39, 63.95, 63.52, 63.96, 64.26, 64.41, 63.78, 64.19, 64.1, 63.79, 63.83, 63.85, 64.42, 63.99, 64.06, 64.21, 64.49, 64.02, 64.3, 64.07, 64.47, 64.33, 64.09, 64.23, 64.0, 64.02, 63.81, 64.21, 64.3, 64.27, 64.38, 64.43, 64.27, 64.25, 64.19, 64.18, 64.41, 64.47, 64.14, 64.11, 64.1, 64.42, 64.14, 64.41, 64.43, 64.44, 64.37, 64.32, 64.55, 64.31, 64.4, 64.2, 64.51, 64.53, 64.56, 64.51, 64.5, 64.42, 64.56, 64.64, 64.61, 64.64, 64.62, 64.61, 64.59, 64.52, 64.63, 64.6, 64.59, 64.58, 64.58, 64.56, 64.56, 64.55, 64.55],