{"num_param": 573450, "latency": {"mean": 0.00044618782524864515, "std": 0.0001585398898133287}, "train_acc": [35.778, 42.662, 45.312, 46.772, 48.494, 49.4, 50.456, 51.036, 52.024, 52.502, 52.776, 53.67, 54.07, 54.794, 54.936, 55.34, 55.72, 56.104, 56.296, 56.688, 57.132, 57.218, 57.5, 57.552, 57.874, 58.122, 58.252, 58.776, 58.566, 59.126, 58.83, 59.592, 59.574, 59.664, 59.878, 60.166, 60.37, 60.548, 60.232, 60.21, 60.848, 60.928, 60.828, 61.19, 61.494, 61.496, 61.426, 61.632, 61.88, 61.994, 61.768, 62.142, 62.456, 62.118, 62.79, 62.748, 62.554, 62.858, 63.108, 63.086, 63.208, 63.192, 63.308, 63.264, 63.45, 63.626, 63.69, 63.544, 64.246, 63.902, 64.334, 64.152, 64.468, 64.302, 64.464, 64.32, 64.398, 64.692, 64.818, 64.908, 64.934, 64.912, 65.182, 65.11, 65.38, 65.124, 65.456, 65.678, 65.696, 65.724, 65.52, 66.202, 65.662, 65.822, 66.224, 66.264, 66.198, 66.312, 66.502, 66.508, 66.568, 66.592, 66.588, 66.664, 66.86, 66.648, 66.872, 67.048, 67.234, 67.002, 67.126, 67.506, 67.064, 67.326, 67.176, 67.374, 67.718, 67.498, 67.836, 67.638, 67.476, 67.814, 67.89, 68.06, 68.1, 68.202, 68.406, 68.126, 68.188, 68.558, 68.432, 68.366, 68.412, 68.608, 68.826, 68.452, 68.752, 68.612, 68.722, 69.062, 68.938, 68.556, 69.124, 69.154, 69.438, 69.344, 69.146, 69.25, 69.45, 69.196, 69.646, 69.432, 69.366, 69.838, 69.64, 69.828, 69.658, 69.832, 69.762, 70.044, 69.704, 70.1, 69.824, 70.126, 69.796, 70.102, 69.998, 70.112, 70.22, 69.942, 70.262, 69.956, 70.08, 69.888, 70.18, 70.322, 70.212, 70.368, 70.572, 70.248, 70.43, 70.46, 70.34, 70.39, 70.234, 70.606, 70.42, 70.23, 70.128, 70.352, 70.366, 70.35, 70.368, 70.436, 70.254, 70.32, 70.332, 70.574, 70.528, 70.43], "train_loss": [1.8335727854409587, 1.6118961976112955, 1.5366264769684712, 1.4879264465449182, 1.4538592959701138, 1.4210557710338845, 1.3959346636700767, 1.3781034225313158, 1.3516680282884428, 1.3330164403772018, 1.3222303379825193, 1.3050960558618556, 1.300797982011479, 1.2801444623535898, 1.271168375007632, 1.259452555359592, 1.2501016585627047, 1.240309937329759, 1.2295854953108731, 1.2209607810449388, 1.214430165534895, 1.2073463150422237, 1.203595954870003, 1.1951677585288796, 1.189610951349511, 1.1792086812829026, 1.176349619070994, 1.165130736197864, 1.1668698798748292, 1.1567338970480863, 1.1576774417019318, 1.1502262916003598, 1.1444906364704506, 1.1430850686435126, 1.1359856696900692, 1.1306802637288758, 1.1268859605566477, 1.1195633588352802, 1.1191406612470984, 1.11722344568122, 1.109539943327144, 1.1069506841139083, 1.1034375889821457, 1.0982749800383091, 1.0920254551899105, 1.0877634338171758, 1.090440661306192, 1.08599399271411, 1.0813363924174453, 1.0770792614856899, 1.0783854049898003, 1.072584892455691, 1.0647436827135177, 1.0714177441993586, 1.0616424529886521, 1.0560851401422395, 1.0574652789421595, 1.0544383951432417, 1.0485653093207439, 1.0504302176160074, 1.044563869482725, 1.0422642200670407, 1.0416036949124157, 1.0401902675666796, 1.0323345957851837, 1.0322900972378537, 1.0310980128845342, 1.0258894673693433, 1.022610312726966, 1.0228426792418737, 1.0155448432694776, 1.0181898769475066, 1.014642381813003, 1.0147078763347974, 1.009715900730797, 1.0068764086724549, 1.0028824369951614, 1.003728165831691, 0.9990969830152703, 0.9958106066962502, 0.9991629643655326, 0.9948279995874038, 0.9907028771178965, 0.9900081438737578, 0.9821096733641487, 0.9849722808702436, 0.9799781136229033, 0.980524706958733, 0.9746111984712073, 0.974281861739363, 0.972692221307785, 0.9682449981217497, 0.9702238727477751, 0.9688939584498976, 0.9633225386751362, 0.9628734138632766, 0.9611135360451746, 0.9591057249276362, 0.9576216559721275, 0.9532199128079857, 0.9578777759104147, 0.9479517534384725, 0.9519690892975528, 0.9479162970835477, 0.9444196928180492, 0.9458494214621097, 0.9376773919269051, 0.9397426682714461, 0.933017613677283, 0.9348383888516454, 0.9337272091851506, 0.9265886737189839, 0.9317970987473706, 0.9264827805761336, 0.9266532998548741, 0.9255982454358502, 0.9222949977227685, 0.9207803514510183, 0.9194632060658985, 0.9203565925531333, 0.9209069428120525, 0.9181759419993415, 0.9107075580517908, 0.9092330319410094, 0.9083213056804122, 0.9064460802711284, 0.9029458483594088, 0.9046589922462605, 0.9039120657544676, 0.9018115447411077, 0.8985847286017217, 0.8985826882580802, 0.8990748053510755, 0.8945385241119509, 0.8897389856120065, 0.8921321978839025, 0.8879345286487389, 0.893178862462956, 0.8900769024953885, 0.8835675885909197, 0.883384681956858, 0.8879395888943132, 0.8824278905615925, 0.8748847371061415, 0.8772553425337059, 0.8758462354950773, 0.8732074667304582, 0.879266186662004, 0.8720520731354858, 0.876560565968469, 0.8745414728891064, 0.8721452460827465, 0.8729151934480637, 0.8604120925612275, 0.8694666122215647, 0.8651874421959265, 0.8641899438599936, 0.8622626420479894, 0.8637025110895483, 0.8558852575905264, 0.8607985586290243, 0.850939507810107, 0.8597586907146073, 0.8547506017594938, 0.8577550150649486, 0.8531279202004846, 0.8558497779352575, 0.85466629331568, 0.8541123810214105, 0.8512539582723848, 0.8509139778022192, 0.8566238049010169, 0.8559922651076118, 0.8543327062540305, 0.848569929752301, 0.8490870448922165, 0.8524397409885112, 0.848515421952945, 0.8421565410958142, 0.849973820907827, 0.8473786050054559, 0.8477497967252042, 0.8469901233625503, 0.8454341424327589, 0.8490345392826651, 0.8445833936114382, 0.8455044955720675, 0.8463600653718849, 0.8456673521836904, 0.8436687550556942, 0.8459639233690153, 0.845724982782121, 0.8456047081024465, 0.845736826297494, 0.84778430890137, 0.8467215793642262, 0.8443648910110605, 0.8420851755355767, 0.8415238428825151, 0.8422534097598595], "test_acc": [42.36, 44.02, 45.84, 47.83, 47.85, 48.9, 50.85, 51.25, 50.35, 50.95, 51.05, 52.07, 52.72, 53.22, 54.07, 54.19, 53.15, 54.46, 53.93, 54.47, 54.29, 54.71, 55.29, 55.68, 55.51, 54.4, 56.09, 56.0, 55.63, 56.0, 56.02, 56.47, 57.55, 57.74, 57.65, 57.42, 56.49, 57.61, 57.76, 58.54, 58.18, 58.22, 59.12, 58.38, 58.47, 58.93, 58.82, 58.84, 59.08, 58.5, 59.2, 59.64, 58.41, 58.42, 59.72, 59.33, 59.04, 59.8, 60.08, 59.5, 60.74, 60.17, 60.17, 60.26, 59.79, 60.41, 59.1, 59.85, 59.97, 60.4, 59.94, 60.29, 59.98, 60.25, 61.1, 60.47, 60.61, 60.07, 60.6, 60.46, 60.3, 60.71, 60.1, 60.6, 60.44, 60.78, 60.4, 60.92, 61.06, 60.84, 60.95, 60.42, 61.14, 61.52, 61.1, 61.26, 61.88, 61.8, 61.28, 61.22, 61.07, 61.46, 61.32, 61.22, 61.39, 61.54, 61.42, 61.38, 60.92, 61.31, 61.79, 61.73, 61.63, 62.21, 61.23, 62.15, 61.75, 61.95, 61.96, 61.53, 61.92, 62.23, 62.42, 62.21, 62.44, 62.19, 62.72, 62.55, 62.37, 62.47, 62.64, 62.37, 62.22, 62.33, 62.11, 62.22, 62.12, 62.68, 62.68, 62.46, 62.78, 62.4, 62.35, 62.35, 62.45, 62.58, 62.81, 62.53, 62.72, 62.86, 62.72, 62.63, 62.69, 63.16, 62.98, 63.43, 63.11, 63.07, 63.26, 63.45, 63.23, 63.2, 63.36, 63.25, 63.21, 63.27, 63.17, 63.26, 63.22, 63.01, 63.29, 63.3, 63.34, 63.29, 63.12, 63.22, 63.26, 63.27, 63.2, 63.29, 63.46, 63.2, 63.28, 63.39, 63.42, 63.38, 63.41, 63.39, 63.45, 63.38, 63.43, 63.39, 63.42, 63.43, 63.43, 63.45, 63.45, 63.43, 63.43, 63.43],