{"num_param": 2170890, "latency": {"mean": 0.0010754044444416277, "std": 0.0006324316783344469}, "train_acc": [34.678, 41.424, 43.854, 45.466, 46.794, 47.648, 48.646, 49.072, 50.14, 50.648, 50.898, 51.548, 52.034, 52.67, 52.868, 53.178, 53.642, 54.114, 54.55, 55.004, 55.352, 55.442, 55.682, 55.99, 56.372, 56.606, 56.93, 57.152, 57.108, 57.538, 57.752, 58.106, 58.384, 58.518, 58.732, 58.986, 59.214, 59.476, 59.366, 59.684, 59.66, 59.75, 60.102, 60.478, 60.664, 60.748, 60.972, 60.754, 61.076, 61.338, 61.29, 61.938, 61.836, 61.844, 62.102, 62.1, 62.54, 62.738, 62.988, 62.87, 62.758, 63.138, 63.178, 63.346, 63.79, 63.6, 63.746, 63.974, 63.992, 64.06, 64.196, 64.244, 64.67, 64.614, 64.634, 64.968, 64.83, 64.896, 65.42, 65.478, 65.558, 65.874, 65.588, 65.97, 65.772, 66.018, 66.134, 66.062, 66.108, 66.486, 66.644, 66.822, 66.736, 67.174, 67.072, 67.248, 67.246, 67.408, 67.148, 67.452, 67.568, 67.59, 67.868, 67.914, 67.904, 68.154, 67.974, 68.028, 68.482, 68.51, 68.484, 68.788, 68.674, 68.876, 69.066, 68.918, 69.066, 69.056, 69.142, 69.602, 69.514, 69.454, 69.37, 69.634, 69.842, 69.87, 69.922, 69.96, 70.086, 70.002, 70.402, 70.082, 70.316, 70.422, 70.502, 70.658, 70.814, 70.57, 70.806, 70.538, 71.208, 70.816, 70.936, 70.926, 71.054, 71.036, 71.164, 71.394, 71.19, 70.984, 71.17, 71.268, 71.724, 71.556, 71.672, 71.722, 71.756, 71.414, 71.948, 71.886, 72.022, 71.984, 71.938, 72.1, 72.218, 72.162, 72.208, 71.868, 72.228, 72.152, 72.504, 72.326, 71.88, 72.296, 72.01, 72.372, 72.284, 72.388, 72.656, 72.582, 72.744, 72.588, 72.582, 72.47, 72.404, 72.534, 72.534, 72.41, 72.162, 72.806, 72.638, 72.582, 72.512, 72.682, 72.482, 72.394, 72.528, 72.548, 72.634, 72.854], "train_loss": [1.828225016441394, 1.6315184861364382, 1.5649672950297995, 1.5200380375960356, 1.487375628734657, 1.4571916376713065, 1.4332948120374063, 1.4170915364303882, 1.3933412004035783, 1.379317429572134, 1.3658904314651295, 1.3532545168431844, 1.3421377738316853, 1.3277309069782972, 1.3153007319548613, 1.304788967583779, 1.290843354343834, 1.2841801068680605, 1.2745368226704807, 1.2596674131340349, 1.2542402949458273, 1.2448251609686316, 1.2417788852199254, 1.2339902642211011, 1.2213342820156559, 1.2147467032656483, 1.2127361291505858, 1.20080119817591, 1.1971384787971364, 1.1915226086011241, 1.1844800476149269, 1.1811543009026417, 1.1683653849710354, 1.1678138340198299, 1.1586490349745187, 1.1534022504293377, 1.1494271870766857, 1.1452679067030216, 1.142632231793187, 1.1360183617127528, 1.1315034311395842, 1.1244644119963765, 1.1176276058625962, 1.108959419522923, 1.1079097642245692, 1.1033882223408114, 1.1016254753007846, 1.0980789325821498, 1.0912454261355726, 1.0884379004715194, 1.0804307956536916, 1.0763986059205317, 1.0703608924314447, 1.0727827410932846, 1.0646933141573836, 1.0625671838539499, 1.0568054139194623, 1.054994139603446, 1.0483427257470725, 1.0451485163800929, 1.0441774620471365, 1.039101867380618, 1.0369795866296296, 1.0335183879616774, 1.0273056211413594, 1.0250418778992736, 1.0241940259857203, 1.0136773721842298, 1.015230654487988, 1.0104352973511184, 1.006802090756495, 1.0072304130325085, 0.9971977193540132, 0.9963428728373022, 0.997899452025358, 0.9920303240389833, 0.9881164390767757, 0.983253747434549, 0.9773575813436234, 0.9785530270862031, 0.9751941069379039, 0.9647473662004818, 0.9659796019090114, 0.9650893038232893, 0.9614069987891656, 0.9615545468267842, 0.9541780123211829, 0.9536814001875662, 0.9520983642023187, 0.945439425555087, 0.9422216530762951, 0.9361749071382363, 0.9385701598872455, 0.9349570265200683, 0.9327638364150901, 0.9269333512868473, 0.9254555347365442, 0.9240000514708036, 0.917538717722786, 0.916398714291157, 0.9188231403676653, 0.9130257624925441, 0.9081433269738083, 0.9070898737956222, 0.9048125258982372, 0.9008130237069255, 0.901894444238659, 0.8990253451270166, 0.890905973015881, 0.8912441556414045, 0.8867426576975898, 0.8804701348374612, 0.88186318507884, 0.8804631705705126, 0.8735181421365634, 0.8756507972418613, 0.8716859392302203, 0.8756323870717144, 0.8734121937364321, 0.8652165414275683, 0.8660977310235883, 0.8654780373196531, 0.862114765117051, 0.8521758666880529, 0.85430285101965, 0.853078233570299, 0.8521608180978401, 0.8502314927214929, 0.8520953107246282, 0.8470813488052659, 0.8403856962709494, 0.8433068052210719, 0.8462802196876101, 0.8411880738828248, 0.8351887669116353, 0.8308080245460063, 0.8308754224122828, 0.8331256807803803, 0.8304476232118356, 0.8279494140785776, 0.8232265976820706, 0.8231425065301735, 0.8210462044998383, 0.8208535828616325, 0.8206066869423317, 0.819624202598842, 0.8140032197410146, 0.8145800887279914, 0.8134306373881439, 0.8201170951719094, 0.8150319967678702, 0.8118667566883053, 0.8067030376031928, 0.8074801766902914, 0.8112673078373466, 0.8020168362865826, 0.8014636527477589, 0.806168555374414, 0.8028513511746492, 0.8003969622283735, 0.7983656652028639, 0.7943552979008937, 0.7917410255203016, 0.7936166823100983, 0.7911877376638158, 0.7878212061015292, 0.7881970305665517, 0.7913403505136474, 0.7908245107148293, 0.7896778020276065, 0.7829884709033612, 0.7860342623595618, 0.7921319507439016, 0.7864919264043514, 0.7859558576356884, 0.780201883801877, 0.786795748344081, 0.785614134044275, 0.7790103145730244, 0.7813803472544852, 0.7781904374302311, 0.7800371583386713, 0.780033375827151, 0.7832307982963396, 0.7829792199040252, 0.7838560422109017, 0.78176473251765, 0.7836872168404889, 0.7837460979733495, 0.7771087800243766, 0.7797586675912085, 0.7810528506968774, 0.7808602907035264, 0.7768273851998098, 0.7840467880188619, 0.7824827123740813, 0.7781712451731633, 0.779674602981111, 0.7787812001340602, 0.7770220937442108], "test_acc": [41.45, 43.33, 45.37, 46.34, 47.32, 47.88, 49.34, 50.34, 50.3, 51.42, 51.27, 52.26, 52.01, 52.84, 52.97, 52.38, 53.16, 53.98, 53.13, 54.37, 52.74, 54.67, 55.17, 55.02, 55.66, 54.84, 55.91, 56.61, 55.82, 55.83, 55.76, 56.0, 57.12, 57.93, 56.76, 57.07, 57.22, 57.58, 57.9, 57.75, 58.22, 58.15, 58.36, 58.14, 58.4, 58.17, 58.31, 59.2, 58.61, 57.98, 58.2, 58.38, 58.33, 58.81, 59.28, 59.48, 59.33, 60.13, 59.76, 59.27, 59.92, 59.82, 59.74, 60.01, 60.01, 59.97, 60.1, 59.91, 59.79, 59.93, 60.25, 60.48, 60.59, 60.11, 60.54, 60.48, 60.04, 60.59, 60.45, 60.25, 60.35, 60.19, 60.34, 60.91, 61.17, 60.9, 60.77, 61.13, 60.98, 60.61, 61.01, 60.54, 60.93, 61.38, 61.1, 60.46, 61.13, 60.8, 61.3, 61.16, 61.43, 61.22, 61.22, 61.37, 61.92, 61.51, 61.47, 61.65, 61.44, 61.25, 61.02, 61.74, 61.64, 60.94, 61.52, 62.19, 61.75, 61.98, 61.9, 61.94, 61.52, 62.18, 62.14, 61.64, 62.14, 61.55, 62.29, 62.37, 61.87, 62.05, 62.42, 61.5, 61.91, 62.22, 62.28, 62.24, 62.21, 62.57, 62.4, 62.1, 62.34, 62.62, 62.01, 62.1, 62.15, 62.23, 62.17, 62.49, 62.41, 62.1, 62.11, 62.21, 62.27, 62.28, 62.38, 62.3, 62.26, 62.29, 62.27, 62.68, 62.63, 62.41, 62.33, 62.15, 62.38, 62.27, 62.63, 62.53, 62.45, 62.39, 62.4, 62.34, 62.36, 62.44, 62.5, 62.35, 62.49, 62.35, 62.42, 62.42, 62.4, 62.43, 62.34, 62.3, 62.32, 62.32, 62.33, 62.3, 62.39, 62.3, 62.28, 62.26, 62.28, 62.28, 62.3, 62.33, 62.34, 62.31, 62.31, 62.31],