{"num_param": 4284426, "latency": {"mean": 0.0013467227193875054, "std": 0.0008352140369838058}, "train_acc": [35.168, 41.762, 44.408, 46.096, 47.09, 48.282, 49.154, 49.582, 50.812, 51.192, 51.554, 52.516, 52.692, 53.522, 53.78, 54.248, 54.702, 54.94, 55.468, 55.994, 56.534, 56.42, 56.852, 56.946, 57.758, 57.606, 58.204, 58.388, 58.446, 58.952, 59.08, 59.208, 59.494, 59.912, 60.126, 60.062, 60.63, 60.618, 61.074, 61.128, 61.324, 61.786, 61.82, 61.956, 62.318, 62.21, 62.334, 62.546, 62.972, 62.952, 63.06, 63.42, 63.622, 63.572, 64.06, 64.078, 64.2, 64.454, 64.616, 64.822, 64.72, 65.112, 65.242, 65.256, 65.6, 65.81, 66.002, 66.274, 66.196, 66.506, 66.344, 66.43, 66.768, 66.712, 66.906, 67.058, 67.3, 67.516, 67.36, 68.078, 67.732, 67.888, 67.998, 68.668, 68.35, 68.586, 68.75, 68.62, 68.846, 69.108, 69.458, 69.132, 69.476, 69.636, 69.65, 69.93, 69.756, 70.06, 70.222, 70.336, 70.5, 70.758, 70.542, 70.766, 71.164, 71.124, 71.176, 71.296, 71.304, 71.732, 71.714, 71.816, 71.972, 71.886, 72.02, 72.08, 72.112, 72.496, 72.498, 72.54, 72.672, 72.536, 73.078, 73.156, 73.156, 73.34, 73.142, 73.196, 73.504, 73.602, 73.702, 73.806, 73.612, 73.786, 73.956, 74.174, 74.25, 74.258, 74.254, 74.618, 74.456, 74.424, 74.556, 74.53, 74.922, 75.072, 74.834, 74.914, 75.108, 74.98, 75.242, 75.148, 75.154, 75.404, 75.586, 75.806, 75.656, 75.97, 75.934, 76.028, 75.604, 76.036, 75.988, 76.028, 76.292, 76.072, 76.272, 76.262, 76.266, 76.36, 76.316, 76.218, 76.18, 76.466, 76.232, 76.474, 76.498, 76.604, 76.604, 76.682, 76.562, 76.538, 76.44, 76.53, 76.572, 76.42, 76.802, 76.75, 76.396, 76.628, 76.704, 76.684, 76.572, 76.59, 76.936, 76.644, 76.776, 76.768, 76.94, 76.734], "train_loss": [1.8155234888891951, 1.6205116788012357, 1.5514609962415786, 1.503751994247095, 1.472784218159686, 1.4412906222898687, 1.4179789657327355, 1.3986270310630116, 1.3755490599880598, 1.359496630351664, 1.3431539771576684, 1.3227090247151796, 1.3182500622551638, 1.3024924838306502, 1.2883774917322477, 1.276849400173451, 1.2655779114535277, 1.2556167249487367, 1.2469334754895036, 1.232399142749479, 1.224193544206296, 1.21684501877368, 1.2099761867553702, 1.2038701962982319, 1.1914667375790944, 1.1839731898127803, 1.179045632758052, 1.1665559188723182, 1.1653717749788453, 1.1554390366307756, 1.1507725570725083, 1.1433949092604454, 1.1356637275951151, 1.1308943548037773, 1.1250294649440817, 1.1165095510501093, 1.1099979634172095, 1.1031746981773938, 1.0961644728635263, 1.0947029379340065, 1.086883221119547, 1.0779571792900906, 1.0743804116014175, 1.0642309214774417, 1.0629768315333246, 1.0558329472843837, 1.055088077534183, 1.0505388989443971, 1.0444722483917757, 1.0428383209655014, 1.0339533970360564, 1.0299360304022172, 1.0240128805487871, 1.0253131458832527, 1.0144971754409073, 1.0101206307600343, 1.004344147992912, 0.9987837495669598, 0.9960995872510372, 0.990196979110697, 0.9935528139463999, 0.984590220531438, 0.9807163983564383, 0.9795115997565532, 0.9722583448360611, 0.9668371844428972, 0.9616382394512724, 0.954500979574079, 0.9543149958073293, 0.94885754768313, 0.9465295332445217, 0.9449814864442048, 0.9379088235679377, 0.935232646539283, 0.9331516343587801, 0.9275283624328106, 0.9228918628286873, 0.9188241133953773, 0.9156019141753362, 0.9105040343694022, 0.9111546889872255, 0.901993509103149, 0.9010550805146467, 0.8921453296299249, 0.8941453471636818, 0.8879437419709226, 0.885892917540923, 0.8832673981871577, 0.87752422366246, 0.8729457154116872, 0.8670070983054771, 0.8646004115131827, 0.8646303206891947, 0.8592333101875418, 0.8576650768232437, 0.8544001044825873, 0.8511074374519856, 0.8483181382438272, 0.8417016187693473, 0.8406458934071883, 0.8367923027570631, 0.8297610456029803, 0.8303491616966018, 0.8267173462774383, 0.81973095138105, 0.8182403444290466, 0.8165057566939298, 0.8151242431355682, 0.8077501240481342, 0.8057938772596309, 0.8019581978433954, 0.7973760630332425, 0.7988492361510021, 0.7949066939295978, 0.7892277461172141, 0.7926089866795909, 0.7888102896573523, 0.7850592273286879, 0.7842518752840033, 0.7759463883559824, 0.778329789180902, 0.7798120012591454, 0.7638311693474641, 0.7625985692993464, 0.7620316700472408, 0.7592117360823443, 0.7584878152864375, 0.7577045046207772, 0.7520811604484868, 0.74854558717724, 0.7468425300131986, 0.7468471658664564, 0.7447169132897736, 0.7372597879274335, 0.7376234578308355, 0.732577396503108, 0.7342005155060586, 0.7340211277769226, 0.7331326334848667, 0.7225724901439132, 0.7246027810407311, 0.7243352775686609, 0.7243858045366278, 0.7213446142691797, 0.7178280301301508, 0.7109616475652901, 0.7115948702937429, 0.7120025808984319, 0.7037076889629632, 0.7097959184181363, 0.7067875404695022, 0.7034611668502072, 0.7070034003684861, 0.6941006022504866, 0.6971009331525936, 0.6910364808787616, 0.6896628549063885, 0.6888338135494609, 0.690686693509191, 0.6855530117805845, 0.6930200729855192, 0.6783269164810865, 0.6793595416684679, 0.6862714690080607, 0.678219450870082, 0.6818596528782268, 0.6770001068301332, 0.6786709845123273, 0.6789119657670086, 0.6751212067449238, 0.6729618715442912, 0.6753835412110568, 0.6753341850377167, 0.6724911662186862, 0.6704987537018092, 0.6711683543976956, 0.6745851319986357, 0.6700291911417753, 0.6686522402751164, 0.6665702819805152, 0.6649806452384761, 0.6668947748053325, 0.6700490652961908, 0.6699522072812798, 0.6688831126125516, 0.6718808364788081, 0.665492818064592, 0.6629542515816326, 0.6654894755997112, 0.6621320278348636, 0.6643721388077324, 0.665985597034181, 0.665896522392467, 0.6627310133293052, 0.6630723601968641, 0.6658366839815544, 0.6637988338391139, 0.658139424995589, 0.6640269857564952, 0.6633420038780035], "test_acc": [41.38, 43.47, 45.6, 46.48, 48.28, 48.45, 49.97, 51.42, 51.47, 52.31, 52.04, 53.73, 53.25, 53.67, 54.55, 54.19, 54.77, 55.14, 53.99, 55.59, 53.4, 55.51, 57.24, 56.2, 56.78, 56.36, 56.85, 57.75, 56.99, 56.69, 57.07, 56.71, 58.4, 58.57, 58.06, 58.21, 58.55, 58.8, 59.19, 59.15, 59.62, 58.91, 60.06, 59.57, 59.18, 59.85, 59.76, 59.65, 59.85, 59.63, 59.22, 60.0, 58.9, 60.2, 60.69, 60.69, 61.11, 60.94, 60.91, 60.89, 61.51, 61.29, 61.56, 60.98, 61.32, 61.47, 61.01, 60.43, 60.79, 61.34, 61.04, 61.85, 61.95, 61.23, 61.21, 62.04, 61.31, 61.85, 62.34, 61.78, 62.16, 62.38, 61.92, 62.54, 62.25, 62.0, 61.71, 62.41, 61.77, 62.59, 61.37, 62.09, 62.27, 62.88, 62.4, 61.84, 62.2, 62.41, 62.3, 62.14, 62.77, 62.49, 62.52, 62.5, 63.22, 62.61, 61.88, 62.71, 62.47, 61.88, 62.84, 62.66, 62.81, 62.67, 62.99, 63.32, 62.86, 62.88, 62.68, 63.27, 62.79, 63.15, 63.01, 62.82, 63.19, 62.63, 63.58, 63.67, 63.25, 63.34, 63.38, 63.09, 63.12, 63.12, 63.36, 63.21, 63.01, 63.46, 63.11, 63.04, 63.3, 63.29, 63.29, 63.34, 63.46, 63.41, 63.65, 63.81, 63.5, 63.73, 63.64, 63.45, 63.83, 63.77, 63.66, 63.61, 63.67, 63.38, 63.39, 63.8, 63.56, 63.61, 63.6, 63.68, 63.41, 63.56, 63.52, 63.55, 63.53, 63.54, 63.5, 63.55, 63.4, 63.63, 63.56, 63.74, 63.6, 63.79, 63.59, 63.59, 63.56, 63.58, 63.6, 63.68, 63.61, 63.69, 63.62, 63.53, 63.54, 63.59, 63.61, 63.6, 63.54, 63.59, 63.56, 63.55, 63.54, 63.55, 63.55, 63.56],