{
"train_stat": [
[
0,
3.6314830999545125,
16.192
],
[
1,
2.9609288590033644,
27.516
],
[
2,
2.6481695272733488,
33.3
],
[
3,
2.4280530839320034,
38.076
],
[
4,
2.2539837890878665,
41.818
],
[
5,
2.097964390769334,
45.3
],
[
6,
1.9689692920431152,
48.026
],
[
7,
1.8440981639925476,
50.642
],
[
8,
1.7317476745151803,
53.236
],
[
9,
1.6419877914516516,
55.542
],
[
10,
1.5385360711675775,
58.006
],
[
11,
1.4563428828173586,
59.75
],
[
12,
1.3778864620896556,
61.612
],
[
13,
1.2927269792312857,
63.668
],
[
14,
1.2047086730027747,
66.008
],
[
15,
1.1250386416454754,
68.036
],
[
16,
1.0656472446058718,
69.57
],
[
17,
0.9816749028842467,
71.624
],
[
18,
0.9171016755921152,
73.35
],
[
19,
0.8582444987486085,
74.69
]
],
"test_stat": [
[
0,
3.0392117017432105,
26.49,
0.0023448406895504722
],
[
1,
2.7093862672395344,
32.49,
0.002155557463440714
],
[
2,
2.523948738846598,
36.37,
0.002254187306271324
],
[
3,
2.386719649351096,
40.08,
0.002113855337794823
],
[
4,
2.239281587962863,
43.14,
0.0023064492624017257
],
[
5,
2.1351454076887686,
45.92,
0.0022508916975576667
],
[
6,
2.014414530766161,
47.98,
0.002155409583562537
],
[
7,
2.0406896132457106,
47.84,
0.0023640499839299844
],
[
8,
1.9781228635884538,
49.6,
0.0022829906849921506
],
[
9,
1.936481679542155,
51.37,
0.0022850006441526775
],
[
10,
1.9982279010965853,
50.72,
0.002377241472654705
],
[
11,
1.965950119344494,
51.82,
0.0021613972096503537
],
[
12,
1.9792879759510862,
52.33,
0.0024229061754443976
],
[
13,
2.0102407373959505,
52.37,
0.0022373440899426424
],
[
14,
2.0293949027604694,
52.71,
0.0024269894708560994
],
[
15,
2.067696827876417,
53.88,
0.002254751664173754
],
[
16,
2.1081893247894095,
53.38,
0.00231426577024822
],
[
17,
2.146658147437663,
53.77,
0.0024847923954830894
],
[
18,
2.287405127211462,
53.12,
0.0024587806267074392
],
[
19,
2.2842466831207275,
52.84,
0.0023890688449521606
]
],
"num_params": 1765778
}