,method,seed,mse,mean,std,params
0,pair,147,0.1958433836698532,0.3517603278160095,0.26905542612075806,128
1,lowR,147,0.13630247116088867,0.29447677731513977,0.22311507165431976,128
2,pair,258,0.1702578067779541,0.31794917583465576,0.2635096609592438,128
3,lowR,258,0.11062496155500412,0.2652912735939026,0.20100578665733337,128
