,method,seed,mse,mean,std,params
0,pair,147,0.26535332202911377,0.42896926403045654,0.2852341830730438,768
1,lowR,147,0.23848724365234375,0.40494775772094727,0.27298855781555176,768
2,pair,258,0.2598569989204407,0.42552435398101807,0.2807227671146393,768
3,lowR,258,0.2330830991268158,0.39998066425323486,0.2704004943370819,768
